layer,metric,attack,rho,pval,n,family
0,Centroid_Norm,Steering,-0.15384615384615385,0.6330906812462618,12,auss
0,Centroid_Norm,ICL,0.5182002205050367,0.08436211791688125,12,auss
0,Centroid_Norm,GCG,0.6994565338373893,0.011348076764265028,12,auss
0,Centroid_Norm,MIA,0.3216783216783217,0.30790987618065263,12,auss
0,Global_Coherence,Steering,-0.15384615384615385,0.6330906812462618,12,auss
0,Global_Coherence,ICL,0.5182002205050367,0.08436211791688125,12,auss
0,Global_Coherence,GCG,0.6994565338373893,0.011348076764265028,12,auss
0,Global_Coherence,MIA,0.3216783216783217,0.30790987618065263,12,auss
0,Batch_SecondMoment_TopEig,Steering,-0.15384615384615385,0.6330906812462618,12,auss
0,Batch_SecondMoment_TopEig,ICL,0.5182002205050367,0.08436211791688125,12,auss
0,Batch_SecondMoment_TopEig,GCG,0.6994565338373893,0.011348076764265028,12,auss
0,Batch_SecondMoment_TopEig,MIA,0.3216783216783217,0.30790987618065263,12,auss
0,AUSS_L2,Steering,0.15384615384615385,0.6330906812462618,12,auss
0,AUSS_L2,ICL,-0.5182002205050367,0.08436211791688125,12,auss
0,AUSS_L2,GCG,-0.6994565338373893,0.011348076764265028,12,auss
0,AUSS_L2,MIA,-0.3216783216783217,0.30790987618065263,12,auss
0,AUSS_Cos2,Steering,0.15384615384615385,0.6330906812462618,12,auss
0,AUSS_Cos2,ICL,-0.5182002205050367,0.08436211791688125,12,auss
0,AUSS_Cos2,GCG,-0.6994565338373893,0.011348076764265028,12,auss
0,AUSS_Cos2,MIA,-0.3216783216783217,0.30790987618065263,12,auss
0,AUSS_Jac,Steering,0.09859399412855982,0.7604837400712293,12,auss
0,AUSS_Jac,ICL,-0.5907193105983949,0.04312964327820212,12,auss
0,AUSS_Jac,GCG,-0.4374693190784603,0.1549646029430232,12,auss
0,AUSS_Jac,MIA,0.14084856304079976,0.6623867956109181,12,auss
0,Batch_Cov_Trace,Steering,0.15384615384615385,0.6330906812462618,12,auss
0,Batch_Cov_Trace,ICL,-0.5182002205050367,0.08436211791688125,12,auss
0,Batch_Cov_Trace,GCG,-0.6994565338373893,0.011348076764265028,12,auss
0,Batch_Cov_Trace,MIA,-0.3216783216783217,0.30790987618065263,12,auss
0,Batch_Cov_TopEig,Steering,0.08391608391608392,0.7954145018538977,12,auss
0,Batch_Cov_TopEig,ICL,-0.5074043825778483,0.09220241773227436,12,auss
0,Batch_Cov_TopEig,GCG,-0.670005732412657,0.017129817079404436,12,auss
0,Batch_Cov_TopEig,MIA,-0.25874125874125875,0.41677476889913834,12,auss
0,Reg_S_alpha_2,Steering,0.11188811188811189,0.729194990751066,12,entropy
0,Reg_S_alpha_2,ICL,-0.17273340683501218,0.5913771465591904,12,entropy
0,Reg_S_alpha_2,GCG,0.40494851959006745,0.191611357379026,12,entropy
0,Reg_S_alpha_2,MIA,0.0,1.0,12,entropy
0,Reg_MeanCos,Steering,-0.11188811188811189,0.729194990751066,12,entropy
0,Reg_MeanCos,ICL,0.17273340683501218,0.5913771465591904,12,entropy
0,Reg_MeanCos,GCG,-0.40494851959006745,0.191611357379026,12,entropy
0,Reg_MeanCos,MIA,0.0,1.0,12,entropy
0,Reg_MeanL2,Steering,-0.09090909090909093,0.7787253962454419,12,entropy
0,Reg_MeanL2,ICL,-0.24110704704053787,0.450300879899572,12,entropy
0,Reg_MeanL2,GCG,0.40494851959006745,0.191611357379026,12,entropy
0,Reg_MeanL2,MIA,0.44755244755244755,0.14458630130334754,12,entropy
0,AnonDiff_S_alpha_2,Steering,0.2937062937062937,0.35414764123292175,12,entropy
0,AnonDiff_S_alpha_2,ICL,-0.7665044928303666,0.003636747392027501,12,entropy
0,AnonDiff_S_alpha_2,GCG,-0.670005732412657,0.017129817079404436,12,entropy
0,AnonDiff_S_alpha_2,MIA,0.17482517482517487,0.5868236643627043,12,entropy
0,AnonDiff_MeanCos,Steering,-0.1958041958041958,0.5419358857313175,12,entropy
0,AnonDiff_MeanCos,ICL,0.5829752480681661,0.04665076405445745,12,entropy
0,AnonDiff_MeanCos,GCG,0.46385012243953183,0.1287777412760693,12,entropy
0,AnonDiff_MeanCos,MIA,-0.5104895104895105,0.08991373630263913,12,entropy
0,AnonDiff_MeanL2,Steering,-0.25874125874125875,0.41677476889913834,12,entropy
0,AnonDiff_MeanL2,ICL,0.3526640389548166,0.26085771567312754,12,entropy
0,AnonDiff_MeanL2,GCG,0.6994565338373893,0.011348076764265028,12,entropy
0,AnonDiff_MeanL2,MIA,-0.16083916083916086,0.6175234895401425,12,entropy
0,NormAnonDiff_S_alpha_2,Steering,0.2517482517482518,0.42991878503288405,12,entropy
0,NormAnonDiff_S_alpha_2,ICL,-0.7557086549031783,0.004469675250900888,12,entropy
0,NormAnonDiff_S_alpha_2,GCG,-0.6405549309879249,0.024826803450100885,12,entropy
0,NormAnonDiff_S_alpha_2,MIA,0.2517482517482518,0.42991878503288405,12,entropy
0,NormAnonDiff_MeanCos,Steering,-0.1958041958041958,0.5419358857313175,12,entropy
0,NormAnonDiff_MeanCos,ICL,0.5829752480681661,0.04665076405445745,12,entropy
0,NormAnonDiff_MeanCos,GCG,0.46385012243953183,0.1287777412760693,12,entropy
0,NormAnonDiff_MeanCos,MIA,-0.5104895104895105,0.08991373630263913,12,entropy
1,Centroid_Norm,Steering,-0.18181818181818185,0.5717012385276553,12,auss
1,Centroid_Norm,ICL,0.6801377894128605,0.014941090284850573,12,auss
1,Centroid_Norm,GCG,0.6405549309879249,0.024826803450100885,12,auss
1,Centroid_Norm,MIA,-0.18881118881118883,0.5567370561768314,12,auss
1,Global_Coherence,Steering,-0.2377622377622378,0.4568008526399232,12,auss
1,Global_Coherence,ICL,0.701729465267237,0.010972115332928304,12,auss
1,Global_Coherence,GCG,0.6405549309879249,0.024826803450100885,12,auss
1,Global_Coherence,MIA,-0.21678321678321683,0.49855598552418856,12,auss
1,Batch_SecondMoment_TopEig,Steering,-0.18181818181818185,0.5717012385276553,12,auss
1,Batch_SecondMoment_TopEig,ICL,0.6801377894128605,0.014941090284850573,12,auss
1,Batch_SecondMoment_TopEig,GCG,0.6405549309879249,0.024826803450100885,12,auss
1,Batch_SecondMoment_TopEig,MIA,-0.18881118881118883,0.5567370561768314,12,auss
1,AUSS_L2,Steering,0.2377622377622378,0.4568008526399232,12,auss
1,AUSS_L2,ICL,-0.701729465267237,0.010972115332928304,12,auss
1,AUSS_L2,GCG,-0.6405549309879249,0.024826803450100885,12,auss
1,AUSS_L2,MIA,0.21678321678321683,0.49855598552418856,12,auss
1,AUSS_Cos2,Steering,0.18181818181818185,0.5717012385276553,12,auss
1,AUSS_Cos2,ICL,-0.6801377894128605,0.014941090284850573,12,auss
1,AUSS_Cos2,GCG,-0.6405549309879249,0.024826803450100885,12,auss
1,AUSS_Cos2,MIA,0.18881118881118883,0.5567370561768314,12,auss
1,AUSS_Jac,Steering,-0.3076923076923077,0.3305892594121097,12,auss
1,AUSS_Jac,ICL,0.5433905090018093,0.06785677737775374,12,auss
1,AUSS_Jac,GCG,0.03681350178091523,0.9095677779532954,12,auss
1,AUSS_Jac,MIA,0.3636363636363637,0.2452650007307772,12,auss
1,Batch_Cov_Trace,Steering,0.2377622377622378,0.4568008526399232,12,auss
1,Batch_Cov_Trace,ICL,-0.701729465267237,0.010972115332928304,12,auss
1,Batch_Cov_Trace,GCG,-0.6405549309879249,0.024826803450100885,12,auss
1,Batch_Cov_Trace,MIA,0.21678321678321683,0.49855598552418856,12,auss
1,Batch_Cov_TopEig,Steering,0.3916083916083916,0.2080634636953532,12,auss
1,Batch_Cov_TopEig,ICL,-0.5829752480681661,0.04665076405445745,12,auss
1,Batch_Cov_TopEig,GCG,-0.05153890249328131,0.8736141148640144,12,auss
1,Batch_Cov_TopEig,MIA,-0.027972027972027972,0.9312343512018808,12,auss
1,Reg_S_alpha_2,Steering,-0.08391608391608392,0.7954145018538977,12,entropy
1,Reg_S_alpha_2,ICL,-0.19072647004699264,0.5526668271653059,12,entropy
1,Reg_S_alpha_2,GCG,-0.7289073352621214,0.007158925545233372,12,entropy
1,Reg_S_alpha_2,MIA,0.3356643356643357,0.2861229029149875,12,entropy
1,Reg_MeanCos,Steering,0.08391608391608392,0.7954145018538977,12,entropy
1,Reg_MeanCos,ICL,0.19072647004699264,0.5526668271653059,12,entropy
1,Reg_MeanCos,GCG,0.7289073352621214,0.007158925545233372,12,entropy
1,Reg_MeanCos,MIA,-0.3356643356643357,0.2861229029149875,12,entropy
1,Reg_MeanL2,Steering,-0.013986013986013986,0.9655902689187795,12,entropy
1,Reg_MeanL2,ICL,0.1151556045566748,0.7215604859041252,12,entropy
1,Reg_MeanL2,GCG,0.6994565338373893,0.011348076764265028,12,entropy
1,Reg_MeanL2,MIA,0.4755244755244756,0.11817595701303213,12,entropy
1,AnonDiff_S_alpha_2,Steering,0.2517482517482518,0.42991878503288405,12,entropy
1,AnonDiff_S_alpha_2,ICL,-0.7125253031944253,0.009311364660226546,12,entropy
1,AnonDiff_S_alpha_2,GCG,-0.5816533281384606,0.047271455851478274,12,entropy
1,AnonDiff_S_alpha_2,MIA,0.3076923076923077,0.3305892594121097,12,entropy
1,AnonDiff_MeanCos,Steering,-0.1958041958041958,0.5419358857313175,12,entropy
1,AnonDiff_MeanCos,ICL,0.539791896359413,0.07006543453404736,12,entropy
1,AnonDiff_MeanCos,GCG,0.40494851959006745,0.191611357379026,12,entropy
1,AnonDiff_MeanCos,MIA,-0.5664335664335665,0.054842119775407844,12,entropy
1,AnonDiff_MeanL2,Steering,-0.15384615384615385,0.6330906812462618,12,entropy
1,AnonDiff_MeanL2,ICL,0.25910011025251833,0.41610570500180954,12,entropy
1,AnonDiff_MeanL2,GCG,0.7878089381115858,0.002343082256354628,12,entropy
1,AnonDiff_MeanL2,MIA,0.1258741258741259,0.6966831093957659,12,entropy
1,NormAnonDiff_S_alpha_2,Steering,0.16083916083916086,0.6175234895401425,12,entropy
1,NormAnonDiff_S_alpha_2,ICL,-0.7233211411216136,0.00784572027309761,12,entropy
1,NormAnonDiff_S_alpha_2,GCG,-0.5522025267137284,0.06265211852333291,12,entropy
1,NormAnonDiff_S_alpha_2,MIA,0.2867132867132868,0.36625146058358227,12,entropy
1,NormAnonDiff_MeanCos,Steering,-0.1958041958041958,0.5419358857313175,12,entropy
1,NormAnonDiff_MeanCos,ICL,0.539791896359413,0.07006543453404736,12,entropy
1,NormAnonDiff_MeanCos,GCG,0.40494851959006745,0.191611357379026,12,entropy
1,NormAnonDiff_MeanCos,MIA,-0.5664335664335665,0.054842119775407844,12,entropy
2,Centroid_Norm,Steering,-0.0979020979020979,0.762121655996299,12,auss
2,Centroid_Norm,ICL,0.4030446159483618,0.19390858951446524,12,auss
2,Centroid_Norm,GCG,0.49330092386426394,0.10316448622586726,12,auss
2,Centroid_Norm,MIA,-0.3916083916083916,0.2080634636953532,12,auss
2,Global_Coherence,Steering,-0.0979020979020979,0.762121655996299,12,auss
2,Global_Coherence,ICL,0.4030446159483618,0.19390858951446524,12,auss
2,Global_Coherence,GCG,0.49330092386426394,0.10316448622586726,12,auss
2,Global_Coherence,MIA,-0.3916083916083916,0.2080634636953532,12,auss
2,Batch_SecondMoment_TopEig,Steering,-0.0979020979020979,0.762121655996299,12,auss
2,Batch_SecondMoment_TopEig,ICL,0.4030446159483618,0.19390858951446524,12,auss
2,Batch_SecondMoment_TopEig,GCG,0.49330092386426394,0.10316448622586726,12,auss
2,Batch_SecondMoment_TopEig,MIA,-0.3916083916083916,0.2080634636953532,12,auss
2,AUSS_L2,Steering,0.0979020979020979,0.762121655996299,12,auss
2,AUSS_L2,ICL,-0.4030446159483618,0.19390858951446524,12,auss
2,AUSS_L2,GCG,-0.49330092386426394,0.10316448622586726,12,auss
2,AUSS_L2,MIA,0.3916083916083916,0.2080634636953532,12,auss
2,AUSS_Cos2,Steering,0.0979020979020979,0.762121655996299,12,auss
2,AUSS_Cos2,ICL,-0.4030446159483618,0.19390858951446524,12,auss
2,AUSS_Cos2,GCG,-0.49330092386426394,0.10316448622586726,12,auss
2,AUSS_Cos2,MIA,0.3916083916083916,0.2080634636953532,12,auss
2,AUSS_Jac,Steering,0.16083916083916086,0.6175234895401425,12,auss
2,AUSS_Jac,ICL,-0.4570238055843031,0.1352550158894237,12,auss
2,AUSS_Jac,GCG,-0.5816533281384606,0.047271455851478274,12,auss
2,AUSS_Jac,MIA,0.5454545454545455,0.06661188226688902,12,auss
2,Batch_Cov_Trace,Steering,0.0979020979020979,0.762121655996299,12,auss
2,Batch_Cov_Trace,ICL,-0.4030446159483618,0.19390858951446524,12,auss
2,Batch_Cov_Trace,GCG,-0.49330092386426394,0.10316448622586726,12,auss
2,Batch_Cov_Trace,MIA,0.3916083916083916,0.2080634636953532,12,auss
2,Batch_Cov_TopEig,Steering,0.2517482517482518,0.42991878503288405,12,auss
2,Batch_Cov_TopEig,ICL,-0.5253974457898288,0.079394478992384,12,auss
2,Batch_Cov_TopEig,GCG,-0.4491247217271658,0.14300941662472783,12,auss
2,Batch_Cov_TopEig,MIA,0.2447552447552448,0.4432619364501832,12,auss
2,Reg_S_alpha_2,Steering,0.10489510489510491,0.7456094809807079,12,entropy
2,Reg_S_alpha_2,ICL,-0.32027652517325184,0.3101429541975229,12,entropy
2,Reg_S_alpha_2,GCG,-0.46385012243953183,0.1287777412760693,12,entropy
2,Reg_S_alpha_2,MIA,0.6153846153846154,0.03316990109010587,12,entropy
2,Reg_MeanCos,Steering,-0.034965034965034975,0.9140933424107598,12,entropy
2,Reg_MeanCos,ICL,0.3994460033059657,0.1982968098459953,12,entropy
2,Reg_MeanCos,GCG,0.5227517252889962,0.08119677779947733,12,entropy
2,Reg_MeanCos,MIA,-0.5664335664335665,0.054842119775407844,12,entropy
2,Reg_MeanL2,Steering,-0.2027972027972028,0.5273023541661082,12,entropy
2,Reg_MeanL2,ICL,0.327473750458044,0.29877299456472056,12,entropy
2,Reg_MeanL2,GCG,0.6552803317002911,0.020718452537154427,12,entropy
2,Reg_MeanL2,MIA,-0.1188811188811189,0.712884219214772,12,entropy
2,AnonDiff_S_alpha_2,Steering,0.06993006993006995,0.8290236405313092,12,entropy
2,AnonDiff_S_alpha_2,ICL,-0.47861548143867966,0.11546838272073812,12,entropy
2,AnonDiff_S_alpha_2,GCG,-0.5374771260013622,0.07151198097589553,12,entropy
2,AnonDiff_S_alpha_2,MIA,0.4685314685314686,0.124454791188834,12,entropy
2,AnonDiff_MeanCos,Steering,-0.2377622377622378,0.4568008526399232,12,entropy
2,AnonDiff_MeanCos,ICL,0.7341169790488018,0.006560018793524405,12,entropy
2,AnonDiff_MeanCos,GCG,0.3902231188777014,0.20981956135919516,12,entropy
2,AnonDiff_MeanCos,MIA,-0.4265734265734266,0.16669998762494495,12,entropy
2,AnonDiff_MeanL2,Steering,-0.0979020979020979,0.762121655996299,12,entropy
2,AnonDiff_MeanL2,ICL,0.47141825615388744,0.1218369577777449,12,entropy
2,AnonDiff_MeanL2,GCG,0.802534338823952,0.0016794207429574788,12,entropy
2,AnonDiff_MeanL2,MIA,-0.25874125874125875,0.41677476889913834,12,entropy
2,NormAnonDiff_S_alpha_2,Steering,0.11188811188811189,0.729194990751066,12,entropy
2,NormAnonDiff_S_alpha_2,ICL,-0.4246362918027384,0.1688433733543018,12,entropy
2,NormAnonDiff_S_alpha_2,GCG,-0.5374771260013622,0.07151198097589553,12,entropy
2,NormAnonDiff_S_alpha_2,MIA,0.5244755244755246,0.08001937592027475,12,entropy
2,NormAnonDiff_MeanCos,Steering,-0.2377622377622378,0.4568008526399232,12,entropy
2,NormAnonDiff_MeanCos,ICL,0.7341169790488018,0.006560018793524405,12,entropy
2,NormAnonDiff_MeanCos,GCG,0.3902231188777014,0.20981956135919516,12,entropy
2,NormAnonDiff_MeanCos,MIA,-0.4265734265734266,0.16669998762494495,12,entropy
3,Centroid_Norm,Steering,-0.17482517482517487,0.5868236643627043,12,auss
3,Centroid_Norm,ICL,0.4246362918027384,0.1688433733543018,12,auss
3,Centroid_Norm,GCG,0.46385012243953183,0.1287777412760693,12,auss
3,Centroid_Norm,MIA,-0.41958041958041964,0.1745190081300594,12,auss
3,Global_Coherence,Steering,-0.17482517482517487,0.5868236643627043,12,auss
3,Global_Coherence,ICL,0.4246362918027384,0.1688433733543018,12,auss
3,Global_Coherence,GCG,0.46385012243953183,0.1287777412760693,12,auss
3,Global_Coherence,MIA,-0.41958041958041964,0.1745190081300594,12,auss
3,Batch_SecondMoment_TopEig,Steering,-0.17482517482517487,0.5868236643627043,12,auss
3,Batch_SecondMoment_TopEig,ICL,0.4246362918027384,0.1688433733543018,12,auss
3,Batch_SecondMoment_TopEig,GCG,0.46385012243953183,0.1287777412760693,12,auss
3,Batch_SecondMoment_TopEig,MIA,-0.41958041958041964,0.1745190081300594,12,auss
3,AUSS_L2,Steering,0.17482517482517487,0.5868236643627043,12,auss
3,AUSS_L2,ICL,-0.4246362918027384,0.1688433733543018,12,auss
3,AUSS_L2,GCG,-0.46385012243953183,0.1287777412760693,12,auss
3,AUSS_L2,MIA,0.41958041958041964,0.1745190081300594,12,auss
3,AUSS_Cos2,Steering,0.17482517482517487,0.5868236643627043,12,auss
3,AUSS_Cos2,ICL,-0.4246362918027384,0.1688433733543018,12,auss
3,AUSS_Cos2,GCG,-0.46385012243953183,0.1287777412760693,12,auss
3,AUSS_Cos2,MIA,0.41958041958041964,0.1745190081300594,12,auss
3,AUSS_Jac,Steering,-0.013986013986013986,0.9655902689187795,12,auss
3,AUSS_Jac,ICL,-0.5182002205050367,0.08436211791688125,12,auss
3,AUSS_Jac,GCG,-0.40494851959006745,0.191611357379026,12,auss
3,AUSS_Jac,MIA,0.44055944055944063,0.15173503571673022,12,auss
3,Batch_Cov_Trace,Steering,0.17482517482517487,0.5868236643627043,12,auss
3,Batch_Cov_Trace,ICL,-0.4246362918027384,0.1688433733543018,12,auss
3,Batch_Cov_Trace,GCG,-0.46385012243953183,0.1287777412760693,12,auss
3,Batch_Cov_Trace,MIA,0.41958041958041964,0.1745190081300594,12,auss
3,Batch_Cov_TopEig,Steering,0.1958041958041958,0.5419358857313175,12,auss
3,Batch_Cov_TopEig,ICL,-0.3814529400939853,0.2211459448335895,12,auss
3,Batch_Cov_TopEig,GCG,-0.5522025267137284,0.06265211852333291,12,auss
3,Batch_Cov_TopEig,MIA,0.2377622377622378,0.4568008526399232,12,auss
3,Reg_S_alpha_2,Steering,0.10489510489510491,0.7456094809807079,12,entropy
3,Reg_S_alpha_2,ICL,-0.32027652517325184,0.3101429541975229,12,entropy
3,Reg_S_alpha_2,GCG,-0.46385012243953183,0.1287777412760693,12,entropy
3,Reg_S_alpha_2,MIA,0.6153846153846154,0.03316990109010587,12,entropy
3,Reg_MeanCos,Steering,-0.034965034965034975,0.9140933424107598,12,entropy
3,Reg_MeanCos,ICL,0.3994460033059657,0.1982968098459953,12,entropy
3,Reg_MeanCos,GCG,0.5227517252889962,0.08119677779947733,12,entropy
3,Reg_MeanCos,MIA,-0.5664335664335665,0.054842119775407844,12,entropy
3,Reg_MeanL2,Steering,-0.2027972027972028,0.5273023541661082,12,entropy
3,Reg_MeanL2,ICL,0.327473750458044,0.29877299456472056,12,entropy
3,Reg_MeanL2,GCG,0.6552803317002911,0.020718452537154427,12,entropy
3,Reg_MeanL2,MIA,-0.1188811188811189,0.712884219214772,12,entropy
3,AnonDiff_S_alpha_2,Steering,0.1258741258741259,0.6966831093957659,12,entropy
3,AnonDiff_S_alpha_2,ICL,-0.4246362918027384,0.1688433733543018,12,entropy
3,AnonDiff_S_alpha_2,GCG,-0.5374771260013622,0.07151198097589553,12,entropy
3,AnonDiff_S_alpha_2,MIA,0.5454545454545455,0.06661188226688902,12,entropy
3,AnonDiff_MeanCos,Steering,-0.2517482517482518,0.42991878503288405,12,entropy
3,AnonDiff_MeanCos,ICL,0.7341169790488018,0.006560018793524405,12,entropy
3,AnonDiff_MeanCos,GCG,0.3902231188777014,0.20981956135919516,12,entropy
3,AnonDiff_MeanCos,MIA,-0.44755244755244755,0.14458630130334754,12,entropy
3,AnonDiff_MeanL2,Steering,-0.16083916083916086,0.6175234895401425,12,entropy
3,AnonDiff_MeanL2,ICL,0.5505877342866015,0.06358443593924291,12,entropy
3,AnonDiff_MeanL2,GCG,0.817259739536318,0.0011704533668903904,12,entropy
3,AnonDiff_MeanL2,MIA,-0.17482517482517487,0.5868236643627043,12,entropy
3,NormAnonDiff_S_alpha_2,Steering,0.09090909090909093,0.7787253962454419,12,entropy
3,NormAnonDiff_S_alpha_2,ICL,-0.3526640389548166,0.26085771567312754,12,entropy
3,NormAnonDiff_S_alpha_2,GCG,-0.5374771260013622,0.07151198097589553,12,entropy
3,NormAnonDiff_S_alpha_2,MIA,0.5524475524475525,0.06251148327961512,12,entropy
3,NormAnonDiff_MeanCos,Steering,-0.2517482517482518,0.42991878503288405,12,entropy
3,NormAnonDiff_MeanCos,ICL,0.7341169790488018,0.006560018793524405,12,entropy
3,NormAnonDiff_MeanCos,GCG,0.3902231188777014,0.20981956135919516,12,entropy
3,NormAnonDiff_MeanCos,MIA,-0.44755244755244755,0.14458630130334754,12,entropy
4,Centroid_Norm,Steering,-0.16083916083916086,0.6175234895401425,12,auss
4,Centroid_Norm,ICL,0.3814529400939853,0.2211459448335895,12,auss
4,Centroid_Norm,GCG,0.40494851959006745,0.191611357379026,12,auss
4,Centroid_Norm,MIA,-0.3076923076923077,0.3305892594121097,12,auss
4,Global_Coherence,Steering,-0.16083916083916086,0.6175234895401425,12,auss
4,Global_Coherence,ICL,0.3814529400939853,0.2211459448335895,12,auss
4,Global_Coherence,GCG,0.40494851959006745,0.191611357379026,12,auss
4,Global_Coherence,MIA,-0.3076923076923077,0.3305892594121097,12,auss
4,Batch_SecondMoment_TopEig,Steering,-0.16083916083916086,0.6175234895401425,12,auss
4,Batch_SecondMoment_TopEig,ICL,0.3814529400939853,0.2211459448335895,12,auss
4,Batch_SecondMoment_TopEig,GCG,0.40494851959006745,0.191611357379026,12,auss
4,Batch_SecondMoment_TopEig,MIA,-0.3076923076923077,0.3305892594121097,12,auss
4,AUSS_L2,Steering,0.16083916083916086,0.6175234895401425,12,auss
4,AUSS_L2,ICL,-0.3814529400939853,0.2211459448335895,12,auss
4,AUSS_L2,GCG,-0.40494851959006745,0.191611357379026,12,auss
4,AUSS_L2,MIA,0.3076923076923077,0.3305892594121097,12,auss
4,AUSS_Cos2,Steering,0.16083916083916086,0.6175234895401425,12,auss
4,AUSS_Cos2,ICL,-0.3814529400939853,0.2211459448335895,12,auss
4,AUSS_Cos2,GCG,-0.40494851959006745,0.191611357379026,12,auss
4,AUSS_Cos2,MIA,0.3076923076923077,0.3305892594121097,12,auss
4,AUSS_Jac,Steering,0.1188811188811189,0.712884219214772,12,auss
4,AUSS_Jac,ICL,-0.4030446159483618,0.19390858951446524,12,auss
4,AUSS_Jac,GCG,-0.6258295302755588,0.029495858562686078,12,auss
4,AUSS_Jac,MIA,0.49650349650349657,0.10060263183225483,12,auss
4,Batch_Cov_Trace,Steering,0.16083916083916086,0.6175234895401425,12,auss
4,Batch_Cov_Trace,ICL,-0.3814529400939853,0.2211459448335895,12,auss
4,Batch_Cov_Trace,GCG,-0.40494851959006745,0.191611357379026,12,auss
4,Batch_Cov_Trace,MIA,0.3076923076923077,0.3305892594121097,12,auss
4,Batch_Cov_TopEig,Steering,0.18881118881118883,0.5567370561768314,12,auss
4,Batch_Cov_TopEig,ICL,-0.3994460033059657,0.1982968098459953,12,auss
4,Batch_Cov_TopEig,GCG,-0.3754977181653353,0.22904232472888109,12,auss
4,Batch_Cov_TopEig,MIA,0.31468531468531474,0.31913878550330455,12,auss
4,Reg_S_alpha_2,Steering,0.08391608391608392,0.7954145018538977,12,entropy
4,Reg_S_alpha_2,ICL,-0.3346709757428361,0.2876406484043067,12,entropy
4,Reg_S_alpha_2,GCG,-0.7436327359744875,0.00556417471576131,12,entropy
4,Reg_S_alpha_2,MIA,0.3216783216783217,0.30790987618065263,12,entropy
4,Reg_MeanCos,Steering,0.013986013986013986,0.9655902689187795,12,entropy
4,Reg_MeanCos,ICL,0.37425571480919306,0.23071011362431135,12,entropy
4,Reg_MeanCos,GCG,0.7878089381115858,0.002343082256354628,12,entropy
4,Reg_MeanCos,MIA,-0.3076923076923077,0.3305892594121097,12,entropy
4,Reg_MeanL2,Steering,-0.25874125874125875,0.41677476889913834,12,entropy
4,Reg_MeanL2,ICL,0.24830427232533,0.43646546039922485,12,entropy
4,Reg_MeanL2,GCG,0.6552803317002911,0.020718452537154427,12,entropy
4,Reg_MeanL2,MIA,0.4265734265734266,0.16669998762494495,12,entropy
4,AnonDiff_S_alpha_2,Steering,0.1398601398601399,0.6646331617926677,12,entropy
4,AnonDiff_S_alpha_2,ICL,-0.41743906651794616,0.1769584369228486,12,entropy
4,AnonDiff_S_alpha_2,GCG,-0.802534338823952,0.0016794207429574788,12,entropy
4,AnonDiff_S_alpha_2,MIA,0.31468531468531474,0.31913878550330455,12,entropy
4,AnonDiff_MeanCos,Steering,-0.04895104895104895,0.8799185788786749,12,entropy
4,AnonDiff_MeanCos,ICL,0.5937710859953544,0.04179521900345339,12,entropy
4,AnonDiff_MeanCos,GCG,0.3754977181653353,0.22904232472888109,12,entropy
4,AnonDiff_MeanCos,MIA,-0.5104895104895105,0.08991373630263913,12,entropy
4,AnonDiff_MeanL2,Steering,-0.1958041958041958,0.5419358857313175,12,entropy
4,AnonDiff_MeanL2,ICL,0.3382695883852322,0.28216401173268096,12,entropy
4,AnonDiff_MeanL2,GCG,0.802534338823952,0.0016794207429574788,12,entropy
4,AnonDiff_MeanL2,MIA,0.23076923076923078,0.470531995381542,12,entropy
4,NormAnonDiff_S_alpha_2,Steering,0.1398601398601399,0.6646331617926677,12,entropy
4,NormAnonDiff_S_alpha_2,ICL,-0.41743906651794616,0.1769584369228486,12,entropy
4,NormAnonDiff_S_alpha_2,GCG,-0.802534338823952,0.0016794207429574788,12,entropy
4,NormAnonDiff_S_alpha_2,MIA,0.31468531468531474,0.31913878550330455,12,entropy
4,NormAnonDiff_MeanCos,Steering,-0.04895104895104895,0.8799185788786749,12,entropy
4,NormAnonDiff_MeanCos,ICL,0.5937710859953544,0.04179521900345339,12,entropy
4,NormAnonDiff_MeanCos,GCG,0.3754977181653353,0.22904232472888109,12,entropy
4,NormAnonDiff_MeanCos,MIA,-0.5104895104895105,0.08991373630263913,12,entropy
5,Centroid_Norm,Steering,-0.16083916083916086,0.6175234895401425,12,auss
5,Centroid_Norm,ICL,0.3814529400939853,0.2211459448335895,12,auss
5,Centroid_Norm,GCG,0.40494851959006745,0.191611357379026,12,auss
5,Centroid_Norm,MIA,-0.3076923076923077,0.3305892594121097,12,auss
5,Global_Coherence,Steering,-0.16083916083916086,0.6175234895401425,12,auss
5,Global_Coherence,ICL,0.3814529400939853,0.2211459448335895,12,auss
5,Global_Coherence,GCG,0.40494851959006745,0.191611357379026,12,auss
5,Global_Coherence,MIA,-0.3076923076923077,0.3305892594121097,12,auss
5,Batch_SecondMoment_TopEig,Steering,-0.16083916083916086,0.6175234895401425,12,auss
5,Batch_SecondMoment_TopEig,ICL,0.3814529400939853,0.2211459448335895,12,auss
5,Batch_SecondMoment_TopEig,GCG,0.40494851959006745,0.191611357379026,12,auss
5,Batch_SecondMoment_TopEig,MIA,-0.3076923076923077,0.3305892594121097,12,auss
5,AUSS_L2,Steering,0.16083916083916086,0.6175234895401425,12,auss
5,AUSS_L2,ICL,-0.3814529400939853,0.2211459448335895,12,auss
5,AUSS_L2,GCG,-0.40494851959006745,0.191611357379026,12,auss
5,AUSS_L2,MIA,0.3076923076923077,0.3305892594121097,12,auss
5,AUSS_Cos2,Steering,0.16083916083916086,0.6175234895401425,12,auss
5,AUSS_Cos2,ICL,-0.3814529400939853,0.2211459448335895,12,auss
5,AUSS_Cos2,GCG,-0.40494851959006745,0.191611357379026,12,auss
5,AUSS_Cos2,MIA,0.3076923076923077,0.3305892594121097,12,auss
5,AUSS_Jac,Steering,-0.034965034965034975,0.9140933424107598,12,auss
5,AUSS_Jac,ICL,-0.4030446159483618,0.19390858951446524,12,auss
5,AUSS_Jac,GCG,-0.7730835373992198,0.0031905371218571652,12,auss
5,AUSS_Jac,MIA,0.3426573426573427,0.27556745095678037,12,auss
5,Batch_Cov_Trace,Steering,0.16083916083916086,0.6175234895401425,12,auss
5,Batch_Cov_Trace,ICL,-0.3814529400939853,0.2211459448335895,12,auss
5,Batch_Cov_Trace,GCG,-0.40494851959006745,0.191611357379026,12,auss
5,Batch_Cov_Trace,MIA,0.3076923076923077,0.3305892594121097,12,auss
5,Batch_Cov_TopEig,Steering,0.18881118881118883,0.5567370561768314,12,auss
5,Batch_Cov_TopEig,ICL,-0.3994460033059657,0.1982968098459953,12,auss
5,Batch_Cov_TopEig,GCG,-0.3754977181653353,0.22904232472888109,12,auss
5,Batch_Cov_TopEig,MIA,0.31468531468531474,0.31913878550330455,12,auss
5,Reg_S_alpha_2,Steering,0.08391608391608392,0.7954145018538977,12,entropy
5,Reg_S_alpha_2,ICL,-0.3346709757428361,0.2876406484043067,12,entropy
5,Reg_S_alpha_2,GCG,-0.7436327359744875,0.00556417471576131,12,entropy
5,Reg_S_alpha_2,MIA,0.3216783216783217,0.30790987618065263,12,entropy
5,Reg_MeanCos,Steering,0.013986013986013986,0.9655902689187795,12,entropy
5,Reg_MeanCos,ICL,0.37425571480919306,0.23071011362431135,12,entropy
5,Reg_MeanCos,GCG,0.7878089381115858,0.002343082256354628,12,entropy
5,Reg_MeanCos,MIA,-0.3076923076923077,0.3305892594121097,12,entropy
5,Reg_MeanL2,Steering,-0.30069930069930073,0.34225952894002465,12,entropy
5,Reg_MeanL2,ICL,0.19432508268938872,0.5450527029269673,12,entropy
5,Reg_MeanL2,GCG,0.6552803317002911,0.020718452537154427,12,entropy
5,Reg_MeanL2,MIA,0.3706293706293707,0.2356210035126457,12,entropy
5,AnonDiff_S_alpha_2,Steering,0.1398601398601399,0.6646331617926677,12,entropy
5,AnonDiff_S_alpha_2,ICL,-0.41743906651794616,0.1769584369228486,12,entropy
5,AnonDiff_S_alpha_2,GCG,-0.802534338823952,0.0016794207429574788,12,entropy
5,AnonDiff_S_alpha_2,MIA,0.31468531468531474,0.31913878550330455,12,entropy
5,AnonDiff_MeanCos,Steering,-0.04895104895104895,0.8799185788786749,12,entropy
5,AnonDiff_MeanCos,ICL,0.5613835722137897,0.05753090952549504,12,entropy
5,AnonDiff_MeanCos,GCG,0.40494851959006745,0.191611357379026,12,entropy
5,AnonDiff_MeanCos,MIA,-0.4825174825174825,0.11210929146889191,12,entropy
5,AnonDiff_MeanL2,Steering,-0.1958041958041958,0.5419358857313175,12,entropy
5,AnonDiff_MeanL2,ICL,0.3382695883852322,0.28216401173268096,12,entropy
5,AnonDiff_MeanL2,GCG,0.802534338823952,0.0016794207429574788,12,entropy
5,AnonDiff_MeanL2,MIA,0.23076923076923078,0.470531995381542,12,entropy
5,NormAnonDiff_S_alpha_2,Steering,0.06293706293706294,0.8459309212287789,12,entropy
5,NormAnonDiff_S_alpha_2,ICL,-0.3958473906635696,0.20274548570019724,12,entropy
5,NormAnonDiff_S_alpha_2,GCG,-0.8319851402486842,0.0007894692244600946,12,entropy
5,NormAnonDiff_S_alpha_2,MIA,0.2867132867132868,0.36625146058358227,12,entropy
5,NormAnonDiff_MeanCos,Steering,-0.04895104895104895,0.8799185788786749,12,entropy
5,NormAnonDiff_MeanCos,ICL,0.5613835722137897,0.05753090952549504,12,entropy
5,NormAnonDiff_MeanCos,GCG,0.40494851959006745,0.191611357379026,12,entropy
5,NormAnonDiff_MeanCos,MIA,-0.4825174825174825,0.11210929146889191,12,entropy
6,Centroid_Norm,Steering,-0.2447552447552448,0.4432619364501832,12,auss
6,Centroid_Norm,ICL,0.4606224182266992,0.1318146501450161,12,auss
6,Centroid_Norm,GCG,0.43439932101479967,0.1582161974429352,12,auss
6,Centroid_Norm,MIA,-0.3426573426573427,0.27556745095678037,12,auss
6,Global_Coherence,Steering,-0.2447552447552448,0.4432619364501832,12,auss
6,Global_Coherence,ICL,0.4606224182266992,0.1318146501450161,12,auss
6,Global_Coherence,GCG,0.43439932101479967,0.1582161974429352,12,auss
6,Global_Coherence,MIA,-0.3426573426573427,0.27556745095678037,12,auss
6,Batch_SecondMoment_TopEig,Steering,-0.2447552447552448,0.4432619364501832,12,auss
6,Batch_SecondMoment_TopEig,ICL,0.4606224182266992,0.1318146501450161,12,auss
6,Batch_SecondMoment_TopEig,GCG,0.43439932101479967,0.1582161974429352,12,auss
6,Batch_SecondMoment_TopEig,MIA,-0.3426573426573427,0.27556745095678037,12,auss
6,AUSS_L2,Steering,0.2447552447552448,0.4432619364501832,12,auss
6,AUSS_L2,ICL,-0.4606224182266992,0.1318146501450161,12,auss
6,AUSS_L2,GCG,-0.43439932101479967,0.1582161974429352,12,auss
6,AUSS_L2,MIA,0.3426573426573427,0.27556745095678037,12,auss
6,AUSS_Cos2,Steering,0.2447552447552448,0.4432619364501832,12,auss
6,AUSS_Cos2,ICL,-0.4606224182266992,0.1318146501450161,12,auss
6,AUSS_Cos2,GCG,-0.43439932101479967,0.1582161974429352,12,auss
6,AUSS_Cos2,MIA,0.3426573426573427,0.27556745095678037,12,auss
6,AUSS_Jac,Steering,-0.006993006993006993,0.9827917689028476,12,auss
6,AUSS_Jac,ICL,-0.6873350146976526,0.013516732785785844,12,auss
6,AUSS_Jac,GCG,-0.8908867430981483,0.00010115273014123534,12,auss
6,AUSS_Jac,MIA,-0.04195804195804196,0.8969858708195542,12,auss
6,Batch_Cov_Trace,Steering,0.2447552447552448,0.4432619364501832,12,auss
6,Batch_Cov_Trace,ICL,-0.4606224182266992,0.1318146501450161,12,auss
6,Batch_Cov_Trace,GCG,-0.43439932101479967,0.1582161974429352,12,auss
6,Batch_Cov_Trace,MIA,0.3426573426573427,0.27556745095678037,12,auss
6,Batch_Cov_TopEig,Steering,0.1328671328671329,0.6805975082860818,12,auss
6,Batch_Cov_TopEig,ICL,-0.5253974457898288,0.079394478992384,12,auss
6,Batch_Cov_TopEig,GCG,-0.34604691674060306,0.2705326752481514,12,auss
6,Batch_Cov_TopEig,MIA,0.20979020979020982,0.5128409431818263,12,auss
6,Reg_S_alpha_2,Steering,0.23076923076923078,0.470531995381542,12,entropy
6,Reg_S_alpha_2,ICL,-0.45342519294190703,0.13875307621130148,12,entropy
6,Reg_S_alpha_2,GCG,-0.7289073352621214,0.007158925545233372,12,entropy
6,Reg_S_alpha_2,MIA,0.14685314685314685,0.6487957097846664,12,entropy
6,Reg_MeanCos,Steering,-0.18881118881118883,0.5567370561768314,12,entropy
6,Reg_MeanCos,ICL,0.47141825615388744,0.1218369577777449,12,entropy
6,Reg_MeanCos,GCG,0.7730835373992198,0.0031905371218571652,12,entropy
6,Reg_MeanCos,MIA,-0.2377622377622378,0.4568008526399232,12,entropy
6,Reg_MeanL2,Steering,-0.30069930069930073,0.34225952894002465,12,entropy
6,Reg_MeanL2,ICL,0.19432508268938872,0.5450527029269673,12,entropy
6,Reg_MeanL2,GCG,0.6552803317002911,0.020718452537154427,12,entropy
6,Reg_MeanL2,MIA,0.3706293706293707,0.2356210035126457,12,entropy
6,AnonDiff_S_alpha_2,Steering,0.15384615384615385,0.6330906812462618,12,entropy
6,AnonDiff_S_alpha_2,ICL,-0.5325946710746209,0.07463013430443599,12,entropy
6,AnonDiff_S_alpha_2,GCG,-0.8908867430981483,0.00010115273014123534,12,entropy
6,AnonDiff_S_alpha_2,MIA,0.1188811188811189,0.712884219214772,12,entropy
6,AnonDiff_MeanCos,Steering,-0.10489510489510491,0.7456094809807079,12,entropy
6,AnonDiff_MeanCos,ICL,0.5829752480681661,0.04665076405445745,12,entropy
6,AnonDiff_MeanCos,GCG,0.47857552315189794,0.11550312066064748,12,entropy
6,AnonDiff_MeanCos,MIA,-0.4685314685314686,0.124454791188834,12,entropy
6,AnonDiff_MeanL2,Steering,-0.1958041958041958,0.5419358857313175,12,entropy
6,AnonDiff_MeanL2,ICL,0.3382695883852322,0.28216401173268096,12,entropy
6,AnonDiff_MeanL2,GCG,0.802534338823952,0.0016794207429574788,12,entropy
6,AnonDiff_MeanL2,MIA,0.23076923076923078,0.470531995381542,12,entropy
6,NormAnonDiff_S_alpha_2,Steering,0.07692307692307693,0.8121826980280591,12,entropy
6,NormAnonDiff_S_alpha_2,ICL,-0.5110029952202445,0.08953657170537631,12,entropy
6,NormAnonDiff_S_alpha_2,GCG,-0.9203375445228805,2.2078362435293025e-05,12,entropy
6,NormAnonDiff_S_alpha_2,MIA,0.09090909090909093,0.7787253962454419,12,entropy
6,NormAnonDiff_MeanCos,Steering,-0.10489510489510491,0.7456094809807079,12,entropy
6,NormAnonDiff_MeanCos,ICL,0.5829752480681661,0.04665076405445745,12,entropy
6,NormAnonDiff_MeanCos,GCG,0.47857552315189794,0.11550312066064748,12,entropy
6,NormAnonDiff_MeanCos,MIA,-0.4685314685314686,0.124454791188834,12,entropy
7,Centroid_Norm,Steering,-0.2937062937062937,0.35414764123292175,12,auss
7,Centroid_Norm,ICL,0.47861548143867966,0.11546838272073812,12,auss
7,Centroid_Norm,GCG,0.41967392030243356,0.17441297512954776,12,auss
7,Centroid_Norm,MIA,-0.37762237762237766,0.22620604493502663,12,auss
7,Global_Coherence,Steering,-0.2937062937062937,0.35414764123292175,12,auss
7,Global_Coherence,ICL,0.47861548143867966,0.11546838272073812,12,auss
7,Global_Coherence,GCG,0.41967392030243356,0.17441297512954776,12,auss
7,Global_Coherence,MIA,-0.37762237762237766,0.22620604493502663,12,auss
7,Batch_SecondMoment_TopEig,Steering,-0.3076923076923077,0.3305892594121097,12,auss
7,Batch_SecondMoment_TopEig,ICL,0.49660854465066,0.1005193278998509,12,auss
7,Batch_SecondMoment_TopEig,GCG,0.47857552315189794,0.11550312066064748,12,auss
7,Batch_SecondMoment_TopEig,MIA,-0.34965034965034975,0.2652387868927897,12,auss
7,AUSS_L2,Steering,0.2937062937062937,0.35414764123292175,12,auss
7,AUSS_L2,ICL,-0.47861548143867966,0.11546838272073812,12,auss
7,AUSS_L2,GCG,-0.41967392030243356,0.17441297512954776,12,auss
7,AUSS_L2,MIA,0.37762237762237766,0.22620604493502663,12,auss
7,AUSS_Cos2,Steering,0.3076923076923077,0.3305892594121097,12,auss
7,AUSS_Cos2,ICL,-0.49660854465066,0.1005193278998509,12,auss
7,AUSS_Cos2,GCG,-0.47857552315189794,0.11550312066064748,12,auss
7,AUSS_Cos2,MIA,0.34965034965034975,0.2652387868927897,12,auss
7,AUSS_Jac,Steering,0.04895104895104895,0.8799185788786749,12,auss
7,AUSS_Jac,ICL,-0.6837364020552565,0.014215750437754169,12,auss
7,AUSS_Jac,GCG,-0.4491247217271658,0.14300941662472783,12,auss
7,AUSS_Jac,MIA,-0.4895104895104896,0.106252371759346,12,auss
7,Batch_Cov_Trace,Steering,0.2937062937062937,0.35414764123292175,12,auss
7,Batch_Cov_Trace,ICL,-0.47861548143867966,0.11546838272073812,12,auss
7,Batch_Cov_Trace,GCG,-0.41967392030243356,0.17441297512954776,12,auss
7,Batch_Cov_Trace,MIA,0.37762237762237766,0.22620604493502663,12,auss
7,Batch_Cov_TopEig,Steering,0.09090909090909093,0.7787253962454419,12,auss
7,Batch_Cov_TopEig,ICL,-0.5973696986377506,0.04025961934907364,12,auss
7,Batch_Cov_TopEig,GCG,-0.30187071460350484,0.34028937199405873,12,auss
7,Batch_Cov_TopEig,MIA,0.14685314685314685,0.6487957097846664,12,auss
7,Reg_S_alpha_2,Steering,0.2937062937062937,0.35414764123292175,12,entropy
7,Reg_S_alpha_2,ICL,-0.34546681367002435,0.27139055980630433,12,entropy
7,Reg_S_alpha_2,GCG,-0.7730835373992198,0.0031905371218571652,12,entropy
7,Reg_S_alpha_2,MIA,-0.04195804195804196,0.8969858708195542,12,entropy
7,Reg_MeanCos,Steering,-0.32867132867132864,0.2969041156887641,12,entropy
7,Reg_MeanCos,ICL,0.37425571480919306,0.23071011362431135,12,entropy
7,Reg_MeanCos,GCG,0.6847311331250232,0.014019920248648099,12,entropy
7,Reg_MeanCos,MIA,-0.18881118881118883,0.5567370561768314,12,entropy
7,Reg_MeanL2,Steering,-0.30069930069930073,0.34225952894002465,12,entropy
7,Reg_MeanL2,ICL,0.19432508268938872,0.5450527029269673,12,entropy
7,Reg_MeanL2,GCG,0.6552803317002911,0.020718452537154427,12,entropy
7,Reg_MeanL2,MIA,0.3706293706293707,0.2356210035126457,12,entropy
7,AnonDiff_S_alpha_2,Steering,0.15384615384615385,0.6330906812462618,12,entropy
7,AnonDiff_S_alpha_2,ICL,-0.5325946710746209,0.07463013430443599,12,entropy
7,AnonDiff_S_alpha_2,GCG,-0.8908867430981483,0.00010115273014123534,12,entropy
7,AnonDiff_S_alpha_2,MIA,0.1188811188811189,0.712884219214772,12,entropy
7,AnonDiff_MeanCos,Steering,-0.10489510489510491,0.7456094809807079,12,entropy
7,AnonDiff_MeanCos,ICL,0.5829752480681661,0.04665076405445745,12,entropy
7,AnonDiff_MeanCos,GCG,0.47857552315189794,0.11550312066064748,12,entropy
7,AnonDiff_MeanCos,MIA,-0.4685314685314686,0.124454791188834,12,entropy
7,AnonDiff_MeanL2,Steering,-0.18881118881118883,0.5567370561768314,12,entropy
7,AnonDiff_MeanL2,ICL,0.2986848493188753,0.3456618489406913,12,entropy
7,AnonDiff_MeanL2,GCG,0.802534338823952,0.0016794207429574788,12,entropy
7,AnonDiff_MeanL2,MIA,0.16783216783216784,0.602099427786538,12,entropy
7,NormAnonDiff_S_alpha_2,Steering,0.0979020979020979,0.762121655996299,12,entropy
7,NormAnonDiff_S_alpha_2,ICL,-0.5110029952202445,0.08953657170537631,12,entropy
7,NormAnonDiff_S_alpha_2,GCG,-0.9203375445228805,2.2078362435293025e-05,12,entropy
7,NormAnonDiff_S_alpha_2,MIA,0.10489510489510491,0.7456094809807079,12,entropy
7,NormAnonDiff_MeanCos,Steering,-0.10489510489510491,0.7456094809807079,12,entropy
7,NormAnonDiff_MeanCos,ICL,0.5829752480681661,0.04665076405445745,12,entropy
7,NormAnonDiff_MeanCos,GCG,0.47857552315189794,0.11550312066064748,12,entropy
7,NormAnonDiff_MeanCos,MIA,-0.4685314685314686,0.124454791188834,12,entropy
8,Centroid_Norm,Steering,-0.3216783216783217,0.30790987618065263,12,auss
8,Centroid_Norm,ICL,0.5002071572930561,0.09769339908272241,12,auss
8,Centroid_Norm,GCG,0.4491247217271658,0.14300941662472783,12,auss
8,Centroid_Norm,MIA,-0.44755244755244755,0.14458630130334754,12,auss
8,Global_Coherence,Steering,-0.3216783216783217,0.30790987618065263,12,auss
8,Global_Coherence,ICL,0.5002071572930561,0.09769339908272241,12,auss
8,Global_Coherence,GCG,0.4491247217271658,0.14300941662472783,12,auss
8,Global_Coherence,MIA,-0.44755244755244755,0.14458630130334754,12,auss
8,Batch_SecondMoment_TopEig,Steering,-0.3216783216783217,0.30790987618065263,12,auss
8,Batch_SecondMoment_TopEig,ICL,0.5002071572930561,0.09769339908272241,12,auss
8,Batch_SecondMoment_TopEig,GCG,0.4491247217271658,0.14300941662472783,12,auss
8,Batch_SecondMoment_TopEig,MIA,-0.44755244755244755,0.14458630130334754,12,auss
8,AUSS_L2,Steering,0.3216783216783217,0.30790987618065263,12,auss
8,AUSS_L2,ICL,-0.5002071572930561,0.09769339908272241,12,auss
8,AUSS_L2,GCG,-0.4491247217271658,0.14300941662472783,12,auss
8,AUSS_L2,MIA,0.44755244755244755,0.14458630130334754,12,auss
8,AUSS_Cos2,Steering,0.3356643356643357,0.2861229029149875,12,auss
8,AUSS_Cos2,ICL,-0.5182002205050367,0.08436211791688125,12,auss
8,AUSS_Cos2,GCG,-0.50802632457663,0.09173790978927246,12,auss
8,AUSS_Cos2,MIA,0.41958041958041964,0.1745190081300594,12,auss
8,AUSS_Jac,Steering,-0.2937062937062937,0.35414764123292175,12,auss
8,AUSS_Jac,ICL,-0.5613835722137897,0.05753090952549504,12,auss
8,AUSS_Jac,GCG,-0.43439932101479967,0.1582161974429352,12,auss
8,AUSS_Jac,MIA,-0.6363636363636365,0.026096891052703127,12,auss
8,Batch_Cov_Trace,Steering,0.3216783216783217,0.30790987618065263,12,auss
8,Batch_Cov_Trace,ICL,-0.5002071572930561,0.09769339908272241,12,auss
8,Batch_Cov_Trace,GCG,-0.4491247217271658,0.14300941662472783,12,auss
8,Batch_Cov_Trace,MIA,0.44755244755244755,0.14458630130334754,12,auss
8,Batch_Cov_TopEig,Steering,0.16083916083916086,0.6175234895401425,12,auss
8,Batch_Cov_TopEig,ICL,-0.6153627618497309,0.03317791547616797,12,auss
8,Batch_Cov_TopEig,GCG,-0.28714531389113873,0.3654974789618026,12,auss
8,Batch_Cov_TopEig,MIA,0.1958041958041958,0.5419358857313175,12,auss
8,Reg_S_alpha_2,Steering,0.25874125874125875,0.41677476889913834,12,entropy
8,Reg_S_alpha_2,ICL,-0.38865016537877745,0.21182446931281423,12,entropy
8,Reg_S_alpha_2,GCG,-0.8319851402486842,0.0007894692244600946,12,entropy
8,Reg_S_alpha_2,MIA,0.04195804195804196,0.8969858708195542,12,entropy
8,Reg_MeanCos,Steering,-0.2937062937062937,0.35414764123292175,12,entropy
8,Reg_MeanCos,ICL,0.41743906651794616,0.1769584369228486,12,entropy
8,Reg_MeanCos,GCG,0.7436327359744875,0.00556417471576131,12,entropy
8,Reg_MeanCos,MIA,-0.27272727272727276,0.3910967709418962,12,entropy
8,Reg_MeanL2,Steering,-0.30069930069930073,0.34225952894002465,12,entropy
8,Reg_MeanL2,ICL,0.19432508268938872,0.5450527029269673,12,entropy
8,Reg_MeanL2,GCG,0.6552803317002911,0.020718452537154427,12,entropy
8,Reg_MeanL2,MIA,0.3706293706293707,0.2356210035126457,12,entropy
8,AnonDiff_S_alpha_2,Steering,0.23076923076923078,0.470531995381542,12,entropy
8,AnonDiff_S_alpha_2,ICL,-0.5685807974985818,0.05372593795463573,12,entropy
8,AnonDiff_S_alpha_2,GCG,-0.8467105409610501,0.0005122773626812996,12,entropy
8,AnonDiff_S_alpha_2,MIA,0.16083916083916086,0.6175234895401425,12,entropy
8,AnonDiff_MeanCos,Steering,-0.1398601398601399,0.6646331617926677,12,entropy
8,AnonDiff_MeanCos,ICL,0.658546113558484,0.019879161880777263,12,entropy
8,AnonDiff_MeanCos,GCG,0.4491247217271658,0.14300941662472783,12,entropy
8,AnonDiff_MeanCos,MIA,-0.44055944055944063,0.15173503571673022,12,entropy
8,AnonDiff_MeanL2,Steering,-0.18881118881118883,0.5567370561768314,12,entropy
8,AnonDiff_MeanL2,ICL,0.2986848493188753,0.3456618489406913,12,entropy
8,AnonDiff_MeanL2,GCG,0.802534338823952,0.0016794207429574788,12,entropy
8,AnonDiff_MeanL2,MIA,0.16783216783216784,0.602099427786538,12,entropy
8,NormAnonDiff_S_alpha_2,Steering,0.055944055944055944,0.8628980736949712,12,entropy
8,NormAnonDiff_S_alpha_2,ICL,-0.5649821848561858,0.055605698409468454,12,entropy
8,NormAnonDiff_S_alpha_2,GCG,-0.9203375445228805,2.2078362435293025e-05,12,entropy
8,NormAnonDiff_S_alpha_2,MIA,0.04895104895104895,0.8799185788786749,12,entropy
8,NormAnonDiff_MeanCos,Steering,-0.1398601398601399,0.6646331617926677,12,entropy
8,NormAnonDiff_MeanCos,ICL,0.658546113558484,0.019879161880777263,12,entropy
8,NormAnonDiff_MeanCos,GCG,0.4491247217271658,0.14300941662472783,12,entropy
8,NormAnonDiff_MeanCos,MIA,-0.44055944055944063,0.15173503571673022,12,entropy
9,Centroid_Norm,Steering,-0.3216783216783217,0.30790987618065263,12,auss
9,Centroid_Norm,ICL,0.5901724733529584,0.043371902076606475,12,auss
9,Centroid_Norm,GCG,0.47857552315189794,0.11550312066064748,12,auss
9,Centroid_Norm,MIA,-0.3706293706293707,0.2356210035126457,12,auss
9,Global_Coherence,Steering,-0.3216783216783217,0.30790987618065263,12,auss
9,Global_Coherence,ICL,0.5901724733529584,0.043371902076606475,12,auss
9,Global_Coherence,GCG,0.47857552315189794,0.11550312066064748,12,auss
9,Global_Coherence,MIA,-0.3706293706293707,0.2356210035126457,12,auss
9,Batch_SecondMoment_TopEig,Steering,-0.3356643356643357,0.2861229029149875,12,auss
9,Batch_SecondMoment_TopEig,ICL,0.5182002205050367,0.08436211791688125,12,auss
9,Batch_SecondMoment_TopEig,GCG,0.50802632457663,0.09173790978927246,12,auss
9,Batch_SecondMoment_TopEig,MIA,-0.41958041958041964,0.1745190081300594,12,auss
9,AUSS_L2,Steering,0.3216783216783217,0.30790987618065263,12,auss
9,AUSS_L2,ICL,-0.5901724733529584,0.043371902076606475,12,auss
9,AUSS_L2,GCG,-0.47857552315189794,0.11550312066064748,12,auss
9,AUSS_L2,MIA,0.3706293706293707,0.2356210035126457,12,auss
9,AUSS_Cos2,Steering,0.3356643356643357,0.2861229029149875,12,auss
9,AUSS_Cos2,ICL,-0.5182002205050367,0.08436211791688125,12,auss
9,AUSS_Cos2,GCG,-0.50802632457663,0.09173790978927246,12,auss
9,AUSS_Cos2,MIA,0.41958041958041964,0.1745190081300594,12,auss
9,AUSS_Jac,Steering,-0.2377622377622378,0.4568008526399232,12,auss
9,AUSS_Jac,ICL,-0.5937710859953544,0.04179521900345339,12,auss
9,AUSS_Jac,GCG,-0.25769451246640657,0.41872942679809466,12,auss
9,AUSS_Jac,MIA,-0.5524475524475525,0.06251148327961512,12,auss
9,Batch_Cov_Trace,Steering,0.3216783216783217,0.30790987618065263,12,auss
9,Batch_Cov_Trace,ICL,-0.5901724733529584,0.043371902076606475,12,auss
9,Batch_Cov_Trace,GCG,-0.47857552315189794,0.11550312066064748,12,auss
9,Batch_Cov_Trace,MIA,0.3706293706293707,0.2356210035126457,12,auss
9,Batch_Cov_TopEig,Steering,0.16083916083916086,0.6175234895401425,12,auss
9,Batch_Cov_TopEig,ICL,-0.6153627618497309,0.03317791547616797,12,auss
9,Batch_Cov_TopEig,GCG,-0.28714531389113873,0.3654974789618026,12,auss
9,Batch_Cov_TopEig,MIA,0.1958041958041958,0.5419358857313175,12,auss
9,Reg_S_alpha_2,Steering,0.3706293706293707,0.2356210035126457,12,entropy
9,Reg_S_alpha_2,ICL,-0.30588207460366745,0.3335892554207899,12,entropy
9,Reg_S_alpha_2,GCG,-0.7141819345497554,0.009074170190493572,12,entropy
9,Reg_S_alpha_2,MIA,-0.055944055944055944,0.8628980736949712,12,entropy
9,Reg_MeanCos,Steering,-0.3216783216783217,0.30790987618065263,12,entropy
9,Reg_MeanCos,ICL,0.3958473906635696,0.20274548570019724,12,entropy
9,Reg_MeanCos,GCG,0.7141819345497554,0.009074170190493572,12,entropy
9,Reg_MeanCos,MIA,-0.2377622377622378,0.4568008526399232,12,entropy
9,Reg_MeanL2,Steering,-0.30069930069930073,0.34225952894002465,12,entropy
9,Reg_MeanL2,ICL,0.19432508268938872,0.5450527029269673,12,entropy
9,Reg_MeanL2,GCG,0.6552803317002911,0.020718452537154427,12,entropy
9,Reg_MeanL2,MIA,0.3706293706293707,0.2356210035126457,12,entropy
9,AnonDiff_S_alpha_2,Steering,0.23076923076923078,0.470531995381542,12,entropy
9,AnonDiff_S_alpha_2,ICL,-0.5685807974985818,0.05372593795463573,12,entropy
9,AnonDiff_S_alpha_2,GCG,-0.8467105409610501,0.0005122773626812996,12,entropy
9,AnonDiff_S_alpha_2,MIA,0.16083916083916086,0.6175234895401425,12,entropy
9,AnonDiff_MeanCos,Steering,-0.22377622377622378,0.48445166145539886,12,entropy
9,AnonDiff_MeanCos,ICL,0.7161239158368213,0.008801893805859315,12,entropy
9,AnonDiff_MeanCos,GCG,0.5374771260013622,0.07151198097589553,12,entropy
9,AnonDiff_MeanCos,MIA,-0.39860139860139865,0.19933549461780897,12,entropy
9,AnonDiff_MeanL2,Steering,-0.18881118881118883,0.5567370561768314,12,entropy
9,AnonDiff_MeanL2,ICL,0.2986848493188753,0.3456618489406913,12,entropy
9,AnonDiff_MeanL2,GCG,0.802534338823952,0.0016794207429574788,12,entropy
9,AnonDiff_MeanL2,MIA,0.16783216783216784,0.602099427786538,12,entropy
9,NormAnonDiff_S_alpha_2,Steering,0.0979020979020979,0.762121655996299,12,entropy
9,NormAnonDiff_S_alpha_2,ICL,-0.5110029952202445,0.08953657170537631,12,entropy
9,NormAnonDiff_S_alpha_2,GCG,-0.9203375445228805,2.2078362435293025e-05,12,entropy
9,NormAnonDiff_S_alpha_2,MIA,0.10489510489510491,0.7456094809807079,12,entropy
9,NormAnonDiff_MeanCos,Steering,-0.22377622377622378,0.48445166145539886,12,entropy
9,NormAnonDiff_MeanCos,ICL,0.7161239158368213,0.008801893805859315,12,entropy
9,NormAnonDiff_MeanCos,GCG,0.5374771260013622,0.07151198097589553,12,entropy
9,NormAnonDiff_MeanCos,MIA,-0.39860139860139865,0.19933549461780897,12,entropy
10,Centroid_Norm,Steering,-0.2657342657342658,0.40383308831471165,12,auss
10,Centroid_Norm,ICL,0.5685807974985818,0.05372593795463573,12,auss
10,Centroid_Norm,GCG,0.50802632457663,0.09173790978927246,12,auss
10,Centroid_Norm,MIA,-0.35664335664335667,0.25513775175895725,12,auss
10,Global_Coherence,Steering,-0.2657342657342658,0.40383308831471165,12,auss
10,Global_Coherence,ICL,0.5685807974985818,0.05372593795463573,12,auss
10,Global_Coherence,GCG,0.50802632457663,0.09173790978927246,12,auss
10,Global_Coherence,MIA,-0.35664335664335667,0.25513775175895725,12,auss
10,Batch_SecondMoment_TopEig,Steering,-0.21678321678321683,0.49855598552418856,12,auss
10,Batch_SecondMoment_TopEig,ICL,0.5685807974985818,0.05372593795463573,12,auss
10,Batch_SecondMoment_TopEig,GCG,0.5374771260013622,0.07151198097589553,12,auss
10,Batch_SecondMoment_TopEig,MIA,-0.3846153846153847,0.21702022575997748,12,auss
10,AUSS_L2,Steering,0.2657342657342658,0.40383308831471165,12,auss
10,AUSS_L2,ICL,-0.5685807974985818,0.05372593795463573,12,auss
10,AUSS_L2,GCG,-0.50802632457663,0.09173790978927246,12,auss
10,AUSS_L2,MIA,0.35664335664335667,0.25513775175895725,12,auss
10,AUSS_Cos2,Steering,0.23076923076923078,0.470531995381542,12,auss
10,AUSS_Cos2,ICL,-0.49660854465066,0.1005193278998509,12,auss
10,AUSS_Cos2,GCG,-0.5669279274260944,0.05458371600608296,12,auss
10,AUSS_Cos2,MIA,0.43356643356643365,0.1591057694121953,12,auss
10,AUSS_Jac,Steering,-0.1258741258741259,0.6966831093957659,12,auss
10,AUSS_Jac,ICL,-0.5577849595713936,0.059502093256878046,12,auss
10,AUSS_Jac,GCG,-0.06626430320564741,0.8378786511226731,12,auss
10,AUSS_Jac,MIA,-0.5174825174825175,0.08486877113393493,12,auss
10,Batch_Cov_Trace,Steering,0.2657342657342658,0.40383308831471165,12,auss
10,Batch_Cov_Trace,ICL,-0.5685807974985818,0.05372593795463573,12,auss
10,Batch_Cov_Trace,GCG,-0.50802632457663,0.09173790978927246,12,auss
10,Batch_Cov_Trace,MIA,0.35664335664335667,0.25513775175895725,12,auss
10,Batch_Cov_TopEig,Steering,0.10489510489510491,0.7456094809807079,12,auss
10,Batch_Cov_TopEig,ICL,-0.5937710859953544,0.04179521900345339,12,auss
10,Batch_Cov_TopEig,GCG,-0.3165961153158709,0.3160484784103762,12,auss
10,Batch_Cov_TopEig,MIA,0.18181818181818185,0.5717012385276553,12,auss
10,Reg_S_alpha_2,Steering,0.3426573426573427,0.27556745095678037,12,entropy
10,Reg_S_alpha_2,ICL,-0.3094806872460635,0.3276399437514935,12,entropy
10,Reg_S_alpha_2,GCG,-0.7289073352621214,0.007158925545233372,12,entropy
10,Reg_S_alpha_2,MIA,0.013986013986013986,0.9655902689187795,12,entropy
10,Reg_MeanCos,Steering,-0.2937062937062937,0.35414764123292175,12,entropy
10,Reg_MeanCos,ICL,0.41743906651794616,0.1769584369228486,12,entropy
10,Reg_MeanCos,GCG,0.7436327359744875,0.00556417471576131,12,entropy
10,Reg_MeanCos,MIA,-0.27272727272727276,0.3910967709418962,12,entropy
10,Reg_MeanL2,Steering,-0.30069930069930073,0.34225952894002465,12,entropy
10,Reg_MeanL2,ICL,0.19432508268938872,0.5450527029269673,12,entropy
10,Reg_MeanL2,GCG,0.6552803317002911,0.020718452537154427,12,entropy
10,Reg_MeanL2,MIA,0.3706293706293707,0.2356210035126457,12,entropy
10,AnonDiff_S_alpha_2,Steering,0.31468531468531474,0.31913878550330455,12,entropy
10,AnonDiff_S_alpha_2,ICL,-0.5469891216442053,0.06569660772431905,12,entropy
10,AnonDiff_S_alpha_2,GCG,-0.7583581366868536,0.004253112023318154,12,entropy
10,AnonDiff_S_alpha_2,MIA,0.3216783216783217,0.30790987618065263,12,entropy
10,AnonDiff_MeanCos,Steering,-0.2797202797202798,0.37856866966230307,12,entropy
10,AnonDiff_MeanCos,ICL,0.7557086549031783,0.004469675250900888,12,entropy
10,AnonDiff_MeanCos,GCG,0.5522025267137284,0.06265211852333291,12,entropy
10,AnonDiff_MeanCos,MIA,-0.3916083916083916,0.2080634636953532,12,entropy
10,AnonDiff_MeanL2,Steering,-0.18881118881118883,0.5567370561768314,12,entropy
10,AnonDiff_MeanL2,ICL,0.2986848493188753,0.3456618489406913,12,entropy
10,AnonDiff_MeanL2,GCG,0.802534338823952,0.0016794207429574788,12,entropy
10,AnonDiff_MeanL2,MIA,0.16783216783216784,0.602099427786538,12,entropy
10,NormAnonDiff_S_alpha_2,Steering,0.11188811188811189,0.729194990751066,12,entropy
10,NormAnonDiff_S_alpha_2,ICL,-0.5110029952202445,0.08953657170537631,12,entropy
10,NormAnonDiff_S_alpha_2,GCG,-0.9203375445228805,2.2078362435293025e-05,12,entropy
10,NormAnonDiff_S_alpha_2,MIA,0.1258741258741259,0.6966831093957659,12,entropy
10,NormAnonDiff_MeanCos,Steering,-0.2797202797202798,0.37856866966230307,12,entropy
10,NormAnonDiff_MeanCos,ICL,0.7557086549031783,0.004469675250900888,12,entropy
10,NormAnonDiff_MeanCos,GCG,0.5522025267137284,0.06265211852333291,12,entropy
10,NormAnonDiff_MeanCos,MIA,-0.3916083916083916,0.2080634636953532,12,entropy
11,Centroid_Norm,Steering,-0.25874125874125875,0.41677476889913834,12,auss
11,Centroid_Norm,ICL,0.66214472620088,0.018983402265791455,12,auss
11,Centroid_Norm,GCG,0.5227517252889962,0.08119677779947733,12,auss
11,Centroid_Norm,MIA,-0.44755244755244755,0.14458630130334754,12,auss
11,Global_Coherence,Steering,-0.25874125874125875,0.41677476889913834,12,auss
11,Global_Coherence,ICL,0.66214472620088,0.018983402265791455,12,auss
11,Global_Coherence,GCG,0.5227517252889962,0.08119677779947733,12,auss
11,Global_Coherence,MIA,-0.44755244755244755,0.14458630130334754,12,auss
11,Batch_SecondMoment_TopEig,Steering,-0.25874125874125875,0.41677476889913834,12,auss
11,Batch_SecondMoment_TopEig,ICL,0.66214472620088,0.018983402265791455,12,auss
11,Batch_SecondMoment_TopEig,GCG,0.5227517252889962,0.08119677779947733,12,auss
11,Batch_SecondMoment_TopEig,MIA,-0.44755244755244755,0.14458630130334754,12,auss
11,AUSS_L2,Steering,0.25874125874125875,0.41677476889913834,12,auss
11,AUSS_L2,ICL,-0.66214472620088,0.018983402265791455,12,auss
11,AUSS_L2,GCG,-0.5227517252889962,0.08119677779947733,12,auss
11,AUSS_L2,MIA,0.44755244755244755,0.14458630130334754,12,auss
11,AUSS_Cos2,Steering,0.25874125874125875,0.41677476889913834,12,auss
11,AUSS_Cos2,ICL,-0.66214472620088,0.018983402265791455,12,auss
11,AUSS_Cos2,GCG,-0.5227517252889962,0.08119677779947733,12,auss
11,AUSS_Cos2,MIA,0.44755244755244755,0.14458630130334754,12,auss
11,AUSS_Jac,Steering,-0.22377622377622378,0.48445166145539886,12,auss
11,AUSS_Jac,ICL,-0.42103767916034224,0.17287101608831032,12,auss
11,AUSS_Jac,GCG,-0.03681350178091523,0.9095677779532954,12,auss
11,AUSS_Jac,MIA,-0.5874125874125874,0.044609296463363105,12,auss
11,Batch_Cov_Trace,Steering,0.25874125874125875,0.41677476889913834,12,auss
11,Batch_Cov_Trace,ICL,-0.66214472620088,0.018983402265791455,12,auss
11,Batch_Cov_Trace,GCG,-0.5227517252889962,0.08119677779947733,12,auss
11,Batch_Cov_Trace,MIA,0.44755244755244755,0.14458630130334754,12,auss
11,Batch_Cov_TopEig,Steering,0.16083916083916086,0.6175234895401425,12,auss
11,Batch_Cov_TopEig,ICL,-0.6153627618497309,0.03317791547616797,12,auss
11,Batch_Cov_TopEig,GCG,-0.28714531389113873,0.3654974789618026,12,auss
11,Batch_Cov_TopEig,MIA,0.1958041958041958,0.5419358857313175,12,auss
11,Reg_S_alpha_2,Steering,0.2937062937062937,0.35414764123292175,12,entropy
11,Reg_S_alpha_2,ICL,-0.21951537118616132,0.49302372745615963,12,entropy
11,Reg_S_alpha_2,GCG,-0.7141819345497554,0.009074170190493572,12,entropy
11,Reg_S_alpha_2,MIA,-0.16783216783216784,0.602099427786538,12,entropy
11,Reg_MeanCos,Steering,-0.27272727272727276,0.3910967709418962,12,entropy
11,Reg_MeanCos,ICL,0.370657102166797,0.23558321499496473,12,entropy
11,Reg_MeanCos,GCG,0.7583581366868536,0.004253112023318154,12,entropy
11,Reg_MeanCos,MIA,-0.1398601398601399,0.6646331617926677,12,entropy
11,Reg_MeanL2,Steering,-0.30069930069930073,0.34225952894002465,12,entropy
11,Reg_MeanL2,ICL,0.19432508268938872,0.5450527029269673,12,entropy
11,Reg_MeanL2,GCG,0.6552803317002911,0.020718452537154427,12,entropy
11,Reg_MeanL2,MIA,0.3706293706293707,0.2356210035126457,12,entropy
11,AnonDiff_S_alpha_2,Steering,0.2937062937062937,0.35414764123292175,12,entropy
11,AnonDiff_S_alpha_2,ICL,-0.5253974457898288,0.079394478992384,12,entropy
11,AnonDiff_S_alpha_2,GCG,-0.7583581366868536,0.004253112023318154,12,entropy
11,AnonDiff_S_alpha_2,MIA,0.32867132867132864,0.2969041156887641,12,entropy
11,AnonDiff_MeanCos,Steering,-0.2797202797202798,0.37856866966230307,12,entropy
11,AnonDiff_MeanCos,ICL,0.7844975560423472,0.002516555131513904,12,entropy
11,AnonDiff_MeanCos,GCG,0.49330092386426394,0.10316448622586726,12,entropy
11,AnonDiff_MeanCos,MIA,-0.4265734265734266,0.16669998762494495,12,entropy
11,AnonDiff_MeanL2,Steering,-0.18881118881118883,0.5567370561768314,12,entropy
11,AnonDiff_MeanL2,ICL,0.2986848493188753,0.3456618489406913,12,entropy
11,AnonDiff_MeanL2,GCG,0.802534338823952,0.0016794207429574788,12,entropy
11,AnonDiff_MeanL2,MIA,0.16783216783216784,0.602099427786538,12,entropy
11,NormAnonDiff_S_alpha_2,Steering,0.1958041958041958,0.5419358857313175,12,entropy
11,NormAnonDiff_S_alpha_2,ICL,-0.5289960584322249,0.07698712000512843,12,entropy
11,NormAnonDiff_S_alpha_2,GCG,-0.8761613423857824,0.00018566108434699214,12,entropy
11,NormAnonDiff_S_alpha_2,MIA,0.18181818181818185,0.5717012385276553,12,entropy
11,NormAnonDiff_MeanCos,Steering,-0.2797202797202798,0.37856866966230307,12,entropy
11,NormAnonDiff_MeanCos,ICL,0.7844975560423472,0.002516555131513904,12,entropy
11,NormAnonDiff_MeanCos,GCG,0.49330092386426394,0.10316448622586726,12,entropy
11,NormAnonDiff_MeanCos,MIA,-0.4265734265734266,0.16669998762494495,12,entropy
12,Centroid_Norm,Steering,-0.1958041958041958,0.5419358857313175,12,auss
12,Centroid_Norm,ICL,0.7341169790488018,0.006560018793524405,12,auss
12,Centroid_Norm,GCG,0.6405549309879249,0.024826803450100885,12,auss
12,Centroid_Norm,MIA,-0.2447552447552448,0.4432619364501832,12,auss
12,Global_Coherence,Steering,-0.1958041958041958,0.5419358857313175,12,auss
12,Global_Coherence,ICL,0.7341169790488018,0.006560018793524405,12,auss
12,Global_Coherence,GCG,0.6405549309879249,0.024826803450100885,12,auss
12,Global_Coherence,MIA,-0.2447552447552448,0.4432619364501832,12,auss
12,Batch_SecondMoment_TopEig,Steering,-0.1958041958041958,0.5419358857313175,12,auss
12,Batch_SecondMoment_TopEig,ICL,0.7341169790488018,0.006560018793524405,12,auss
12,Batch_SecondMoment_TopEig,GCG,0.6405549309879249,0.024826803450100885,12,auss
12,Batch_SecondMoment_TopEig,MIA,-0.2447552447552448,0.4432619364501832,12,auss
12,AUSS_L2,Steering,0.1958041958041958,0.5419358857313175,12,auss
12,AUSS_L2,ICL,-0.7341169790488018,0.006560018793524405,12,auss
12,AUSS_L2,GCG,-0.6405549309879249,0.024826803450100885,12,auss
12,AUSS_L2,MIA,0.2447552447552448,0.4432619364501832,12,auss
12,AUSS_Cos2,Steering,0.17482517482517487,0.5868236643627043,12,auss
12,AUSS_Cos2,ICL,-0.6801377894128605,0.014941090284850573,12,auss
12,AUSS_Cos2,GCG,-0.6994565338373893,0.011348076764265028,12,auss
12,AUSS_Cos2,MIA,0.22377622377622378,0.48445166145539886,12,auss
12,AUSS_Jac,Steering,-0.11188811188811189,0.729194990751066,12,auss
12,AUSS_Jac,ICL,-0.24470565968293395,0.44335725132705706,12,auss
12,AUSS_Jac,GCG,0.24296911175404048,0.44670152877976554,12,auss
12,AUSS_Jac,MIA,-0.34965034965034975,0.2652387868927897,12,auss
12,Batch_Cov_Trace,Steering,0.1958041958041958,0.5419358857313175,12,auss
12,Batch_Cov_Trace,ICL,-0.7341169790488018,0.006560018793524405,12,auss
12,Batch_Cov_Trace,GCG,-0.6405549309879249,0.024826803450100885,12,auss
12,Batch_Cov_Trace,MIA,0.2447552447552448,0.4432619364501832,12,auss
12,Batch_Cov_TopEig,Steering,0.0979020979020979,0.762121655996299,12,auss
12,Batch_Cov_TopEig,ICL,-0.5937710859953544,0.04179521900345339,12,auss
12,Batch_Cov_TopEig,GCG,-0.3165961153158709,0.3160484784103762,12,auss
12,Batch_Cov_TopEig,MIA,0.18881118881118883,0.5567370561768314,12,auss
12,Reg_S_alpha_2,Steering,0.3426573426573427,0.27556745095678037,12,entropy
12,Reg_S_alpha_2,ICL,-0.21951537118616132,0.49302372745615963,12,entropy
12,Reg_S_alpha_2,GCG,-0.6847311331250232,0.014019920248648099,12,entropy
12,Reg_S_alpha_2,MIA,-0.1958041958041958,0.5419358857313175,12,entropy
12,Reg_MeanCos,Steering,-0.20979020979020982,0.5128409431818263,12,entropy
12,Reg_MeanCos,ICL,0.3022834619612713,0.3395966459973435,12,entropy
12,Reg_MeanCos,GCG,0.7878089381115858,0.002343082256354628,12,entropy
12,Reg_MeanCos,MIA,0.06993006993006995,0.8290236405313092,12,entropy
12,Reg_MeanL2,Steering,-0.30069930069930073,0.34225952894002465,12,entropy
12,Reg_MeanL2,ICL,0.19432508268938872,0.5450527029269673,12,entropy
12,Reg_MeanL2,GCG,0.6552803317002911,0.020718452537154427,12,entropy
12,Reg_MeanL2,MIA,0.3706293706293707,0.2356210035126457,12,entropy
12,AnonDiff_S_alpha_2,Steering,0.4755244755244756,0.11817595701303213,12,entropy
12,AnonDiff_S_alpha_2,ICL,-0.41743906651794616,0.1769584369228486,12,entropy
12,AnonDiff_S_alpha_2,GCG,-0.5522025267137284,0.06265211852333291,12,entropy
12,AnonDiff_S_alpha_2,MIA,0.4895104895104896,0.106252371759346,12,entropy
12,AnonDiff_MeanCos,Steering,-0.2447552447552448,0.4432619364501832,12,entropy
12,AnonDiff_MeanCos,ICL,0.7629058801879706,0.0039000210365802463,12,entropy
12,AnonDiff_MeanCos,GCG,0.49330092386426394,0.10316448622586726,12,entropy
12,AnonDiff_MeanCos,MIA,-0.4125874125874127,0.18256397857316675,12,entropy
12,AnonDiff_MeanL2,Steering,-0.1258741258741259,0.6966831093957659,12,entropy
12,AnonDiff_MeanL2,ICL,0.18712785740459653,0.5603244610408403,12,entropy
12,AnonDiff_MeanL2,GCG,0.7878089381115858,0.002343082256354628,12,entropy
12,AnonDiff_MeanL2,MIA,0.1258741258741259,0.6966831093957659,12,entropy
12,NormAnonDiff_S_alpha_2,Steering,0.1398601398601399,0.6646331617926677,12,entropy
12,NormAnonDiff_S_alpha_2,ICL,-0.5038057699354522,0.09492122642425428,12,entropy
12,NormAnonDiff_S_alpha_2,GCG,-0.9056121438105145,5.026395434477084e-05,12,entropy
12,NormAnonDiff_S_alpha_2,MIA,0.17482517482517487,0.5868236643627043,12,entropy
12,NormAnonDiff_MeanCos,Steering,-0.2447552447552448,0.4432619364501832,12,entropy
12,NormAnonDiff_MeanCos,ICL,0.7629058801879706,0.0039000210365802463,12,entropy
12,NormAnonDiff_MeanCos,GCG,0.49330092386426394,0.10316448622586726,12,entropy
12,NormAnonDiff_MeanCos,MIA,-0.4125874125874127,0.18256397857316675,12,entropy
13,Centroid_Norm,Steering,-0.1958041958041958,0.5419358857313175,12,auss
13,Centroid_Norm,ICL,0.7341169790488018,0.006560018793524405,12,auss
13,Centroid_Norm,GCG,0.6405549309879249,0.024826803450100885,12,auss
13,Centroid_Norm,MIA,-0.2447552447552448,0.4432619364501832,12,auss
13,Global_Coherence,Steering,-0.1958041958041958,0.5419358857313175,12,auss
13,Global_Coherence,ICL,0.7341169790488018,0.006560018793524405,12,auss
13,Global_Coherence,GCG,0.6405549309879249,0.024826803450100885,12,auss
13,Global_Coherence,MIA,-0.2447552447552448,0.4432619364501832,12,auss
13,Batch_SecondMoment_TopEig,Steering,-0.1958041958041958,0.5419358857313175,12,auss
13,Batch_SecondMoment_TopEig,ICL,0.7341169790488018,0.006560018793524405,12,auss
13,Batch_SecondMoment_TopEig,GCG,0.6405549309879249,0.024826803450100885,12,auss
13,Batch_SecondMoment_TopEig,MIA,-0.2447552447552448,0.4432619364501832,12,auss
13,AUSS_L2,Steering,0.1958041958041958,0.5419358857313175,12,auss
13,AUSS_L2,ICL,-0.7341169790488018,0.006560018793524405,12,auss
13,AUSS_L2,GCG,-0.6405549309879249,0.024826803450100885,12,auss
13,AUSS_L2,MIA,0.2447552447552448,0.4432619364501832,12,auss
13,AUSS_Cos2,Steering,0.1958041958041958,0.5419358857313175,12,auss
13,AUSS_Cos2,ICL,-0.7341169790488018,0.006560018793524405,12,auss
13,AUSS_Cos2,GCG,-0.6405549309879249,0.024826803450100885,12,auss
13,AUSS_Cos2,MIA,0.2447552447552448,0.4432619364501832,12,auss
13,AUSS_Jac,Steering,-0.16783216783216784,0.602099427786538,12,auss
13,AUSS_Jac,ICL,-0.1151556045566748,0.7215604859041252,12,auss
13,AUSS_Jac,GCG,0.34604691674060306,0.2705326752481514,12,auss
13,AUSS_Jac,MIA,-0.5594405594405596,0.05858947538856762,12,auss
13,Batch_Cov_Trace,Steering,0.1958041958041958,0.5419358857313175,12,auss
13,Batch_Cov_Trace,ICL,-0.7341169790488018,0.006560018793524405,12,auss
13,Batch_Cov_Trace,GCG,-0.6405549309879249,0.024826803450100885,12,auss
13,Batch_Cov_Trace,MIA,0.2447552447552448,0.4432619364501832,12,auss
13,Batch_Cov_TopEig,Steering,0.0979020979020979,0.762121655996299,12,auss
13,Batch_Cov_TopEig,ICL,-0.5937710859953544,0.04179521900345339,12,auss
13,Batch_Cov_TopEig,GCG,-0.3165961153158709,0.3160484784103762,12,auss
13,Batch_Cov_TopEig,MIA,0.18881118881118883,0.5567370561768314,12,auss
13,Reg_S_alpha_2,Steering,0.34965034965034975,0.2652387868927897,12,entropy
13,Reg_S_alpha_2,ICL,-0.1799306321198044,0.5757676879683342,12,entropy
13,Reg_S_alpha_2,GCG,-0.6405549309879249,0.024826803450100885,12,entropy
13,Reg_S_alpha_2,MIA,-0.20979020979020982,0.5128409431818263,12,entropy
13,Reg_MeanCos,Steering,-0.16083916083916086,0.6175234895401425,12,entropy
13,Reg_MeanCos,ICL,0.25910011025251833,0.41610570500180954,12,entropy
13,Reg_MeanCos,GCG,0.7878089381115858,0.002343082256354628,12,entropy
13,Reg_MeanCos,MIA,0.1328671328671329,0.6805975082860818,12,entropy
13,Reg_MeanL2,Steering,-0.30069930069930073,0.34225952894002465,12,entropy
13,Reg_MeanL2,ICL,0.19432508268938872,0.5450527029269673,12,entropy
13,Reg_MeanL2,GCG,0.6552803317002911,0.020718452537154427,12,entropy
13,Reg_MeanL2,MIA,0.3706293706293707,0.2356210035126457,12,entropy
13,AnonDiff_S_alpha_2,Steering,0.5734265734265735,0.05126558978649144,12,entropy
13,AnonDiff_S_alpha_2,ICL,-0.44622796765711487,0.14592330870496742,12,entropy
13,AnonDiff_S_alpha_2,GCG,-0.4491247217271658,0.14300941662472783,12,entropy
13,AnonDiff_S_alpha_2,MIA,0.4685314685314686,0.124454791188834,12,entropy
13,AnonDiff_MeanCos,Steering,-0.21678321678321683,0.49855598552418856,12,entropy
13,AnonDiff_MeanCos,ICL,0.741314204333594,0.005795528847996949,12,entropy
13,AnonDiff_MeanCos,GCG,0.49330092386426394,0.10316448622586726,12,entropy
13,AnonDiff_MeanCos,MIA,-0.4125874125874127,0.18256397857316675,12,entropy
13,AnonDiff_MeanL2,Steering,-0.1258741258741259,0.6966831093957659,12,entropy
13,AnonDiff_MeanL2,ICL,0.18712785740459653,0.5603244610408403,12,entropy
13,AnonDiff_MeanL2,GCG,0.7878089381115858,0.002343082256354628,12,entropy
13,AnonDiff_MeanL2,MIA,0.1258741258741259,0.6966831093957659,12,entropy
13,NormAnonDiff_S_alpha_2,Steering,0.055944055944055944,0.8628980736949712,12,entropy
13,NormAnonDiff_S_alpha_2,ICL,-0.6045669239225426,0.03730940041365329,12,entropy
13,NormAnonDiff_S_alpha_2,GCG,-0.8614359416734162,0.00031730539400386744,12,entropy
13,NormAnonDiff_S_alpha_2,MIA,0.08391608391608392,0.7954145018538977,12,entropy
13,NormAnonDiff_MeanCos,Steering,-0.21678321678321683,0.49855598552418856,12,entropy
13,NormAnonDiff_MeanCos,ICL,0.741314204333594,0.005795528847996949,12,entropy
13,NormAnonDiff_MeanCos,GCG,0.49330092386426394,0.10316448622586726,12,entropy
13,NormAnonDiff_MeanCos,MIA,-0.4125874125874127,0.18256397857316675,12,entropy
14,Centroid_Norm,Steering,-0.02097902097902098,0.9484022252365223,12,auss
14,Centroid_Norm,ICL,0.6297572124193154,0.02819334835892908,12,auss
14,Centroid_Norm,GCG,0.6258295302755588,0.029495858562686078,12,auss
14,Centroid_Norm,MIA,-0.22377622377622378,0.48445166145539886,12,auss
14,Global_Coherence,Steering,-0.02097902097902098,0.9484022252365223,12,auss
14,Global_Coherence,ICL,0.6297572124193154,0.02819334835892908,12,auss
14,Global_Coherence,GCG,0.6258295302755588,0.029495858562686078,12,auss
14,Global_Coherence,MIA,-0.22377622377622378,0.48445166145539886,12,auss
14,Batch_SecondMoment_TopEig,Steering,-0.06293706293706294,0.8459309212287789,12,auss
14,Batch_SecondMoment_TopEig,ICL,0.6693419514856722,0.017280972678901926,12,auss
14,Batch_SecondMoment_TopEig,GCG,0.6405549309879249,0.024826803450100885,12,auss
14,Batch_SecondMoment_TopEig,MIA,-0.1958041958041958,0.5419358857313175,12,auss
14,AUSS_L2,Steering,0.02097902097902098,0.9484022252365223,12,auss
14,AUSS_L2,ICL,-0.6297572124193154,0.02819334835892908,12,auss
14,AUSS_L2,GCG,-0.6258295302755588,0.029495858562686078,12,auss
14,AUSS_L2,MIA,0.22377622377622378,0.48445166145539886,12,auss
14,AUSS_Cos2,Steering,0.06293706293706294,0.8459309212287789,12,auss
14,AUSS_Cos2,ICL,-0.6693419514856722,0.017280972678901926,12,auss
14,AUSS_Cos2,GCG,-0.6405549309879249,0.024826803450100885,12,auss
14,AUSS_Cos2,MIA,0.1958041958041958,0.5419358857313175,12,auss
14,AUSS_Jac,Steering,-0.034965034965034975,0.9140933424107598,12,auss
14,AUSS_Jac,ICL,-0.21591675854376527,0.5003162216868782,12,auss
14,AUSS_Jac,GCG,0.30187071460350484,0.34028937199405873,12,auss
14,AUSS_Jac,MIA,-0.44055944055944063,0.15173503571673022,12,auss
14,Batch_Cov_Trace,Steering,0.02097902097902098,0.9484022252365223,12,auss
14,Batch_Cov_Trace,ICL,-0.6297572124193154,0.02819334835892908,12,auss
14,Batch_Cov_Trace,GCG,-0.6258295302755588,0.029495858562686078,12,auss
14,Batch_Cov_Trace,MIA,0.22377622377622378,0.48445166145539886,12,auss
14,Batch_Cov_TopEig,Steering,0.034965034965034975,0.9140933424107598,12,auss
14,Batch_Cov_TopEig,ICL,-0.5505877342866015,0.06358443593924291,12,auss
14,Batch_Cov_TopEig,GCG,-0.3165961153158709,0.3160484784103762,12,auss
14,Batch_Cov_TopEig,MIA,0.18881118881118883,0.5567370561768314,12,auss
14,Reg_S_alpha_2,Steering,0.30069930069930073,0.34225952894002465,12,entropy
14,Reg_S_alpha_2,ICL,-0.1799306321198044,0.5757676879683342,12,entropy
14,Reg_S_alpha_2,GCG,-0.670005732412657,0.017129817079404436,12,entropy
14,Reg_S_alpha_2,MIA,-0.18181818181818185,0.5717012385276553,12,entropy
14,Reg_MeanCos,Steering,-0.25874125874125875,0.41677476889913834,12,entropy
14,Reg_MeanCos,ICL,0.27349456082210266,0.38971194066224424,12,entropy
14,Reg_MeanCos,GCG,0.7141819345497554,0.009074170190493572,12,entropy
14,Reg_MeanCos,MIA,0.02097902097902098,0.9484022252365223,12,entropy
14,Reg_MeanL2,Steering,-0.31468531468531474,0.31913878550330455,12,entropy
14,Reg_MeanL2,ICL,0.19432508268938872,0.5450527029269673,12,entropy
14,Reg_MeanL2,GCG,0.6552803317002911,0.020718452537154427,12,entropy
14,Reg_MeanL2,MIA,0.34965034965034975,0.2652387868927897,12,entropy
14,AnonDiff_S_alpha_2,Steering,0.41958041958041964,0.1745190081300594,12,entropy
14,AnonDiff_S_alpha_2,ICL,-0.4750168687962835,0.11862455382051944,12,entropy
14,AnonDiff_S_alpha_2,GCG,-0.4491247217271658,0.14300941662472783,12,entropy
14,AnonDiff_S_alpha_2,MIA,0.41958041958041964,0.1745190081300594,12,entropy
14,AnonDiff_MeanCos,Steering,-0.14685314685314685,0.6487957097846664,12,entropy
14,AnonDiff_MeanCos,ICL,0.7197225284792176,0.008313532954187852,12,entropy
14,AnonDiff_MeanCos,GCG,0.49330092386426394,0.10316448622586726,12,entropy
14,AnonDiff_MeanCos,MIA,-0.37762237762237766,0.22620604493502663,12,entropy
14,AnonDiff_MeanL2,Steering,-0.1258741258741259,0.6966831093957659,12,entropy
14,AnonDiff_MeanL2,ICL,0.18712785740459653,0.5603244610408403,12,entropy
14,AnonDiff_MeanL2,GCG,0.7878089381115858,0.002343082256354628,12,entropy
14,AnonDiff_MeanL2,MIA,0.1258741258741259,0.6966831093957659,12,entropy
14,NormAnonDiff_S_alpha_2,Steering,0.0,1.0,12,entropy
14,NormAnonDiff_S_alpha_2,ICL,-0.5829752480681661,0.04665076405445745,12,entropy
14,NormAnonDiff_S_alpha_2,GCG,-0.8614359416734162,0.00031730539400386744,12,entropy
14,NormAnonDiff_S_alpha_2,MIA,0.055944055944055944,0.8628980736949712,12,entropy
14,NormAnonDiff_MeanCos,Steering,-0.14685314685314685,0.6487957097846664,12,entropy
14,NormAnonDiff_MeanCos,ICL,0.7197225284792176,0.008313532954187852,12,entropy
14,NormAnonDiff_MeanCos,GCG,0.49330092386426394,0.10316448622586726,12,entropy
14,NormAnonDiff_MeanCos,MIA,-0.37762237762237766,0.22620604493502663,12,entropy
15,Centroid_Norm,Steering,-0.02097902097902098,0.9484022252365223,12,auss
15,Centroid_Norm,ICL,0.5685807974985818,0.05372593795463573,12,auss
15,Centroid_Norm,GCG,0.5963787288508268,0.04067841933496426,12,auss
15,Centroid_Norm,MIA,-0.34965034965034975,0.2652387868927897,12,auss
15,Global_Coherence,Steering,-0.02097902097902098,0.9484022252365223,12,auss
15,Global_Coherence,ICL,0.5685807974985818,0.05372593795463573,12,auss
15,Global_Coherence,GCG,0.5963787288508268,0.04067841933496426,12,auss
15,Global_Coherence,MIA,-0.34965034965034975,0.2652387868927897,12,auss
15,Batch_SecondMoment_TopEig,Steering,-0.1188811188811189,0.712884219214772,12,auss
15,Batch_SecondMoment_TopEig,ICL,0.6045669239225426,0.03730940041365329,12,auss
15,Batch_SecondMoment_TopEig,GCG,0.5522025267137284,0.06265211852333291,12,auss
15,Batch_SecondMoment_TopEig,MIA,-0.2937062937062937,0.35414764123292175,12,auss
15,AUSS_L2,Steering,0.02097902097902098,0.9484022252365223,12,auss
15,AUSS_L2,ICL,-0.5685807974985818,0.05372593795463573,12,auss
15,AUSS_L2,GCG,-0.5963787288508268,0.04067841933496426,12,auss
15,AUSS_L2,MIA,0.34965034965034975,0.2652387868927897,12,auss
15,AUSS_Cos2,Steering,0.1188811188811189,0.712884219214772,12,auss
15,AUSS_Cos2,ICL,-0.6045669239225426,0.03730940041365329,12,auss
15,AUSS_Cos2,GCG,-0.5522025267137284,0.06265211852333291,12,auss
15,AUSS_Cos2,MIA,0.2937062937062937,0.35414764123292175,12,auss
15,AUSS_Jac,Steering,0.034965034965034975,0.9140933424107598,12,auss
15,AUSS_Jac,ICL,-0.25550149761012225,0.4228392399749924,12,auss
15,AUSS_Jac,GCG,0.331321516028237,0.29279179253111454,12,auss
15,AUSS_Jac,MIA,-0.39860139860139865,0.19933549461780897,12,auss
15,Batch_Cov_Trace,Steering,0.02097902097902098,0.9484022252365223,12,auss
15,Batch_Cov_Trace,ICL,-0.5685807974985818,0.05372593795463573,12,auss
15,Batch_Cov_Trace,GCG,-0.5963787288508268,0.04067841933496426,12,auss
15,Batch_Cov_Trace,MIA,0.34965034965034975,0.2652387868927897,12,auss
15,Batch_Cov_TopEig,Steering,0.14685314685314685,0.6487957097846664,12,auss
15,Batch_Cov_TopEig,ICL,-0.5721794101409778,0.051891100373881144,12,auss
15,Batch_Cov_TopEig,GCG,-0.34604691674060306,0.2705326752481514,12,auss
15,Batch_Cov_TopEig,MIA,0.2517482517482518,0.42991878503288405,12,auss
15,Reg_S_alpha_2,Steering,0.27272727272727276,0.3910967709418962,12,entropy
15,Reg_S_alpha_2,ICL,-0.1403458930534474,0.6635288841014328,12,entropy
15,Reg_S_alpha_2,GCG,-0.6552803317002911,0.020718452537154427,12,entropy
15,Reg_S_alpha_2,MIA,-0.14685314685314685,0.6487957097846664,12,entropy
15,Reg_MeanCos,Steering,-0.25874125874125875,0.41677476889913834,12,entropy
15,Reg_MeanCos,ICL,0.27349456082210266,0.38971194066224424,12,entropy
15,Reg_MeanCos,GCG,0.7141819345497554,0.009074170190493572,12,entropy
15,Reg_MeanCos,MIA,0.02097902097902098,0.9484022252365223,12,entropy
15,Reg_MeanL2,Steering,-0.31468531468531474,0.31913878550330455,12,entropy
15,Reg_MeanL2,ICL,0.19432508268938872,0.5450527029269673,12,entropy
15,Reg_MeanL2,GCG,0.6552803317002911,0.020718452537154427,12,entropy
15,Reg_MeanL2,MIA,0.34965034965034975,0.2652387868927897,12,entropy
15,AnonDiff_S_alpha_2,Steering,0.41958041958041964,0.1745190081300594,12,entropy
15,AnonDiff_S_alpha_2,ICL,-0.4750168687962835,0.11862455382051944,12,entropy
15,AnonDiff_S_alpha_2,GCG,-0.4491247217271658,0.14300941662472783,12,entropy
15,AnonDiff_S_alpha_2,MIA,0.41958041958041964,0.1745190081300594,12,entropy
15,AnonDiff_MeanCos,Steering,-0.14685314685314685,0.6487957097846664,12,entropy
15,AnonDiff_MeanCos,ICL,0.7197225284792176,0.008313532954187852,12,entropy
15,AnonDiff_MeanCos,GCG,0.49330092386426394,0.10316448622586726,12,entropy
15,AnonDiff_MeanCos,MIA,-0.37762237762237766,0.22620604493502663,12,entropy
15,AnonDiff_MeanL2,Steering,-0.1258741258741259,0.6966831093957659,12,entropy
15,AnonDiff_MeanL2,ICL,0.18712785740459653,0.5603244610408403,12,entropy
15,AnonDiff_MeanL2,GCG,0.7878089381115858,0.002343082256354628,12,entropy
15,AnonDiff_MeanL2,MIA,0.1258741258741259,0.6966831093957659,12,entropy
15,NormAnonDiff_S_alpha_2,Steering,0.07692307692307693,0.8121826980280591,12,entropy
15,NormAnonDiff_S_alpha_2,ICL,-0.5829752480681661,0.04665076405445745,12,entropy
15,NormAnonDiff_S_alpha_2,GCG,-0.802534338823952,0.0016794207429574788,12,entropy
15,NormAnonDiff_S_alpha_2,MIA,0.1398601398601399,0.6646331617926677,12,entropy
15,NormAnonDiff_MeanCos,Steering,-0.14685314685314685,0.6487957097846664,12,entropy
15,NormAnonDiff_MeanCos,ICL,0.7197225284792176,0.008313532954187852,12,entropy
15,NormAnonDiff_MeanCos,GCG,0.49330092386426394,0.10316448622586726,12,entropy
15,NormAnonDiff_MeanCos,MIA,-0.37762237762237766,0.22620604493502663,12,entropy
16,Centroid_Norm,Steering,-0.1188811188811189,0.712884219214772,12,auss
16,Centroid_Norm,ICL,0.6045669239225426,0.03730940041365329,12,auss
16,Centroid_Norm,GCG,0.5522025267137284,0.06265211852333291,12,auss
16,Centroid_Norm,MIA,-0.2937062937062937,0.35414764123292175,12,auss
16,Global_Coherence,Steering,-0.1188811188811189,0.712884219214772,12,auss
16,Global_Coherence,ICL,0.6045669239225426,0.03730940041365329,12,auss
16,Global_Coherence,GCG,0.5522025267137284,0.06265211852333291,12,auss
16,Global_Coherence,MIA,-0.2937062937062937,0.35414764123292175,12,auss
16,Batch_SecondMoment_TopEig,Steering,-0.1188811188811189,0.712884219214772,12,auss
16,Batch_SecondMoment_TopEig,ICL,0.6045669239225426,0.03730940041365329,12,auss
16,Batch_SecondMoment_TopEig,GCG,0.5522025267137284,0.06265211852333291,12,auss
16,Batch_SecondMoment_TopEig,MIA,-0.2937062937062937,0.35414764123292175,12,auss
16,AUSS_L2,Steering,0.1188811188811189,0.712884219214772,12,auss
16,AUSS_L2,ICL,-0.6045669239225426,0.03730940041365329,12,auss
16,AUSS_L2,GCG,-0.5522025267137284,0.06265211852333291,12,auss
16,AUSS_L2,MIA,0.2937062937062937,0.35414764123292175,12,auss
16,AUSS_Cos2,Steering,0.1188811188811189,0.712884219214772,12,auss
16,AUSS_Cos2,ICL,-0.6045669239225426,0.03730940041365329,12,auss
16,AUSS_Cos2,GCG,-0.5522025267137284,0.06265211852333291,12,auss
16,AUSS_Cos2,MIA,0.2937062937062937,0.35414764123292175,12,auss
16,AUSS_Jac,Steering,0.04895104895104895,0.8799185788786749,12,auss
16,AUSS_Jac,ICL,-0.34186820102762827,0.2767472699761164,12,auss
16,AUSS_Jac,GCG,0.28714531389113873,0.3654974789618026,12,auss
16,AUSS_Jac,MIA,-0.3426573426573427,0.27556745095678037,12,auss
16,Batch_Cov_Trace,Steering,0.1188811188811189,0.712884219214772,12,auss
16,Batch_Cov_Trace,ICL,-0.6045669239225426,0.03730940041365329,12,auss
16,Batch_Cov_Trace,GCG,-0.5522025267137284,0.06265211852333291,12,auss
16,Batch_Cov_Trace,MIA,0.2937062937062937,0.35414764123292175,12,auss
16,Batch_Cov_TopEig,Steering,0.11188811188811189,0.729194990751066,12,auss
16,Batch_Cov_TopEig,ICL,-0.5505877342866015,0.06358443593924291,12,auss
16,Batch_Cov_TopEig,GCG,-0.34604691674060306,0.2705326752481514,12,auss
16,Batch_Cov_TopEig,MIA,0.2377622377622378,0.4568008526399232,12,auss
16,Reg_S_alpha_2,Steering,0.4685314685314686,0.124454791188834,12,entropy
16,Reg_S_alpha_2,ICL,0.05038057699354522,0.8764351849316754,12,entropy
16,Reg_S_alpha_2,GCG,-0.3165961153158709,0.3160484784103762,12,entropy
16,Reg_S_alpha_2,MIA,-0.006993006993006993,0.9827917689028476,12,entropy
16,Reg_MeanCos,Steering,-0.3636363636363637,0.2452650007307772,12,entropy
16,Reg_MeanCos,ICL,0.16553618155022,0.6071474466441207,12,entropy
16,Reg_MeanCos,GCG,0.5227517252889962,0.08119677779947733,12,entropy
16,Reg_MeanCos,MIA,-0.027972027972027972,0.9312343512018808,12,entropy
16,Reg_MeanL2,Steering,-0.2867132867132868,0.36625146058358227,12,entropy
16,Reg_MeanL2,ICL,0.14394450569584352,0.6553673006151111,12,entropy
16,Reg_MeanL2,GCG,0.6847311331250232,0.014019920248648099,12,entropy
16,Reg_MeanL2,MIA,0.2867132867132868,0.36625146058358227,12,entropy
16,AnonDiff_S_alpha_2,Steering,0.37762237762237766,0.22620604493502663,12,entropy
16,AnonDiff_S_alpha_2,ICL,-0.38865016537877745,0.21182446931281423,12,entropy
16,AnonDiff_S_alpha_2,GCG,-0.4491247217271658,0.14300941662472783,12,entropy
16,AnonDiff_S_alpha_2,MIA,0.32867132867132864,0.2969041156887641,12,entropy
16,AnonDiff_MeanCos,Steering,-0.16083916083916086,0.6175234895401425,12,entropy
16,AnonDiff_MeanCos,ICL,0.7197225284792176,0.008313532954187852,12,entropy
16,AnonDiff_MeanCos,GCG,0.49330092386426394,0.10316448622586726,12,entropy
16,AnonDiff_MeanCos,MIA,-0.3846153846153847,0.21702022575997748,12,entropy
16,AnonDiff_MeanL2,Steering,-0.10489510489510491,0.7456094809807079,12,entropy
16,AnonDiff_MeanL2,ICL,0.18712785740459653,0.5603244610408403,12,entropy
16,AnonDiff_MeanL2,GCG,0.7878089381115858,0.002343082256354628,12,entropy
16,AnonDiff_MeanL2,MIA,0.1398601398601399,0.6646331617926677,12,entropy
16,NormAnonDiff_S_alpha_2,Steering,0.1398601398601399,0.6646331617926677,12,entropy
16,NormAnonDiff_S_alpha_2,ICL,-0.5829752480681661,0.04665076405445745,12,entropy
16,NormAnonDiff_S_alpha_2,GCG,-0.7436327359744875,0.00556417471576131,12,entropy
16,NormAnonDiff_S_alpha_2,MIA,0.21678321678321683,0.49855598552418856,12,entropy
16,NormAnonDiff_MeanCos,Steering,-0.16083916083916086,0.6175234895401425,12,entropy
16,NormAnonDiff_MeanCos,ICL,0.7197225284792176,0.008313532954187852,12,entropy
16,NormAnonDiff_MeanCos,GCG,0.49330092386426394,0.10316448622586726,12,entropy
16,NormAnonDiff_MeanCos,MIA,-0.3846153846153847,0.21702022575997748,12,entropy
17,Centroid_Norm,Steering,-0.25874125874125875,0.41677476889913834,12,auss
17,Centroid_Norm,ICL,0.5182002205050367,0.08436211791688125,12,auss
17,Centroid_Norm,GCG,0.3754977181653353,0.22904232472888109,12,auss
17,Centroid_Norm,MIA,-0.3706293706293707,0.2356210035126457,12,auss
17,Global_Coherence,Steering,-0.25874125874125875,0.41677476889913834,12,auss
17,Global_Coherence,ICL,0.5182002205050367,0.08436211791688125,12,auss
17,Global_Coherence,GCG,0.3754977181653353,0.22904232472888109,12,auss
17,Global_Coherence,MIA,-0.3706293706293707,0.2356210035126457,12,auss
17,Batch_SecondMoment_TopEig,Steering,-0.25874125874125875,0.41677476889913834,12,auss
17,Batch_SecondMoment_TopEig,ICL,0.5182002205050367,0.08436211791688125,12,auss
17,Batch_SecondMoment_TopEig,GCG,0.3754977181653353,0.22904232472888109,12,auss
17,Batch_SecondMoment_TopEig,MIA,-0.3706293706293707,0.2356210035126457,12,auss
17,AUSS_L2,Steering,0.25874125874125875,0.41677476889913834,12,auss
17,AUSS_L2,ICL,-0.5182002205050367,0.08436211791688125,12,auss
17,AUSS_L2,GCG,-0.3754977181653353,0.22904232472888109,12,auss
17,AUSS_L2,MIA,0.3706293706293707,0.2356210035126457,12,auss
17,AUSS_Cos2,Steering,0.25874125874125875,0.41677476889913834,12,auss
17,AUSS_Cos2,ICL,-0.5182002205050367,0.08436211791688125,12,auss
17,AUSS_Cos2,GCG,-0.3754977181653353,0.22904232472888109,12,auss
17,AUSS_Cos2,MIA,0.3706293706293707,0.2356210035126457,12,auss
17,AUSS_Jac,Steering,0.07692307692307693,0.8121826980280591,12,auss
17,AUSS_Jac,ICL,-0.3166779125308557,0.3159165588642989,12,auss
17,AUSS_Jac,GCG,0.24296911175404048,0.44670152877976554,12,auss
17,AUSS_Jac,MIA,-0.1958041958041958,0.5419358857313175,12,auss
17,Batch_Cov_Trace,Steering,0.25874125874125875,0.41677476889913834,12,auss
17,Batch_Cov_Trace,ICL,-0.5182002205050367,0.08436211791688125,12,auss
17,Batch_Cov_Trace,GCG,-0.3754977181653353,0.22904232472888109,12,auss
17,Batch_Cov_Trace,MIA,0.3706293706293707,0.2356210035126457,12,auss
17,Batch_Cov_TopEig,Steering,0.06993006993006995,0.8290236405313092,12,auss
17,Batch_Cov_TopEig,ICL,-0.5289960584322249,0.07698712000512843,12,auss
17,Batch_Cov_TopEig,GCG,-0.34604691674060306,0.2705326752481514,12,auss
17,Batch_Cov_TopEig,MIA,0.23076923076923078,0.470531995381542,12,auss
17,Reg_S_alpha_2,Steering,0.3356643356643357,0.2861229029149875,12,entropy
17,Reg_S_alpha_2,ICL,0.11155699191427872,0.7299699273205804,12,entropy
17,Reg_S_alpha_2,GCG,-0.331321516028237,0.29279179253111454,12,entropy
17,Reg_S_alpha_2,MIA,0.04195804195804196,0.8969858708195542,12,entropy
17,Reg_MeanCos,Steering,-0.3216783216783217,0.30790987618065263,12,entropy
17,Reg_MeanCos,ICL,0.0287889011391687,0.9292305467215607,12,entropy
17,Reg_MeanCos,GCG,0.46385012243953183,0.1287777412760693,12,entropy
17,Reg_MeanCos,MIA,-0.055944055944055944,0.8628980736949712,12,entropy
17,Reg_MeanL2,Steering,-0.2797202797202798,0.37856866966230307,12,entropy
17,Reg_MeanL2,ICL,0.12235282984146698,0.704827028738562,12,entropy
17,Reg_MeanL2,GCG,0.6552803317002911,0.020718452537154427,12,entropy
17,Reg_MeanL2,MIA,0.3426573426573427,0.27556745095678037,12,entropy
17,AnonDiff_S_alpha_2,Steering,0.3076923076923077,0.3305892594121097,12,entropy
17,AnonDiff_S_alpha_2,ICL,-0.34546681367002435,0.27139055980630433,12,entropy
17,AnonDiff_S_alpha_2,GCG,-0.40494851959006745,0.191611357379026,12,entropy
17,AnonDiff_S_alpha_2,MIA,0.22377622377622378,0.48445166145539886,12,entropy
17,AnonDiff_MeanCos,Steering,-0.18881118881118883,0.5567370561768314,12,entropy
17,AnonDiff_MeanCos,ICL,0.6477502756312957,0.02275180607257669,12,entropy
17,AnonDiff_MeanCos,GCG,0.43439932101479967,0.1582161974429352,12,entropy
17,AnonDiff_MeanCos,MIA,-0.4685314685314686,0.124454791188834,12,entropy
17,AnonDiff_MeanL2,Steering,-0.10489510489510491,0.7456094809807079,12,entropy
17,AnonDiff_MeanL2,ICL,0.18712785740459653,0.5603244610408403,12,entropy
17,AnonDiff_MeanL2,GCG,0.7878089381115858,0.002343082256354628,12,entropy
17,AnonDiff_MeanL2,MIA,0.1398601398601399,0.6646331617926677,12,entropy
17,NormAnonDiff_S_alpha_2,Steering,0.17482517482517487,0.5868236643627043,12,entropy
17,NormAnonDiff_S_alpha_2,ICL,-0.5074043825778483,0.09220241773227436,12,entropy
17,NormAnonDiff_S_alpha_2,GCG,-0.5669279274260944,0.05458371600608296,12,entropy
17,NormAnonDiff_S_alpha_2,MIA,0.3356643356643357,0.2861229029149875,12,entropy
17,NormAnonDiff_MeanCos,Steering,-0.18881118881118883,0.5567370561768314,12,entropy
17,NormAnonDiff_MeanCos,ICL,0.6477502756312957,0.02275180607257669,12,entropy
17,NormAnonDiff_MeanCos,GCG,0.43439932101479967,0.1582161974429352,12,entropy
17,NormAnonDiff_MeanCos,MIA,-0.4685314685314686,0.124454791188834,12,entropy
18,Centroid_Norm,Steering,-0.25874125874125875,0.41677476889913834,12,auss
18,Centroid_Norm,ICL,0.5182002205050367,0.08436211791688125,12,auss
18,Centroid_Norm,GCG,0.3754977181653353,0.22904232472888109,12,auss
18,Centroid_Norm,MIA,-0.3706293706293707,0.2356210035126457,12,auss
18,Global_Coherence,Steering,-0.25874125874125875,0.41677476889913834,12,auss
18,Global_Coherence,ICL,0.5182002205050367,0.08436211791688125,12,auss
18,Global_Coherence,GCG,0.3754977181653353,0.22904232472888109,12,auss
18,Global_Coherence,MIA,-0.3706293706293707,0.2356210035126457,12,auss
18,Batch_SecondMoment_TopEig,Steering,-0.25874125874125875,0.41677476889913834,12,auss
18,Batch_SecondMoment_TopEig,ICL,0.5182002205050367,0.08436211791688125,12,auss
18,Batch_SecondMoment_TopEig,GCG,0.3754977181653353,0.22904232472888109,12,auss
18,Batch_SecondMoment_TopEig,MIA,-0.3706293706293707,0.2356210035126457,12,auss
18,AUSS_L2,Steering,0.25874125874125875,0.41677476889913834,12,auss
18,AUSS_L2,ICL,-0.5182002205050367,0.08436211791688125,12,auss
18,AUSS_L2,GCG,-0.3754977181653353,0.22904232472888109,12,auss
18,AUSS_L2,MIA,0.3706293706293707,0.2356210035126457,12,auss
18,AUSS_Cos2,Steering,0.25874125874125875,0.41677476889913834,12,auss
18,AUSS_Cos2,ICL,-0.5182002205050367,0.08436211791688125,12,auss
18,AUSS_Cos2,GCG,-0.3754977181653353,0.22904232472888109,12,auss
18,AUSS_Cos2,MIA,0.3706293706293707,0.2356210035126457,12,auss
18,AUSS_Jac,Steering,0.013986013986013986,0.9655902689187795,12,auss
18,AUSS_Jac,ICL,-0.25550149761012225,0.4228392399749924,12,auss
18,AUSS_Jac,GCG,0.331321516028237,0.29279179253111454,12,auss
18,AUSS_Jac,MIA,-0.31468531468531474,0.31913878550330455,12,auss
18,Batch_Cov_Trace,Steering,0.25874125874125875,0.41677476889913834,12,auss
18,Batch_Cov_Trace,ICL,-0.5182002205050367,0.08436211791688125,12,auss
18,Batch_Cov_Trace,GCG,-0.3754977181653353,0.22904232472888109,12,auss
18,Batch_Cov_Trace,MIA,0.3706293706293707,0.2356210035126457,12,auss
18,Batch_Cov_TopEig,Steering,0.11188811188811189,0.729194990751066,12,auss
18,Batch_Cov_TopEig,ICL,-0.5505877342866015,0.06358443593924291,12,auss
18,Batch_Cov_TopEig,GCG,-0.34604691674060306,0.2705326752481514,12,auss
18,Batch_Cov_TopEig,MIA,0.2377622377622378,0.4568008526399232,12,auss
18,Reg_S_alpha_2,Steering,0.3356643356643357,0.2861229029149875,12,entropy
18,Reg_S_alpha_2,ICL,0.11155699191427872,0.7299699273205804,12,entropy
18,Reg_S_alpha_2,GCG,-0.331321516028237,0.29279179253111454,12,entropy
18,Reg_S_alpha_2,MIA,0.04195804195804196,0.8969858708195542,12,entropy
18,Reg_MeanCos,Steering,-0.3076923076923077,0.3305892594121097,12,entropy
18,Reg_MeanCos,ICL,0.07197225284792176,0.8240983996170819,12,entropy
18,Reg_MeanCos,GCG,0.5227517252889962,0.08119677779947733,12,entropy
18,Reg_MeanCos,MIA,-0.04195804195804196,0.8969858708195542,12,entropy
18,Reg_MeanL2,Steering,-0.2797202797202798,0.37856866966230307,12,entropy
18,Reg_MeanL2,ICL,0.12235282984146698,0.704827028738562,12,entropy
18,Reg_MeanL2,GCG,0.6552803317002911,0.020718452537154427,12,entropy
18,Reg_MeanL2,MIA,0.3426573426573427,0.27556745095678037,12,entropy
18,AnonDiff_S_alpha_2,Steering,0.3706293706293707,0.2356210035126457,12,entropy
18,AnonDiff_S_alpha_2,ICL,-0.34546681367002435,0.27139055980630433,12,entropy
18,AnonDiff_S_alpha_2,GCG,-0.3754977181653353,0.22904232472888109,12,entropy
18,AnonDiff_S_alpha_2,MIA,0.2027972027972028,0.5273023541661082,12,entropy
18,AnonDiff_MeanCos,Steering,-0.2027972027972028,0.5273023541661082,12,entropy
18,AnonDiff_MeanCos,ICL,0.6657433388432762,0.01811753864009901,12,entropy
18,AnonDiff_MeanCos,GCG,0.49330092386426394,0.10316448622586726,12,entropy
18,AnonDiff_MeanCos,MIA,-0.44055944055944063,0.15173503571673022,12,entropy
18,AnonDiff_MeanL2,Steering,-0.1328671328671329,0.6805975082860818,12,entropy
18,AnonDiff_MeanL2,ICL,0.22671259647095351,0.47858405928443615,12,entropy
18,AnonDiff_MeanL2,GCG,0.802534338823952,0.0016794207429574788,12,entropy
18,AnonDiff_MeanL2,MIA,0.17482517482517487,0.5868236643627043,12,entropy
18,NormAnonDiff_S_alpha_2,Steering,0.2027972027972028,0.5273023541661082,12,entropy
18,NormAnonDiff_S_alpha_2,ICL,-0.4858127067234718,0.10932343310973106,12,entropy
18,NormAnonDiff_S_alpha_2,GCG,-0.5374771260013622,0.07151198097589553,12,entropy
18,NormAnonDiff_S_alpha_2,MIA,0.30069930069930073,0.34225952894002465,12,entropy
18,NormAnonDiff_MeanCos,Steering,-0.2027972027972028,0.5273023541661082,12,entropy
18,NormAnonDiff_MeanCos,ICL,0.6657433388432762,0.01811753864009901,12,entropy
18,NormAnonDiff_MeanCos,GCG,0.49330092386426394,0.10316448622586726,12,entropy
18,NormAnonDiff_MeanCos,MIA,-0.44055944055944063,0.15173503571673022,12,entropy
19,Centroid_Norm,Steering,-0.43356643356643365,0.1591057694121953,12,auss
19,Centroid_Norm,ICL,0.5829752480681661,0.04665076405445745,12,auss
19,Centroid_Norm,GCG,0.3607723174529692,0.24928083469853715,12,auss
19,Centroid_Norm,MIA,-0.44755244755244755,0.14458630130334754,12,auss
19,Global_Coherence,Steering,-0.43356643356643365,0.1591057694121953,12,auss
19,Global_Coherence,ICL,0.5829752480681661,0.04665076405445745,12,auss
19,Global_Coherence,GCG,0.3607723174529692,0.24928083469853715,12,auss
19,Global_Coherence,MIA,-0.44755244755244755,0.14458630130334754,12,auss
19,Batch_SecondMoment_TopEig,Steering,-0.43356643356643365,0.1591057694121953,12,auss
19,Batch_SecondMoment_TopEig,ICL,0.5829752480681661,0.04665076405445745,12,auss
19,Batch_SecondMoment_TopEig,GCG,0.3607723174529692,0.24928083469853715,12,auss
19,Batch_SecondMoment_TopEig,MIA,-0.44755244755244755,0.14458630130334754,12,auss
19,AUSS_L2,Steering,0.43356643356643365,0.1591057694121953,12,auss
19,AUSS_L2,ICL,-0.5829752480681661,0.04665076405445745,12,auss
19,AUSS_L2,GCG,-0.3607723174529692,0.24928083469853715,12,auss
19,AUSS_L2,MIA,0.44755244755244755,0.14458630130334754,12,auss
19,AUSS_Cos2,Steering,0.43356643356643365,0.1591057694121953,12,auss
19,AUSS_Cos2,ICL,-0.5829752480681661,0.04665076405445745,12,auss
19,AUSS_Cos2,GCG,-0.3607723174529692,0.24928083469853715,12,auss
19,AUSS_Cos2,MIA,0.44755244755244755,0.14458630130334754,12,auss
19,AUSS_Jac,Steering,0.013986013986013986,0.9655902689187795,12,auss
19,AUSS_Jac,ICL,-0.2986848493188753,0.3456618489406913,12,auss
19,AUSS_Jac,GCG,0.2724199131787727,0.39165220840043335,12,auss
19,AUSS_Jac,MIA,-0.3216783216783217,0.30790987618065263,12,auss
19,Batch_Cov_Trace,Steering,0.43356643356643365,0.1591057694121953,12,auss
19,Batch_Cov_Trace,ICL,-0.5829752480681661,0.04665076405445745,12,auss
19,Batch_Cov_Trace,GCG,-0.3607723174529692,0.24928083469853715,12,auss
19,Batch_Cov_Trace,MIA,0.44755244755244755,0.14458630130334754,12,auss
19,Batch_Cov_TopEig,Steering,0.1188811188811189,0.712884219214772,12,auss
19,Batch_Cov_TopEig,ICL,-0.5541863469289975,0.061519765511386826,12,auss
19,Batch_Cov_TopEig,GCG,-0.331321516028237,0.29279179253111454,12,auss
19,Batch_Cov_TopEig,MIA,0.21678321678321683,0.49855598552418856,12,auss
19,Reg_S_alpha_2,Steering,0.30069930069930073,0.34225952894002465,12,entropy
19,Reg_S_alpha_2,ICL,0.0287889011391687,0.9292305467215607,12,entropy
19,Reg_S_alpha_2,GCG,-0.43439932101479967,0.1582161974429352,12,entropy
19,Reg_S_alpha_2,MIA,0.02097902097902098,0.9484022252365223,12,entropy
19,Reg_MeanCos,Steering,-0.2937062937062937,0.35414764123292175,12,entropy
19,Reg_MeanCos,ICL,0.010795837927188261,0.9734362458210621,12,entropy
19,Reg_MeanCos,GCG,0.47857552315189794,0.11550312066064748,12,entropy
19,Reg_MeanCos,MIA,-0.034965034965034975,0.9140933424107598,12,entropy
19,Reg_MeanL2,Steering,-0.25874125874125875,0.41677476889913834,12,entropy
19,Reg_MeanL2,ICL,0.12235282984146698,0.704827028738562,12,entropy
19,Reg_MeanL2,GCG,0.6552803317002911,0.020718452537154427,12,entropy
19,Reg_MeanL2,MIA,0.35664335664335667,0.25513775175895725,12,entropy
19,AnonDiff_S_alpha_2,Steering,0.5034965034965035,0.09515736659412469,12,entropy
19,AnonDiff_S_alpha_2,ICL,-0.34546681367002435,0.27139055980630433,12,entropy
19,AnonDiff_S_alpha_2,GCG,-0.3607723174529692,0.24928083469853715,12,entropy
19,AnonDiff_S_alpha_2,MIA,0.18181818181818185,0.5717012385276553,12,entropy
19,AnonDiff_MeanCos,Steering,-0.2377622377622378,0.4568008526399232,12,entropy
19,AnonDiff_MeanCos,ICL,0.6297572124193154,0.02819334835892908,12,entropy
19,AnonDiff_MeanCos,GCG,0.43439932101479967,0.1582161974429352,12,entropy
19,AnonDiff_MeanCos,MIA,-0.5594405594405596,0.05858947538856762,12,entropy
19,AnonDiff_MeanL2,Steering,-0.10489510489510491,0.7456094809807079,12,entropy
19,AnonDiff_MeanL2,ICL,0.18712785740459653,0.5603244610408403,12,entropy
19,AnonDiff_MeanL2,GCG,0.7878089381115858,0.002343082256354628,12,entropy
19,AnonDiff_MeanL2,MIA,0.1398601398601399,0.6646331617926677,12,entropy
19,NormAnonDiff_S_alpha_2,Steering,0.3846153846153847,0.21702022575997748,12,entropy
19,NormAnonDiff_S_alpha_2,ICL,-0.46422103086909533,0.12843170814973676,12,entropy
19,NormAnonDiff_S_alpha_2,GCG,-0.41967392030243356,0.17441297512954776,12,entropy
19,NormAnonDiff_S_alpha_2,MIA,0.3916083916083916,0.2080634636953532,12,entropy
19,NormAnonDiff_MeanCos,Steering,-0.2377622377622378,0.4568008526399232,12,entropy
19,NormAnonDiff_MeanCos,ICL,0.6297572124193154,0.02819334835892908,12,entropy
19,NormAnonDiff_MeanCos,GCG,0.43439932101479967,0.1582161974429352,12,entropy
19,NormAnonDiff_MeanCos,MIA,-0.5594405594405596,0.05858947538856762,12,entropy
20,Centroid_Norm,Steering,-0.35664335664335667,0.25513775175895725,12,auss
20,Centroid_Norm,ICL,0.5217988331474327,0.08185266354994203,12,auss
20,Centroid_Norm,GCG,0.3902231188777014,0.20981956135919516,12,auss
20,Centroid_Norm,MIA,-0.4895104895104896,0.106252371759346,12,auss
20,Global_Coherence,Steering,-0.35664335664335667,0.25513775175895725,12,auss
20,Global_Coherence,ICL,0.5217988331474327,0.08185266354994203,12,auss
20,Global_Coherence,GCG,0.3902231188777014,0.20981956135919516,12,auss
20,Global_Coherence,MIA,-0.4895104895104896,0.106252371759346,12,auss
20,Batch_SecondMoment_TopEig,Steering,-0.37762237762237766,0.22620604493502663,12,auss
20,Batch_SecondMoment_TopEig,ICL,0.5613835722137897,0.05753090952549504,12,auss
20,Batch_SecondMoment_TopEig,GCG,0.3902231188777014,0.20981956135919516,12,auss
20,Batch_SecondMoment_TopEig,MIA,-0.43356643356643365,0.1591057694121953,12,auss
20,AUSS_L2,Steering,0.35664335664335667,0.25513775175895725,12,auss
20,AUSS_L2,ICL,-0.5217988331474327,0.08185266354994203,12,auss
20,AUSS_L2,GCG,-0.3902231188777014,0.20981956135919516,12,auss
20,AUSS_L2,MIA,0.4895104895104896,0.106252371759346,12,auss
20,AUSS_Cos2,Steering,0.37762237762237766,0.22620604493502663,12,auss
20,AUSS_Cos2,ICL,-0.5613835722137897,0.05753090952549504,12,auss
20,AUSS_Cos2,GCG,-0.3902231188777014,0.20981956135919516,12,auss
20,AUSS_Cos2,MIA,0.43356643356643365,0.1591057694121953,12,auss
20,AUSS_Jac,Steering,0.11188811188811189,0.729194990751066,12,auss
20,AUSS_Jac,ICL,-0.2986848493188753,0.3456618489406913,12,auss
20,AUSS_Jac,GCG,0.30187071460350484,0.34028937199405873,12,auss
20,AUSS_Jac,MIA,-0.1958041958041958,0.5419358857313175,12,auss
20,Batch_Cov_Trace,Steering,0.35664335664335667,0.25513775175895725,12,auss
20,Batch_Cov_Trace,ICL,-0.5217988331474327,0.08185266354994203,12,auss
20,Batch_Cov_Trace,GCG,-0.3902231188777014,0.20981956135919516,12,auss
20,Batch_Cov_Trace,MIA,0.4895104895104896,0.106252371759346,12,auss
20,Batch_Cov_TopEig,Steering,0.013986013986013986,0.9655902689187795,12,auss
20,Batch_Cov_TopEig,ICL,-0.5325946710746209,0.07463013430443599,12,auss
20,Batch_Cov_TopEig,GCG,-0.331321516028237,0.29279179253111454,12,auss
20,Batch_Cov_TopEig,MIA,0.16083916083916086,0.6175234895401425,12,auss
20,Reg_S_alpha_2,Steering,0.1258741258741259,0.6966831093957659,12,entropy
20,Reg_S_alpha_2,ICL,0.0035986126423960874,0.9911441921116473,12,entropy
20,Reg_S_alpha_2,GCG,-0.5669279274260944,0.05458371600608296,12,entropy
20,Reg_S_alpha_2,MIA,-0.07692307692307693,0.8121826980280591,12,entropy
20,Reg_MeanCos,Steering,-0.22377622377622378,0.48445166145539886,12,entropy
20,Reg_MeanCos,ICL,0.03238751378156479,0.9204077212508336,12,entropy
20,Reg_MeanCos,GCG,0.5374771260013622,0.07151198097589553,12,entropy
20,Reg_MeanCos,MIA,0.006993006993006993,0.9827917689028476,12,entropy
20,Reg_MeanL2,Steering,-0.25874125874125875,0.41677476889913834,12,entropy
20,Reg_MeanL2,ICL,0.12235282984146698,0.704827028738562,12,entropy
20,Reg_MeanL2,GCG,0.6552803317002911,0.020718452537154427,12,entropy
20,Reg_MeanL2,MIA,0.35664335664335667,0.25513775175895725,12,entropy
20,AnonDiff_S_alpha_2,Steering,0.4055944055944056,0.19083587400450033,12,entropy
20,AnonDiff_S_alpha_2,ICL,-0.4750168687962835,0.11862455382051944,12,entropy
20,AnonDiff_S_alpha_2,GCG,-0.4491247217271658,0.14300941662472783,12,entropy
20,AnonDiff_S_alpha_2,MIA,0.4125874125874127,0.18256397857316675,12,entropy
20,AnonDiff_MeanCos,Steering,-0.20979020979020982,0.5128409431818263,12,entropy
20,AnonDiff_MeanCos,ICL,0.5901724733529584,0.043371902076606475,12,entropy
20,AnonDiff_MeanCos,GCG,0.41967392030243356,0.17441297512954776,12,entropy
20,AnonDiff_MeanCos,MIA,-0.5944055944055945,0.04152149441031855,12,entropy
20,AnonDiff_MeanL2,Steering,-0.10489510489510491,0.7456094809807079,12,entropy
20,AnonDiff_MeanL2,ICL,0.18712785740459653,0.5603244610408403,12,entropy
20,AnonDiff_MeanL2,GCG,0.7878089381115858,0.002343082256354628,12,entropy
20,AnonDiff_MeanL2,MIA,0.1398601398601399,0.6646331617926677,12,entropy
20,NormAnonDiff_S_alpha_2,Steering,0.27272727272727276,0.3910967709418962,12,entropy
20,NormAnonDiff_S_alpha_2,ICL,-0.6369544377041074,0.025915074833900497,12,entropy
20,NormAnonDiff_S_alpha_2,GCG,-0.47857552315189794,0.11550312066064748,12,entropy
20,NormAnonDiff_S_alpha_2,MIA,0.41958041958041964,0.1745190081300594,12,entropy
20,NormAnonDiff_MeanCos,Steering,-0.20979020979020982,0.5128409431818263,12,entropy
20,NormAnonDiff_MeanCos,ICL,0.5901724733529584,0.043371902076606475,12,entropy
20,NormAnonDiff_MeanCos,GCG,0.41967392030243356,0.17441297512954776,12,entropy
20,NormAnonDiff_MeanCos,MIA,-0.5944055944055945,0.04152149441031855,12,entropy
21,Centroid_Norm,Steering,-0.32867132867132864,0.2969041156887641,12,auss
21,Centroid_Norm,ICL,0.49660854465066,0.1005193278998509,12,auss
21,Centroid_Norm,GCG,0.3165961153158709,0.3160484784103762,12,auss
21,Centroid_Norm,MIA,-0.6013986013986015,0.03858845292201944,12,auss
21,Global_Coherence,Steering,-0.32867132867132864,0.2969041156887641,12,auss
21,Global_Coherence,ICL,0.49660854465066,0.1005193278998509,12,auss
21,Global_Coherence,GCG,0.3165961153158709,0.3160484784103762,12,auss
21,Global_Coherence,MIA,-0.6013986013986015,0.03858845292201944,12,auss
21,Batch_SecondMoment_TopEig,Steering,-0.32867132867132864,0.2969041156887641,12,auss
21,Batch_SecondMoment_TopEig,ICL,0.49660854465066,0.1005193278998509,12,auss
21,Batch_SecondMoment_TopEig,GCG,0.3165961153158709,0.3160484784103762,12,auss
21,Batch_SecondMoment_TopEig,MIA,-0.6013986013986015,0.03858845292201944,12,auss
21,AUSS_L2,Steering,0.32867132867132864,0.2969041156887641,12,auss
21,AUSS_L2,ICL,-0.49660854465066,0.1005193278998509,12,auss
21,AUSS_L2,GCG,-0.3165961153158709,0.3160484784103762,12,auss
21,AUSS_L2,MIA,0.6013986013986015,0.03858845292201944,12,auss
21,AUSS_Cos2,Steering,0.32867132867132864,0.2969041156887641,12,auss
21,AUSS_Cos2,ICL,-0.49660854465066,0.1005193278998509,12,auss
21,AUSS_Cos2,GCG,-0.3165961153158709,0.3160484784103762,12,auss
21,AUSS_Cos2,MIA,0.6013986013986015,0.03858845292201944,12,auss
21,AUSS_Jac,Steering,-0.034965034965034975,0.9140933424107598,12,auss
21,AUSS_Jac,ICL,0.04678196435114913,0.885207798602261,12,auss
21,AUSS_Jac,GCG,0.46385012243953183,0.1287777412760693,12,auss
21,AUSS_Jac,MIA,-0.1258741258741259,0.6966831093957659,12,auss
21,Batch_Cov_Trace,Steering,0.32867132867132864,0.2969041156887641,12,auss
21,Batch_Cov_Trace,ICL,-0.49660854465066,0.1005193278998509,12,auss
21,Batch_Cov_Trace,GCG,-0.3165961153158709,0.3160484784103762,12,auss
21,Batch_Cov_Trace,MIA,0.6013986013986015,0.03858845292201944,12,auss
21,Batch_Cov_TopEig,Steering,0.04195804195804196,0.8969858708195542,12,auss
21,Batch_Cov_TopEig,ICL,-0.536193283717017,0.07232306174969703,12,auss
21,Batch_Cov_TopEig,GCG,-0.41967392030243356,0.17441297512954776,12,auss
21,Batch_Cov_TopEig,MIA,0.2517482517482518,0.42991878503288405,12,auss
21,Reg_S_alpha_2,Steering,0.3076923076923077,0.3305892594121097,12,entropy
21,Reg_S_alpha_2,ICL,0.03238751378156479,0.9204077212508336,12,entropy
21,Reg_S_alpha_2,GCG,-0.41967392030243356,0.17441297512954776,12,entropy
21,Reg_S_alpha_2,MIA,0.04895104895104895,0.8799185788786749,12,entropy
21,Reg_MeanCos,Steering,-0.3076923076923077,0.3305892594121097,12,entropy
21,Reg_MeanCos,ICL,-0.03238751378156479,0.9204077212508336,12,entropy
21,Reg_MeanCos,GCG,0.41967392030243356,0.17441297512954776,12,entropy
21,Reg_MeanCos,MIA,-0.04895104895104895,0.8799185788786749,12,entropy
21,Reg_MeanL2,Steering,-0.25874125874125875,0.41677476889913834,12,entropy
21,Reg_MeanL2,ICL,0.12235282984146698,0.704827028738562,12,entropy
21,Reg_MeanL2,GCG,0.6552803317002911,0.020718452537154427,12,entropy
21,Reg_MeanL2,MIA,0.35664335664335667,0.25513775175895725,12,entropy
21,AnonDiff_S_alpha_2,Steering,0.32867132867132864,0.2969041156887641,12,entropy
21,AnonDiff_S_alpha_2,ICL,-0.47861548143867966,0.11546838272073812,12,entropy
21,AnonDiff_S_alpha_2,GCG,-0.3607723174529692,0.24928083469853715,12,entropy
21,AnonDiff_S_alpha_2,MIA,0.44055944055944063,0.15173503571673022,12,entropy
21,AnonDiff_MeanCos,Steering,-0.1398601398601399,0.6646331617926677,12,entropy
21,AnonDiff_MeanCos,ICL,0.6153627618497309,0.03317791547616797,12,entropy
21,AnonDiff_MeanCos,GCG,0.3607723174529692,0.24928083469853715,12,entropy
21,AnonDiff_MeanCos,MIA,-0.5664335664335665,0.054842119775407844,12,entropy
21,AnonDiff_MeanL2,Steering,-0.16083916083916086,0.6175234895401425,12,entropy
21,AnonDiff_MeanL2,ICL,0.04678196435114913,0.885207798602261,12,entropy
21,AnonDiff_MeanL2,GCG,0.6994565338373893,0.011348076764265028,12,entropy
21,AnonDiff_MeanL2,MIA,0.08391608391608392,0.7954145018538977,12,entropy
21,NormAnonDiff_S_alpha_2,Steering,0.21678321678321683,0.49855598552418856,12,entropy
21,NormAnonDiff_S_alpha_2,ICL,-0.5433905090018093,0.06785677737775374,12,entropy
21,NormAnonDiff_S_alpha_2,GCG,-0.3902231188777014,0.20981956135919516,12,entropy
21,NormAnonDiff_S_alpha_2,MIA,0.4545454545454546,0.13765791634772945,12,entropy
21,NormAnonDiff_MeanCos,Steering,-0.1398601398601399,0.6646331617926677,12,entropy
21,NormAnonDiff_MeanCos,ICL,0.6153627618497309,0.03317791547616797,12,entropy
21,NormAnonDiff_MeanCos,GCG,0.3607723174529692,0.24928083469853715,12,entropy
21,NormAnonDiff_MeanCos,MIA,-0.5664335664335665,0.054842119775407844,12,entropy
22,Centroid_Norm,Steering,-0.3356643356643357,0.2861229029149875,12,auss
22,Centroid_Norm,ICL,0.4894113193658679,0.10633397623605567,12,auss
22,Centroid_Norm,GCG,0.2135183103293083,0.5052031403817789,12,auss
22,Centroid_Norm,MIA,-0.6153846153846154,0.03316990109010587,12,auss
22,Global_Coherence,Steering,-0.3356643356643357,0.2861229029149875,12,auss
22,Global_Coherence,ICL,0.4894113193658679,0.10633397623605567,12,auss
22,Global_Coherence,GCG,0.2135183103293083,0.5052031403817789,12,auss
22,Global_Coherence,MIA,-0.6153846153846154,0.03316990109010587,12,auss
22,Batch_SecondMoment_TopEig,Steering,-0.3356643356643357,0.2861229029149875,12,auss
22,Batch_SecondMoment_TopEig,ICL,0.4894113193658679,0.10633397623605567,12,auss
22,Batch_SecondMoment_TopEig,GCG,0.2135183103293083,0.5052031403817789,12,auss
22,Batch_SecondMoment_TopEig,MIA,-0.6153846153846154,0.03316990109010587,12,auss
22,AUSS_L2,Steering,0.3356643356643357,0.2861229029149875,12,auss
22,AUSS_L2,ICL,-0.4894113193658679,0.10633397623605567,12,auss
22,AUSS_L2,GCG,-0.2135183103293083,0.5052031403817789,12,auss
22,AUSS_L2,MIA,0.6153846153846154,0.03316990109010587,12,auss
22,AUSS_Cos2,Steering,0.3916083916083916,0.2080634636953532,12,auss
22,AUSS_Cos2,ICL,-0.5110029952202445,0.08953657170537631,12,auss
22,AUSS_Cos2,GCG,-0.18406750890457615,0.566870457036404,12,auss
22,AUSS_Cos2,MIA,0.6293706293706295,0.02831967129576002,12,auss
22,AUSS_Jac,Steering,0.055944055944055944,0.8628980736949712,12,auss
22,AUSS_Jac,ICL,0.08276809077511,0.7981619615003643,12,auss
22,AUSS_Jac,GCG,0.5227517252889962,0.08119677779947733,12,auss
22,AUSS_Jac,MIA,-0.14685314685314685,0.6487957097846664,12,auss
22,Batch_Cov_Trace,Steering,0.3356643356643357,0.2861229029149875,12,auss
22,Batch_Cov_Trace,ICL,-0.4894113193658679,0.10633397623605567,12,auss
22,Batch_Cov_Trace,GCG,-0.2135183103293083,0.5052031403817789,12,auss
22,Batch_Cov_Trace,MIA,0.6153846153846154,0.03316990109010587,12,auss
22,Batch_Cov_TopEig,Steering,0.055944055944055944,0.8628980736949712,12,auss
22,Batch_Cov_TopEig,ICL,-0.5469891216442053,0.06569660772431905,12,auss
22,Batch_Cov_TopEig,GCG,-0.3754977181653353,0.22904232472888109,12,auss
22,Batch_Cov_TopEig,MIA,0.2517482517482518,0.42991878503288405,12,auss
22,Reg_S_alpha_2,Steering,0.3076923076923077,0.3305892594121097,12,entropy
22,Reg_S_alpha_2,ICL,0.03238751378156479,0.9204077212508336,12,entropy
22,Reg_S_alpha_2,GCG,-0.41967392030243356,0.17441297512954776,12,entropy
22,Reg_S_alpha_2,MIA,0.04895104895104895,0.8799185788786749,12,entropy
22,Reg_MeanCos,Steering,-0.3076923076923077,0.3305892594121097,12,entropy
22,Reg_MeanCos,ICL,-0.03238751378156479,0.9204077212508336,12,entropy
22,Reg_MeanCos,GCG,0.41967392030243356,0.17441297512954776,12,entropy
22,Reg_MeanCos,MIA,-0.04895104895104895,0.8799185788786749,12,entropy
22,Reg_MeanL2,Steering,-0.16783216783216784,0.602099427786538,12,entropy
22,Reg_MeanL2,ICL,0.043183351708753044,0.8939922611240125,12,entropy
22,Reg_MeanL2,GCG,0.6258295302755588,0.029495858562686078,12,entropy
22,Reg_MeanL2,MIA,0.39860139860139865,0.19933549461780897,12,entropy
22,AnonDiff_S_alpha_2,Steering,0.44055944055944063,0.15173503571673022,12,entropy
22,AnonDiff_S_alpha_2,ICL,-0.3022834619612713,0.3395966459973435,12,entropy
22,AnonDiff_S_alpha_2,GCG,-0.1987929096169422,0.5356609409189832,12,entropy
22,AnonDiff_S_alpha_2,MIA,0.6713286713286714,0.016831456186893395,12,entropy
22,AnonDiff_MeanCos,Steering,-0.1188811188811189,0.712884219214772,12,entropy
22,AnonDiff_MeanCos,ICL,0.43903074237232265,0.1533272917843236,12,entropy
22,AnonDiff_MeanCos,GCG,0.25769451246640657,0.41872942679809466,12,entropy
22,AnonDiff_MeanCos,MIA,-0.6993006993006995,0.011374198642690932,12,entropy
22,AnonDiff_MeanL2,Steering,-0.16083916083916086,0.6175234895401425,12,entropy
22,AnonDiff_MeanL2,ICL,0.04678196435114913,0.885207798602261,12,entropy
22,AnonDiff_MeanL2,GCG,0.6994565338373893,0.011348076764265028,12,entropy
22,AnonDiff_MeanL2,MIA,0.08391608391608392,0.7954145018538977,12,entropy
22,NormAnonDiff_S_alpha_2,Steering,0.3846153846153847,0.21702022575997748,12,entropy
22,NormAnonDiff_S_alpha_2,ICL,-0.5074043825778483,0.09220241773227436,12,entropy
22,NormAnonDiff_S_alpha_2,GCG,-0.24296911175404048,0.44670152877976554,12,entropy
22,NormAnonDiff_S_alpha_2,MIA,0.6223776223776225,0.030675895061640132,12,entropy
22,NormAnonDiff_MeanCos,Steering,-0.1188811188811189,0.712884219214772,12,entropy
22,NormAnonDiff_MeanCos,ICL,0.43903074237232265,0.1533272917843236,12,entropy
22,NormAnonDiff_MeanCos,GCG,0.25769451246640657,0.41872942679809466,12,entropy
22,NormAnonDiff_MeanCos,MIA,-0.6993006993006995,0.011374198642690932,12,entropy
23,Centroid_Norm,Steering,-0.3216783216783217,0.30790987618065263,12,auss
23,Centroid_Norm,ICL,0.493009932008264,0.10339939579195204,12,auss
23,Centroid_Norm,GCG,0.09571510463037958,0.7673047601300687,12,auss
23,Centroid_Norm,MIA,-0.6293706293706295,0.02831967129576002,12,auss
23,Global_Coherence,Steering,-0.3216783216783217,0.30790987618065263,12,auss
23,Global_Coherence,ICL,0.493009932008264,0.10339939579195204,12,auss
23,Global_Coherence,GCG,0.09571510463037958,0.7673047601300687,12,auss
23,Global_Coherence,MIA,-0.6293706293706295,0.02831967129576002,12,auss
23,Batch_SecondMoment_TopEig,Steering,-0.3916083916083916,0.2080634636953532,12,auss
23,Batch_SecondMoment_TopEig,ICL,0.5325946710746209,0.07463013430443599,12,auss
23,Batch_SecondMoment_TopEig,GCG,0.12516590605511177,0.6983187239940101,12,auss
23,Batch_SecondMoment_TopEig,MIA,-0.6153846153846154,0.03316990109010587,12,auss
23,AUSS_L2,Steering,0.3216783216783217,0.30790987618065263,12,auss
23,AUSS_L2,ICL,-0.493009932008264,0.10339939579195204,12,auss
23,AUSS_L2,GCG,-0.09571510463037958,0.7673047601300687,12,auss
23,AUSS_L2,MIA,0.6293706293706295,0.02831967129576002,12,auss
23,AUSS_Cos2,Steering,0.3916083916083916,0.2080634636953532,12,auss
23,AUSS_Cos2,ICL,-0.5325946710746209,0.07463013430443599,12,auss
23,AUSS_Cos2,GCG,-0.12516590605511177,0.6983187239940101,12,auss
23,AUSS_Cos2,MIA,0.6153846153846154,0.03316990109010587,12,auss
23,AUSS_Jac,Steering,0.08391608391608392,0.7954145018538977,12,auss
23,AUSS_Jac,ICL,-0.15833895626542785,0.6230730498266057,12,auss
23,AUSS_Jac,GCG,0.30187071460350484,0.34028937199405873,12,auss
23,AUSS_Jac,MIA,-0.1188811188811189,0.712884219214772,12,auss
23,Batch_Cov_Trace,Steering,0.3216783216783217,0.30790987618065263,12,auss
23,Batch_Cov_Trace,ICL,-0.493009932008264,0.10339939579195204,12,auss
23,Batch_Cov_Trace,GCG,-0.09571510463037958,0.7673047601300687,12,auss
23,Batch_Cov_Trace,MIA,0.6293706293706295,0.02831967129576002,12,auss
23,Batch_Cov_TopEig,Steering,0.027972027972027972,0.9312343512018808,12,auss
23,Batch_Cov_TopEig,ICL,-0.5721794101409778,0.051891100373881144,12,auss
23,Batch_Cov_TopEig,GCG,-0.43439932101479967,0.1582161974429352,12,auss
23,Batch_Cov_TopEig,MIA,0.3846153846153847,0.21702022575997748,12,auss
23,Reg_S_alpha_2,Steering,0.3076923076923077,0.3305892594121097,12,entropy
23,Reg_S_alpha_2,ICL,0.03238751378156479,0.9204077212508336,12,entropy
23,Reg_S_alpha_2,GCG,-0.41967392030243356,0.17441297512954776,12,entropy
23,Reg_S_alpha_2,MIA,0.04895104895104895,0.8799185788786749,12,entropy
23,Reg_MeanCos,Steering,-0.3076923076923077,0.3305892594121097,12,entropy
23,Reg_MeanCos,ICL,-0.03238751378156479,0.9204077212508336,12,entropy
23,Reg_MeanCos,GCG,0.41967392030243356,0.17441297512954776,12,entropy
23,Reg_MeanCos,MIA,-0.04895104895104895,0.8799185788786749,12,entropy
23,Reg_MeanL2,Steering,-0.16783216783216784,0.602099427786538,12,entropy
23,Reg_MeanL2,ICL,0.043183351708753044,0.8939922611240125,12,entropy
23,Reg_MeanL2,GCG,0.6258295302755588,0.029495858562686078,12,entropy
23,Reg_MeanL2,MIA,0.39860139860139865,0.19933549461780897,12,entropy
23,AnonDiff_S_alpha_2,Steering,0.31468531468531474,0.31913878550330455,12,entropy
23,AnonDiff_S_alpha_2,ICL,-0.45342519294190703,0.13875307621130148,12,entropy
23,AnonDiff_S_alpha_2,GCG,-0.09571510463037958,0.7673047601300687,12,entropy
23,AnonDiff_S_alpha_2,MIA,0.6923076923076924,0.012593030496094107,12,entropy
23,AnonDiff_MeanCos,Steering,-0.02097902097902098,0.9484022252365223,12,entropy
23,AnonDiff_MeanCos,ICL,0.4750168687962835,0.11862455382051944,12,entropy
23,AnonDiff_MeanCos,GCG,0.2135183103293083,0.5052031403817789,12,entropy
23,AnonDiff_MeanCos,MIA,-0.6503496503496504,0.022034190932365288,12,entropy
23,AnonDiff_MeanL2,Steering,-0.16083916083916086,0.6175234895401425,12,entropy
23,AnonDiff_MeanL2,ICL,0.04678196435114913,0.885207798602261,12,entropy
23,AnonDiff_MeanL2,GCG,0.6994565338373893,0.011348076764265028,12,entropy
23,AnonDiff_MeanL2,MIA,0.08391608391608392,0.7954145018538977,12,entropy
23,NormAnonDiff_S_alpha_2,Steering,0.39860139860139865,0.19933549461780897,12,entropy
23,NormAnonDiff_S_alpha_2,ICL,-0.5289960584322249,0.07698712000512843,12,entropy
23,NormAnonDiff_S_alpha_2,GCG,-0.2282437110416744,0.47553752410410166,12,entropy
23,NormAnonDiff_S_alpha_2,MIA,0.6153846153846154,0.03316990109010587,12,entropy
23,NormAnonDiff_MeanCos,Steering,-0.02097902097902098,0.9484022252365223,12,entropy
23,NormAnonDiff_MeanCos,ICL,0.4750168687962835,0.11862455382051944,12,entropy
23,NormAnonDiff_MeanCos,GCG,0.2135183103293083,0.5052031403817789,12,entropy
23,NormAnonDiff_MeanCos,MIA,-0.6503496503496504,0.022034190932365288,12,entropy
24,Centroid_Norm,Steering,-0.3916083916083916,0.2080634636953532,12,auss
24,Centroid_Norm,ICL,0.5325946710746209,0.07463013430443599,12,auss
24,Centroid_Norm,GCG,0.12516590605511177,0.6983187239940101,12,auss
24,Centroid_Norm,MIA,-0.6153846153846154,0.03316990109010587,12,auss
24,Global_Coherence,Steering,-0.3916083916083916,0.2080634636953532,12,auss
24,Global_Coherence,ICL,0.5325946710746209,0.07463013430443599,12,auss
24,Global_Coherence,GCG,0.12516590605511177,0.6983187239940101,12,auss
24,Global_Coherence,MIA,-0.6153846153846154,0.03316990109010587,12,auss
24,Batch_SecondMoment_TopEig,Steering,-0.3916083916083916,0.2080634636953532,12,auss
24,Batch_SecondMoment_TopEig,ICL,0.5325946710746209,0.07463013430443599,12,auss
24,Batch_SecondMoment_TopEig,GCG,0.12516590605511177,0.6983187239940101,12,auss
24,Batch_SecondMoment_TopEig,MIA,-0.6153846153846154,0.03316990109010587,12,auss
24,AUSS_L2,Steering,0.3916083916083916,0.2080634636953532,12,auss
24,AUSS_L2,ICL,-0.5325946710746209,0.07463013430443599,12,auss
24,AUSS_L2,GCG,-0.12516590605511177,0.6983187239940101,12,auss
24,AUSS_L2,MIA,0.6153846153846154,0.03316990109010587,12,auss
24,AUSS_Cos2,Steering,0.3916083916083916,0.2080634636953532,12,auss
24,AUSS_Cos2,ICL,-0.5325946710746209,0.07463013430443599,12,auss
24,AUSS_Cos2,GCG,-0.12516590605511177,0.6983187239940101,12,auss
24,AUSS_Cos2,MIA,0.6153846153846154,0.03316990109010587,12,auss
24,AUSS_Jac,Steering,0.16783216783216784,0.602099427786538,12,auss
24,AUSS_Jac,ICL,-0.4030446159483618,0.19390858951446524,12,auss
24,AUSS_Jac,GCG,0.11044050534274567,0.732584602157567,12,auss
24,AUSS_Jac,MIA,-0.034965034965034975,0.9140933424107598,12,auss
24,Batch_Cov_Trace,Steering,0.3916083916083916,0.2080634636953532,12,auss
24,Batch_Cov_Trace,ICL,-0.5325946710746209,0.07463013430443599,12,auss
24,Batch_Cov_Trace,GCG,-0.12516590605511177,0.6983187239940101,12,auss
24,Batch_Cov_Trace,MIA,0.6153846153846154,0.03316990109010587,12,auss
24,Batch_Cov_TopEig,Steering,0.0,1.0,12,auss
24,Batch_Cov_TopEig,ICL,-0.5541863469289975,0.061519765511386826,12,auss
24,Batch_Cov_TopEig,GCG,-0.46385012243953183,0.1287777412760693,12,auss
24,Batch_Cov_TopEig,MIA,0.37762237762237766,0.22620604493502663,12,auss
24,Reg_S_alpha_2,Steering,0.3216783216783217,0.30790987618065263,12,entropy
24,Reg_S_alpha_2,ICL,0.1151556045566748,0.7215604859041252,12,entropy
24,Reg_S_alpha_2,GCG,-0.331321516028237,0.29279179253111454,12,entropy
24,Reg_S_alpha_2,MIA,0.1188811188811189,0.712884219214772,12,entropy
24,Reg_MeanCos,Steering,-0.37762237762237766,0.22620604493502663,12,entropy
24,Reg_MeanCos,ICL,-0.05397918963594132,0.8676753181527858,12,entropy
24,Reg_MeanCos,GCG,0.331321516028237,0.29279179253111454,12,entropy
24,Reg_MeanCos,MIA,-0.18881118881118883,0.5567370561768314,12,entropy
24,Reg_MeanL2,Steering,-0.16783216783216784,0.602099427786538,12,entropy
24,Reg_MeanL2,ICL,0.043183351708753044,0.8939922611240125,12,entropy
24,Reg_MeanL2,GCG,0.6258295302755588,0.029495858562686078,12,entropy
24,Reg_MeanL2,MIA,0.39860139860139865,0.19933549461780897,12,entropy
24,AnonDiff_S_alpha_2,Steering,0.3706293706293707,0.2356210035126457,12,entropy
24,AnonDiff_S_alpha_2,ICL,-0.26629733553731044,0.40279993174471285,12,entropy
24,AnonDiff_S_alpha_2,GCG,-0.09571510463037958,0.7673047601300687,12,entropy
24,AnonDiff_S_alpha_2,MIA,0.7062937062937064,0.010245193941127854,12,entropy
24,AnonDiff_MeanCos,Steering,-0.2447552447552448,0.4432619364501832,12,entropy
24,AnonDiff_MeanCos,ICL,0.47861548143867966,0.11546838272073812,12,entropy
24,AnonDiff_MeanCos,GCG,0.1987929096169422,0.5356609409189832,12,entropy
24,AnonDiff_MeanCos,MIA,-0.7062937062937064,0.010245193941127854,12,entropy
24,AnonDiff_MeanL2,Steering,-0.18881118881118883,0.5567370561768314,12,entropy
24,AnonDiff_MeanL2,ICL,0.08636670341750609,0.7895566704874586,12,entropy
24,AnonDiff_MeanL2,GCG,0.7141819345497554,0.009074170190493572,12,entropy
24,AnonDiff_MeanL2,MIA,0.1188811188811189,0.712884219214772,12,entropy
24,NormAnonDiff_S_alpha_2,Steering,0.4125874125874127,0.18256397857316675,12,entropy
24,NormAnonDiff_S_alpha_2,ICL,-0.5433905090018093,0.06785677737775374,12,entropy
24,NormAnonDiff_S_alpha_2,GCG,-0.11044050534274567,0.732584602157567,12,entropy
24,NormAnonDiff_S_alpha_2,MIA,0.6293706293706295,0.02831967129576002,12,entropy
24,NormAnonDiff_MeanCos,Steering,-0.2447552447552448,0.4432619364501832,12,entropy
24,NormAnonDiff_MeanCos,ICL,0.47861548143867966,0.11546838272073812,12,entropy
24,NormAnonDiff_MeanCos,GCG,0.1987929096169422,0.5356609409189832,12,entropy
24,NormAnonDiff_MeanCos,MIA,-0.7062937062937064,0.010245193941127854,12,entropy
25,Centroid_Norm,Steering,-0.44755244755244755,0.14458630130334754,12,auss
25,Centroid_Norm,ICL,0.5649821848561858,0.055605698409468454,12,auss
25,Centroid_Norm,GCG,0.06626430320564741,0.8378786511226731,12,auss
25,Centroid_Norm,MIA,-0.6153846153846154,0.03316990109010587,12,auss
25,Global_Coherence,Steering,-0.44755244755244755,0.14458630130334754,12,auss
25,Global_Coherence,ICL,0.5649821848561858,0.055605698409468454,12,auss
25,Global_Coherence,GCG,0.06626430320564741,0.8378786511226731,12,auss
25,Global_Coherence,MIA,-0.6153846153846154,0.03316990109010587,12,auss
25,Batch_SecondMoment_TopEig,Steering,-0.44755244755244755,0.14458630130334754,12,auss
25,Batch_SecondMoment_TopEig,ICL,0.5649821848561858,0.055605698409468454,12,auss
25,Batch_SecondMoment_TopEig,GCG,0.06626430320564741,0.8378786511226731,12,auss
25,Batch_SecondMoment_TopEig,MIA,-0.6153846153846154,0.03316990109010587,12,auss
25,AUSS_L2,Steering,0.44755244755244755,0.14458630130334754,12,auss
25,AUSS_L2,ICL,-0.5649821848561858,0.055605698409468454,12,auss
25,AUSS_L2,GCG,-0.06626430320564741,0.8378786511226731,12,auss
25,AUSS_L2,MIA,0.6153846153846154,0.03316990109010587,12,auss
25,AUSS_Cos2,Steering,0.44755244755244755,0.14458630130334754,12,auss
25,AUSS_Cos2,ICL,-0.5649821848561858,0.055605698409468454,12,auss
25,AUSS_Cos2,GCG,-0.06626430320564741,0.8378786511226731,12,auss
25,AUSS_Cos2,MIA,0.6153846153846154,0.03316990109010587,12,auss
25,AUSS_Jac,Steering,0.07692307692307693,0.8121826980280591,12,auss
25,AUSS_Jac,ICL,-0.41024184123315394,0.18531317495059385,12,auss
25,AUSS_Jac,GCG,0.05153890249328131,0.8736141148640144,12,auss
25,AUSS_Jac,MIA,-0.17482517482517487,0.5868236643627043,12,auss
25,Batch_Cov_Trace,Steering,0.44755244755244755,0.14458630130334754,12,auss
25,Batch_Cov_Trace,ICL,-0.5649821848561858,0.055605698409468454,12,auss
25,Batch_Cov_Trace,GCG,-0.06626430320564741,0.8378786511226731,12,auss
25,Batch_Cov_Trace,MIA,0.6153846153846154,0.03316990109010587,12,auss
25,Batch_Cov_TopEig,Steering,0.08391608391608392,0.7954145018538977,12,auss
25,Batch_Cov_TopEig,ICL,-0.698130852624841,0.011571722612126113,12,auss
25,Batch_Cov_TopEig,GCG,-0.3607723174529692,0.24928083469853715,12,auss
25,Batch_Cov_TopEig,MIA,0.39860139860139865,0.19933549461780897,12,auss
25,Reg_S_alpha_2,Steering,0.3216783216783217,0.30790987618065263,12,entropy
25,Reg_S_alpha_2,ICL,0.07557086549031783,0.8154336922773704,12,entropy
25,Reg_S_alpha_2,GCG,-0.331321516028237,0.29279179253111454,12,entropy
25,Reg_S_alpha_2,MIA,0.16083916083916086,0.6175234895401425,12,entropy
25,Reg_MeanCos,Steering,-0.37762237762237766,0.22620604493502663,12,entropy
25,Reg_MeanCos,ICL,-0.05397918963594132,0.8676753181527858,12,entropy
25,Reg_MeanCos,GCG,0.331321516028237,0.29279179253111454,12,entropy
25,Reg_MeanCos,MIA,-0.18881118881118883,0.5567370561768314,12,entropy
25,Reg_MeanL2,Steering,-0.16783216783216784,0.602099427786538,12,entropy
25,Reg_MeanL2,ICL,0.043183351708753044,0.8939922611240125,12,entropy
25,Reg_MeanL2,GCG,0.6258295302755588,0.029495858562686078,12,entropy
25,Reg_MeanL2,MIA,0.39860139860139865,0.19933549461780897,12,entropy
25,AnonDiff_S_alpha_2,Steering,0.34965034965034975,0.2652387868927897,12,entropy
25,AnonDiff_S_alpha_2,ICL,-0.4246362918027384,0.1688433733543018,12,entropy
25,AnonDiff_S_alpha_2,GCG,-0.007362700356183045,0.9818821641645971,12,entropy
25,AnonDiff_S_alpha_2,MIA,0.6993006993006995,0.011374198642690932,12,entropy
25,AnonDiff_MeanCos,Steering,-0.27272727272727276,0.3910967709418962,12,entropy
25,AnonDiff_MeanCos,ICL,0.5110029952202445,0.08953657170537631,12,entropy
25,AnonDiff_MeanCos,GCG,0.13989130676747785,0.6645622906991941,12,entropy
25,AnonDiff_MeanCos,MIA,-0.6923076923076924,0.012593030496094107,12,entropy
25,AnonDiff_MeanL2,Steering,-0.18881118881118883,0.5567370561768314,12,entropy
25,AnonDiff_MeanL2,ICL,0.08636670341750609,0.7895566704874586,12,entropy
25,AnonDiff_MeanL2,GCG,0.7141819345497554,0.009074170190493572,12,entropy
25,AnonDiff_MeanL2,MIA,0.1188811188811189,0.712884219214772,12,entropy
25,NormAnonDiff_S_alpha_2,Steering,0.43356643356643365,0.1591057694121953,12,entropy
25,NormAnonDiff_S_alpha_2,ICL,-0.5829752480681661,0.04665076405445745,12,entropy
25,NormAnonDiff_S_alpha_2,GCG,-0.11044050534274567,0.732584602157567,12,entropy
25,NormAnonDiff_S_alpha_2,MIA,0.5734265734265735,0.05126558978649144,12,entropy
25,NormAnonDiff_MeanCos,Steering,-0.27272727272727276,0.3910967709418962,12,entropy
25,NormAnonDiff_MeanCos,ICL,0.5110029952202445,0.08953657170537631,12,entropy
25,NormAnonDiff_MeanCos,GCG,0.13989130676747785,0.6645622906991941,12,entropy
25,NormAnonDiff_MeanCos,MIA,-0.6923076923076924,0.012593030496094107,12,entropy
26,Centroid_Norm,Steering,-0.49650349650349657,0.10060263183225483,12,auss
26,Centroid_Norm,ICL,0.618961374492127,0.03187679394191185,12,auss
26,Centroid_Norm,GCG,0.007362700356183045,0.9818821641645971,12,auss
26,Centroid_Norm,MIA,-0.5944055944055945,0.04152149441031855,12,auss
26,Global_Coherence,Steering,-0.49650349650349657,0.10060263183225483,12,auss
26,Global_Coherence,ICL,0.618961374492127,0.03187679394191185,12,auss
26,Global_Coherence,GCG,0.007362700356183045,0.9818821641645971,12,auss
26,Global_Coherence,MIA,-0.5944055944055945,0.04152149441031855,12,auss
26,Batch_SecondMoment_TopEig,Steering,-0.49650349650349657,0.10060263183225483,12,auss
26,Batch_SecondMoment_TopEig,ICL,0.618961374492127,0.03187679394191185,12,auss
26,Batch_SecondMoment_TopEig,GCG,0.007362700356183045,0.9818821641645971,12,auss
26,Batch_SecondMoment_TopEig,MIA,-0.5944055944055945,0.04152149441031855,12,auss
26,AUSS_L2,Steering,0.49650349650349657,0.10060263183225483,12,auss
26,AUSS_L2,ICL,-0.618961374492127,0.03187679394191185,12,auss
26,AUSS_L2,GCG,-0.007362700356183045,0.9818821641645971,12,auss
26,AUSS_L2,MIA,0.5944055944055945,0.04152149441031855,12,auss
26,AUSS_Cos2,Steering,0.49650349650349657,0.10060263183225483,12,auss
26,AUSS_Cos2,ICL,-0.618961374492127,0.03187679394191185,12,auss
26,AUSS_Cos2,GCG,-0.007362700356183045,0.9818821641645971,12,auss
26,AUSS_Cos2,MIA,0.5944055944055945,0.04152149441031855,12,auss
26,AUSS_Jac,Steering,0.02097902097902098,0.9484022252365223,12,auss
26,AUSS_Jac,ICL,-0.5146016078626405,0.08692327810270903,12,auss
26,AUSS_Jac,GCG,0.06626430320564741,0.8378786511226731,12,auss
26,AUSS_Jac,MIA,0.02097902097902098,0.9484022252365223,12,auss
26,Batch_Cov_Trace,Steering,0.49650349650349657,0.10060263183225483,12,auss
26,Batch_Cov_Trace,ICL,-0.618961374492127,0.03187679394191185,12,auss
26,Batch_Cov_Trace,GCG,-0.007362700356183045,0.9818821641645971,12,auss
26,Batch_Cov_Trace,MIA,0.5944055944055945,0.04152149441031855,12,auss
26,Batch_Cov_TopEig,Steering,0.1328671328671329,0.6805975082860818,12,auss
26,Batch_Cov_TopEig,ICL,-0.7089266905520293,0.009842511425452649,12,auss
26,Batch_Cov_TopEig,GCG,-0.47857552315189794,0.11550312066064748,12,auss
26,Batch_Cov_TopEig,MIA,0.4055944055944056,0.19083587400450033,12,auss
26,Reg_S_alpha_2,Steering,0.2797202797202798,0.37856866966230307,12,entropy
26,Reg_S_alpha_2,ICL,0.09716254134469436,0.7638733885616371,12,entropy
26,Reg_S_alpha_2,GCG,-0.331321516028237,0.29279179253111454,12,entropy
26,Reg_S_alpha_2,MIA,0.15384615384615385,0.6330906812462618,12,entropy
26,Reg_MeanCos,Steering,-0.2657342657342658,0.40383308831471165,12,entropy
26,Reg_MeanCos,ICL,-0.1151556045566748,0.7215604859041252,12,entropy
26,Reg_MeanCos,GCG,0.30187071460350484,0.34028937199405873,12,entropy
26,Reg_MeanCos,MIA,-0.18181818181818185,0.5717012385276553,12,entropy
26,Reg_MeanL2,Steering,-0.16783216783216784,0.602099427786538,12,entropy
26,Reg_MeanL2,ICL,0.043183351708753044,0.8939922611240125,12,entropy
26,Reg_MeanL2,GCG,0.6258295302755588,0.029495858562686078,12,entropy
26,Reg_MeanL2,MIA,0.39860139860139865,0.19933549461780897,12,entropy
26,AnonDiff_S_alpha_2,Steering,0.4055944055944056,0.19083587400450033,12,entropy
26,AnonDiff_S_alpha_2,ICL,-0.41743906651794616,0.1769584369228486,12,entropy
26,AnonDiff_S_alpha_2,GCG,0.0809897039180135,0.8024222681425334,12,entropy
26,AnonDiff_S_alpha_2,MIA,0.6993006993006995,0.011374198642690932,12,entropy
26,AnonDiff_MeanCos,Steering,-0.2447552447552448,0.4432619364501832,12,entropy
26,AnonDiff_MeanCos,ICL,0.5973696986377506,0.04025961934907364,12,entropy
26,AnonDiff_MeanCos,GCG,0.0809897039180135,0.8024222681425334,12,entropy
26,AnonDiff_MeanCos,MIA,-0.6013986013986015,0.03858845292201944,12,entropy
26,AnonDiff_MeanL2,Steering,-0.18881118881118883,0.5567370561768314,12,entropy
26,AnonDiff_MeanL2,ICL,0.08636670341750609,0.7895566704874586,12,entropy
26,AnonDiff_MeanL2,GCG,0.7141819345497554,0.009074170190493572,12,entropy
26,AnonDiff_MeanL2,MIA,0.1188811188811189,0.712884219214772,12,entropy
26,NormAnonDiff_S_alpha_2,Steering,0.41958041958041964,0.1745190081300594,12,entropy
26,NormAnonDiff_S_alpha_2,ICL,-0.6261585997769192,0.02938509980112017,12,entropy
26,NormAnonDiff_S_alpha_2,GCG,0.007362700356183045,0.9818821641645971,12,entropy
26,NormAnonDiff_S_alpha_2,MIA,0.49650349650349657,0.10060263183225483,12,entropy
26,NormAnonDiff_MeanCos,Steering,-0.2447552447552448,0.4432619364501832,12,entropy
26,NormAnonDiff_MeanCos,ICL,0.5973696986377506,0.04025961934907364,12,entropy
26,NormAnonDiff_MeanCos,GCG,0.0809897039180135,0.8024222681425334,12,entropy
26,NormAnonDiff_MeanCos,MIA,-0.6013986013986015,0.03858845292201944,12,entropy
27,Centroid_Norm,Steering,-0.4825174825174825,0.11210929146889191,12,auss
27,Centroid_Norm,ICL,0.6369544377041074,0.025915074833900497,12,auss
27,Centroid_Norm,GCG,0.05153890249328131,0.8736141148640144,12,auss
27,Centroid_Norm,MIA,-0.5524475524475525,0.06251148327961512,12,auss
27,Global_Coherence,Steering,-0.4825174825174825,0.11210929146889191,12,auss
27,Global_Coherence,ICL,0.6369544377041074,0.025915074833900497,12,auss
27,Global_Coherence,GCG,0.05153890249328131,0.8736141148640144,12,auss
27,Global_Coherence,MIA,-0.5524475524475525,0.06251148327961512,12,auss
27,Batch_SecondMoment_TopEig,Steering,-0.4545454545454546,0.13765791634772945,12,auss
27,Batch_SecondMoment_TopEig,ICL,0.6477502756312957,0.02275180607257669,12,auss
27,Batch_SecondMoment_TopEig,GCG,-0.007362700356183045,0.9818821641645971,12,auss
27,Batch_SecondMoment_TopEig,MIA,-0.5104895104895105,0.08991373630263913,12,auss
27,AUSS_L2,Steering,0.4825174825174825,0.11210929146889191,12,auss
27,AUSS_L2,ICL,-0.6369544377041074,0.025915074833900497,12,auss
27,AUSS_L2,GCG,-0.05153890249328131,0.8736141148640144,12,auss
27,AUSS_L2,MIA,0.5524475524475525,0.06251148327961512,12,auss
27,AUSS_Cos2,Steering,0.4545454545454546,0.13765791634772945,12,auss
27,AUSS_Cos2,ICL,-0.6477502756312957,0.02275180607257669,12,auss
27,AUSS_Cos2,GCG,0.007362700356183045,0.9818821641645971,12,auss
27,AUSS_Cos2,MIA,0.5104895104895105,0.08991373630263913,12,auss
27,AUSS_Jac,Steering,0.16783216783216784,0.602099427786538,12,auss
27,AUSS_Jac,ICL,-0.6369544377041074,0.025915074833900497,12,auss
27,AUSS_Jac,GCG,0.05153890249328131,0.8736141148640144,12,auss
27,AUSS_Jac,MIA,-0.02097902097902098,0.9484022252365223,12,auss
27,Batch_Cov_Trace,Steering,0.4825174825174825,0.11210929146889191,12,auss
27,Batch_Cov_Trace,ICL,-0.6369544377041074,0.025915074833900497,12,auss
27,Batch_Cov_Trace,GCG,-0.05153890249328131,0.8736141148640144,12,auss
27,Batch_Cov_Trace,MIA,0.5524475524475525,0.06251148327961512,12,auss
27,Batch_Cov_TopEig,Steering,0.46153846153846156,0.13094806950717278,12,auss
27,Batch_Cov_TopEig,ICL,-0.8312795203934962,0.0008051751051870448,12,auss
27,Batch_Cov_TopEig,GCG,-0.25769451246640657,0.41872942679809466,12,auss
27,Batch_Cov_TopEig,MIA,0.14685314685314685,0.6487957097846664,12,auss
27,Reg_S_alpha_2,Steering,0.1328671328671329,0.6805975082860818,12,entropy
27,Reg_S_alpha_2,ICL,0.1979236953317848,0.5374827183010917,12,entropy
27,Reg_S_alpha_2,GCG,-0.2135183103293083,0.5052031403817789,12,entropy
27,Reg_S_alpha_2,MIA,0.11188811188811189,0.729194990751066,12,entropy
27,Reg_MeanCos,Steering,-0.1328671328671329,0.6805975082860818,12,entropy
27,Reg_MeanCos,ICL,-0.1979236953317848,0.5374827183010917,12,entropy
27,Reg_MeanCos,GCG,0.2135183103293083,0.5052031403817789,12,entropy
27,Reg_MeanCos,MIA,-0.11188811188811189,0.729194990751066,12,entropy
27,Reg_MeanL2,Steering,-0.16783216783216784,0.602099427786538,12,entropy
27,Reg_MeanL2,ICL,0.043183351708753044,0.8939922611240125,12,entropy
27,Reg_MeanL2,GCG,0.6258295302755588,0.029495858562686078,12,entropy
27,Reg_MeanL2,MIA,0.39860139860139865,0.19933549461780897,12,entropy
27,AnonDiff_S_alpha_2,Steering,0.34965034965034975,0.2652387868927897,12,entropy
27,AnonDiff_S_alpha_2,ICL,-0.5685807974985818,0.05372593795463573,12,entropy
27,AnonDiff_S_alpha_2,GCG,0.03681350178091523,0.9095677779532954,12,entropy
27,AnonDiff_S_alpha_2,MIA,0.5734265734265735,0.05126558978649144,12,entropy
27,AnonDiff_MeanCos,Steering,-0.2377622377622378,0.4568008526399232,12,entropy
27,AnonDiff_MeanCos,ICL,0.6477502756312957,0.02275180607257669,12,entropy
27,AnonDiff_MeanCos,GCG,0.02208810106854913,0.945677908433405,12,entropy
27,AnonDiff_MeanCos,MIA,-0.5034965034965035,0.09515736659412469,12,entropy
27,AnonDiff_MeanL2,Steering,-0.22377622377622378,0.48445166145539886,12,entropy
27,AnonDiff_MeanL2,ICL,0.08636670341750609,0.7895566704874586,12,entropy
27,AnonDiff_MeanL2,GCG,0.6847311331250232,0.014019920248648099,12,entropy
27,AnonDiff_MeanL2,MIA,0.16783216783216784,0.602099427786538,12,entropy
27,NormAnonDiff_S_alpha_2,Steering,0.3916083916083916,0.2080634636953532,12,entropy
27,NormAnonDiff_S_alpha_2,ICL,-0.698130852624841,0.011571722612126113,12,entropy
27,NormAnonDiff_S_alpha_2,GCG,-0.05153890249328131,0.8736141148640144,12,entropy
27,NormAnonDiff_S_alpha_2,MIA,0.4125874125874127,0.18256397857316675,12,entropy
27,NormAnonDiff_MeanCos,Steering,-0.2377622377622378,0.4568008526399232,12,entropy
27,NormAnonDiff_MeanCos,ICL,0.6477502756312957,0.02275180607257669,12,entropy
27,NormAnonDiff_MeanCos,GCG,0.02208810106854913,0.945677908433405,12,entropy
27,NormAnonDiff_MeanCos,MIA,-0.5034965034965035,0.09515736659412469,12,entropy
28,Centroid_Norm,Steering,-0.4755244755244756,0.11817595701303213,12,auss
28,Centroid_Norm,ICL,0.46422103086909533,0.12843170814973676,12,auss
28,Centroid_Norm,GCG,0.11044050534274567,0.732584602157567,12,auss
28,Centroid_Norm,MIA,0.0979020979020979,0.762121655996299,12,auss
28,Global_Coherence,Steering,-0.4755244755244756,0.11817595701303213,12,auss
28,Global_Coherence,ICL,0.46422103086909533,0.12843170814973676,12,auss
28,Global_Coherence,GCG,0.11044050534274567,0.732584602157567,12,auss
28,Global_Coherence,MIA,0.0979020979020979,0.762121655996299,12,auss
28,Batch_SecondMoment_TopEig,Steering,-0.4685314685314686,0.124454791188834,12,auss
28,Batch_SecondMoment_TopEig,ICL,0.4246362918027384,0.1688433733543018,12,auss
28,Batch_SecondMoment_TopEig,GCG,0.11044050534274567,0.732584602157567,12,auss
28,Batch_SecondMoment_TopEig,MIA,0.034965034965034975,0.9140933424107598,12,auss
28,AUSS_L2,Steering,0.4755244755244756,0.11817595701303213,12,auss
28,AUSS_L2,ICL,-0.46422103086909533,0.12843170814973676,12,auss
28,AUSS_L2,GCG,-0.11044050534274567,0.732584602157567,12,auss
28,AUSS_L2,MIA,-0.0979020979020979,0.762121655996299,12,auss
28,AUSS_Cos2,Steering,0.4685314685314686,0.124454791188834,12,auss
28,AUSS_Cos2,ICL,-0.4246362918027384,0.1688433733543018,12,auss
28,AUSS_Cos2,GCG,-0.11044050534274567,0.732584602157567,12,auss
28,AUSS_Cos2,MIA,-0.034965034965034975,0.9140933424107598,12,auss
28,AUSS_Jac,Steering,0.027972027972027972,0.9312343512018808,12,auss
28,AUSS_Jac,ICL,-0.3634598768820048,0.24551135317190778,12,auss
28,AUSS_Jac,GCG,-0.11044050534274567,0.732584602157567,12,auss
28,AUSS_Jac,MIA,-0.31468531468531474,0.31913878550330455,12,auss
28,Batch_Cov_Trace,Steering,0.4755244755244756,0.11817595701303213,12,auss
28,Batch_Cov_Trace,ICL,-0.46422103086909533,0.12843170814973676,12,auss
28,Batch_Cov_Trace,GCG,-0.11044050534274567,0.732584602157567,12,auss
28,Batch_Cov_Trace,MIA,-0.0979020979020979,0.762121655996299,12,auss
28,Batch_Cov_TopEig,Steering,0.2797202797202798,0.37856866966230307,12,auss
28,Batch_Cov_TopEig,ICL,-0.8636670341750611,0.0002937192065765998,12,auss
28,Batch_Cov_TopEig,GCG,-0.6258295302755588,0.029495858562686078,12,auss
28,Batch_Cov_TopEig,MIA,0.06993006993006995,0.8290236405313092,12,auss
28,Reg_S_alpha_2,Steering,-0.04895104895104895,0.8799185788786749,12,entropy
28,Reg_S_alpha_2,ICL,0.16193756890782393,0.615091187153781,12,entropy
28,Reg_S_alpha_2,GCG,-0.13989130676747785,0.6645622906991941,12,entropy
28,Reg_S_alpha_2,MIA,0.5244755244755246,0.08001937592027475,12,entropy
28,Reg_MeanCos,Steering,0.055944055944055944,0.8628980736949712,12,entropy
28,Reg_MeanCos,ICL,-0.18352924476220045,0.5680249645833451,12,entropy
28,Reg_MeanCos,GCG,0.09571510463037958,0.7673047601300687,12,entropy
28,Reg_MeanCos,MIA,-0.4825174825174825,0.11210929146889191,12,entropy
28,Reg_MeanL2,Steering,-0.16783216783216784,0.602099427786538,12,entropy
28,Reg_MeanL2,ICL,0.043183351708753044,0.8939922611240125,12,entropy
28,Reg_MeanL2,GCG,0.6258295302755588,0.029495858562686078,12,entropy
28,Reg_MeanL2,MIA,0.39860139860139865,0.19933549461780897,12,entropy
28,AnonDiff_S_alpha_2,Steering,0.44055944055944063,0.15173503571673022,12,entropy
28,AnonDiff_S_alpha_2,ICL,-0.3814529400939853,0.2211459448335895,12,entropy
28,AnonDiff_S_alpha_2,GCG,-0.0809897039180135,0.8024222681425334,12,entropy
28,AnonDiff_S_alpha_2,MIA,0.013986013986013986,0.9655902689187795,12,entropy
28,AnonDiff_MeanCos,Steering,-0.3356643356643357,0.2861229029149875,12,entropy
28,AnonDiff_MeanCos,ICL,0.6261585997769192,0.02938509980112017,12,entropy
28,AnonDiff_MeanCos,GCG,0.12516590605511177,0.6983187239940101,12,entropy
28,AnonDiff_MeanCos,MIA,-0.1398601398601399,0.6646331617926677,12,entropy
28,AnonDiff_MeanL2,Steering,-0.18881118881118883,0.5567370561768314,12,entropy
28,AnonDiff_MeanL2,ICL,0.08636670341750609,0.7895566704874586,12,entropy
28,AnonDiff_MeanL2,GCG,0.7141819345497554,0.009074170190493572,12,entropy
28,AnonDiff_MeanL2,MIA,0.1188811188811189,0.712884219214772,12,entropy
28,NormAnonDiff_S_alpha_2,Steering,0.32867132867132864,0.2969041156887641,12,entropy
28,NormAnonDiff_S_alpha_2,ICL,-0.3814529400939853,0.2211459448335895,12,entropy
28,NormAnonDiff_S_alpha_2,GCG,-0.16934210819221004,0.5987883341640112,12,entropy
28,NormAnonDiff_S_alpha_2,MIA,-0.1328671328671329,0.6805975082860818,12,entropy
28,NormAnonDiff_MeanCos,Steering,-0.3356643356643357,0.2861229029149875,12,entropy
28,NormAnonDiff_MeanCos,ICL,0.6261585997769192,0.02938509980112017,12,entropy
28,NormAnonDiff_MeanCos,GCG,0.12516590605511177,0.6983187239940101,12,entropy
28,NormAnonDiff_MeanCos,MIA,-0.1398601398601399,0.6646331617926677,12,entropy
29,Centroid_Norm,Steering,-0.4424242424242424,0.20042268671194224,10,auss
29,Centroid_Norm,ICL,0.6482299130725303,0.04264872945386977,10,auss
29,Centroid_Norm,GCG,0.03813850356982369,0.9166932673565076,10,auss
29,Centroid_Norm,MIA,-0.29696969696969694,0.4047016712701569,10,auss
29,Global_Coherence,Steering,-0.4424242424242424,0.20042268671194224,10,auss
29,Global_Coherence,ICL,0.6482299130725303,0.04264872945386977,10,auss
29,Global_Coherence,GCG,0.03813850356982369,0.9166932673565076,10,auss
29,Global_Coherence,MIA,-0.29696969696969694,0.4047016712701569,10,auss
29,Batch_SecondMoment_TopEig,Steering,-0.4424242424242424,0.20042268671194224,10,auss
29,Batch_SecondMoment_TopEig,ICL,0.6482299130725303,0.04264872945386977,10,auss
29,Batch_SecondMoment_TopEig,GCG,0.03813850356982369,0.9166932673565076,10,auss
29,Batch_SecondMoment_TopEig,MIA,-0.29696969696969694,0.4047016712701569,10,auss
29,AUSS_L2,Steering,0.4424242424242424,0.20042268671194224,10,auss
29,AUSS_L2,ICL,-0.6482299130725303,0.04264872945386977,10,auss
29,AUSS_L2,GCG,-0.03813850356982369,0.9166932673565076,10,auss
29,AUSS_L2,MIA,0.29696969696969694,0.4047016712701569,10,auss
29,AUSS_Cos2,Steering,0.43030303030303024,0.21449233253280775,10,auss
29,AUSS_Cos2,ICL,-0.5983660736054126,0.0676292693431457,10,auss
29,AUSS_Cos2,GCG,-0.03813850356982369,0.9166932673565076,10,auss
29,AUSS_Cos2,MIA,0.3939393939393939,0.25999776683488757,10,auss
29,AUSS_Jac,Steering,-0.006060606060606061,0.9867429111949892,10,auss
29,AUSS_Jac,ICL,-0.5048713746045669,0.13666147616540333,10,auss
29,AUSS_Jac,GCG,0.29875161129695227,0.4017518970129764,10,auss
29,AUSS_Jac,MIA,-0.10303030303030303,0.7769984634438898,10,auss
29,Batch_Cov_Trace,Steering,0.4424242424242424,0.20042268671194224,10,auss
29,Batch_Cov_Trace,ICL,-0.6482299130725303,0.04264872945386977,10,auss
29,Batch_Cov_Trace,GCG,-0.03813850356982369,0.9166932673565076,10,auss
29,Batch_Cov_Trace,MIA,0.29696969696969694,0.4047016712701569,10,auss
29,Batch_Cov_TopEig,Steering,0.17575757575757575,0.6271883447764844,10,auss
29,Batch_Cov_TopEig,ICL,-0.8850831505413395,0.0006627197110070781,10,auss
29,Batch_Cov_TopEig,GCG,-0.39409787022151144,0.25978879108916286,10,auss
29,Batch_Cov_TopEig,MIA,0.04242424242424241,0.907363817812816,10,auss
29,Reg_S_alpha_2,Steering,-0.18787878787878787,0.603217610029209,10,entropy
29,Reg_S_alpha_2,ICL,0.39267773580355203,0.26166476534464955,10,entropy
29,Reg_S_alpha_2,GCG,0.03178208630818641,0.930546869219621,10,entropy
29,Reg_S_alpha_2,MIA,0.4424242424242424,0.20042268671194224,10,entropy
29,Reg_MeanCos,Steering,0.18787878787878787,0.603217610029209,10,entropy
29,Reg_MeanCos,ICL,-0.39267773580355203,0.26166476534464955,10,entropy
29,Reg_MeanCos,GCG,-0.03178208630818641,0.930546869219621,10,entropy
29,Reg_MeanCos,MIA,-0.4424242424242424,0.20042268671194224,10,entropy
29,Reg_MeanL2,Steering,-0.2727272727272727,0.44583834154275137,10,entropy
29,Reg_MeanL2,ICL,0.09349469900084571,0.7972587483045538,10,entropy
29,Reg_MeanL2,GCG,0.6864930642568265,0.028347645840941835,10,entropy
29,Reg_MeanL2,MIA,-0.0303030303030303,0.9337729580941466,10,entropy
29,AnonDiff_S_alpha_2,Steering,0.2727272727272727,0.44583834154275137,10,entropy
29,AnonDiff_S_alpha_2,ICL,-0.5173373344713462,0.12566597248949196,10,entropy
29,AnonDiff_S_alpha_2,GCG,0.006356417261637282,0.9860958990311051,10,entropy
29,AnonDiff_S_alpha_2,MIA,0.406060606060606,0.24428229408662638,10,entropy
29,AnonDiff_MeanCos,Steering,-0.07878787878787878,0.8287173946974606,10,entropy
29,AnonDiff_MeanCos,ICL,0.567201173938464,0.0872688062558922,10,entropy
29,AnonDiff_MeanCos,GCG,0.05720775535473554,0.8752667870913545,10,entropy
29,AnonDiff_MeanCos,MIA,-0.32121212121212117,0.3654683104386702,10,entropy
29,AnonDiff_MeanL2,Steering,-0.2121212121212121,0.5563057751029299,10,entropy
29,AnonDiff_MeanL2,ICL,0.130892578601184,0.7185278729908207,10,entropy
29,AnonDiff_MeanL2,GCG,0.8390470785361211,0.002406182761095601,10,entropy
29,AnonDiff_MeanL2,MIA,-0.43030303030303024,0.21449233253280775,10,entropy
29,NormAnonDiff_S_alpha_2,Steering,0.29696969696969694,0.4047016712701569,10,entropy
29,NormAnonDiff_S_alpha_2,ICL,-0.6419969331391406,0.04536212696737049,10,entropy
29,NormAnonDiff_S_alpha_2,GCG,-0.03813850356982369,0.9166932673565076,10,entropy
29,NormAnonDiff_S_alpha_2,MIA,0.28484848484848485,0.42503815489214547,10,entropy
29,NormAnonDiff_MeanCos,Steering,-0.07878787878787878,0.8287173946974606,10,entropy
29,NormAnonDiff_MeanCos,ICL,0.567201173938464,0.0872688062558922,10,entropy
29,NormAnonDiff_MeanCos,GCG,0.05720775535473554,0.8752667870913545,10,entropy
29,NormAnonDiff_MeanCos,MIA,-0.32121212121212117,0.3654683104386702,10,entropy
30,Centroid_Norm,Steering,-0.29696969696969694,0.4047016712701569,10,auss
30,Centroid_Norm,ICL,0.6170650134055817,0.05736621180302119,10,auss
30,Centroid_Norm,GCG,-0.006356417261637282,0.9860958990311051,10,auss
30,Centroid_Norm,MIA,-0.2121212121212121,0.5563057751029299,10,auss
30,Global_Coherence,Steering,-0.29696969696969694,0.4047016712701569,10,auss
30,Global_Coherence,ICL,0.6170650134055817,0.05736621180302119,10,auss
30,Global_Coherence,GCG,-0.006356417261637282,0.9860958990311051,10,auss
30,Global_Coherence,MIA,-0.2121212121212121,0.5563057751029299,10,auss
30,Batch_SecondMoment_TopEig,Steering,-0.29696969696969694,0.4047016712701569,10,auss
30,Batch_SecondMoment_TopEig,ICL,0.6170650134055817,0.05736621180302119,10,auss
30,Batch_SecondMoment_TopEig,GCG,-0.006356417261637282,0.9860958990311051,10,auss
30,Batch_SecondMoment_TopEig,MIA,-0.2121212121212121,0.5563057751029299,10,auss
30,AUSS_L2,Steering,0.29696969696969694,0.4047016712701569,10,auss
30,AUSS_L2,ICL,-0.6170650134055817,0.05736621180302119,10,auss
30,AUSS_L2,GCG,0.006356417261637282,0.9860958990311051,10,auss
30,AUSS_L2,MIA,0.2121212121212121,0.5563057751029299,10,auss
30,AUSS_Cos2,Steering,0.29696969696969694,0.4047016712701569,10,auss
30,AUSS_Cos2,ICL,-0.6170650134055817,0.05736621180302119,10,auss
30,AUSS_Cos2,GCG,0.006356417261637282,0.9860958990311051,10,auss
30,AUSS_Cos2,MIA,0.2121212121212121,0.5563057751029299,10,auss
30,AUSS_Jac,Steering,0.09090909090909088,0.8027717312071619,10,auss
30,AUSS_Jac,ICL,-0.5983660736054126,0.0676292693431457,10,auss
30,AUSS_Jac,GCG,0.12712834523274563,0.7263577665422505,10,auss
30,AUSS_Jac,MIA,-0.11515151515151514,0.7514196523258483,10,auss
30,Batch_Cov_Trace,Steering,0.29696969696969694,0.4047016712701569,10,auss
30,Batch_Cov_Trace,ICL,-0.6170650134055817,0.05736621180302119,10,auss
30,Batch_Cov_Trace,GCG,0.006356417261637282,0.9860958990311051,10,auss
30,Batch_Cov_Trace,MIA,0.2121212121212121,0.5563057751029299,10,auss
30,Batch_Cov_TopEig,Steering,0.13939393939393938,0.7009318849100584,10,auss
30,Batch_Cov_TopEig,ICL,-0.8165203712740526,0.0039478456817713704,10,auss
30,Batch_Cov_TopEig,GCG,-0.43859279105297244,0.20481041006443015,10,auss
30,Batch_Cov_TopEig,MIA,0.11515151515151514,0.7514196523258483,10,auss
30,Reg_S_alpha_2,Steering,-0.18787878787878787,0.603217610029209,10,entropy
30,Reg_S_alpha_2,ICL,0.39267773580355203,0.26166476534464955,10,entropy
30,Reg_S_alpha_2,GCG,0.03178208630818641,0.930546869219621,10,entropy
30,Reg_S_alpha_2,MIA,0.4424242424242424,0.20042268671194224,10,entropy
30,Reg_MeanCos,Steering,0.18787878787878787,0.603217610029209,10,entropy
30,Reg_MeanCos,ICL,-0.39267773580355203,0.26166476534464955,10,entropy
30,Reg_MeanCos,GCG,-0.03178208630818641,0.930546869219621,10,entropy
30,Reg_MeanCos,MIA,-0.4424242424242424,0.20042268671194224,10,entropy
30,Reg_MeanL2,Steering,-0.2727272727272727,0.44583834154275137,10,entropy
30,Reg_MeanL2,ICL,0.09349469900084571,0.7972587483045538,10,entropy
30,Reg_MeanL2,GCG,0.6864930642568265,0.028347645840941835,10,entropy
30,Reg_MeanL2,MIA,-0.0303030303030303,0.9337729580941466,10,entropy
30,AnonDiff_S_alpha_2,Steering,0.2727272727272727,0.44583834154275137,10,entropy
30,AnonDiff_S_alpha_2,ICL,-0.5173373344713462,0.12566597248949196,10,entropy
30,AnonDiff_S_alpha_2,GCG,0.006356417261637282,0.9860958990311051,10,entropy
30,AnonDiff_S_alpha_2,MIA,0.406060606060606,0.24428229408662638,10,entropy
30,AnonDiff_MeanCos,Steering,0.10303030303030303,0.7769984634438898,10,entropy
30,AnonDiff_MeanCos,ICL,0.6482299130725303,0.04264872945386977,10,entropy
30,AnonDiff_MeanCos,GCG,0.17797968332584388,0.6227695474948176,10,entropy
30,AnonDiff_MeanCos,MIA,-0.1515151515151515,0.6760651759978538,10,entropy
30,AnonDiff_MeanL2,Steering,-0.16363636363636364,0.6514773427962428,10,entropy
30,AnonDiff_MeanL2,ICL,0.08102873913406629,0.8239088208169882,10,entropy
30,AnonDiff_MeanL2,GCG,0.8199778267512093,0.003674870968868444,10,entropy
30,AnonDiff_MeanL2,MIA,-0.4787878787878787,0.1615229280174558,10,entropy
30,NormAnonDiff_S_alpha_2,Steering,0.1515151515151515,0.6760651759978538,10,entropy
30,NormAnonDiff_S_alpha_2,ICL,-0.6419969331391406,0.04536212696737049,10,entropy
30,NormAnonDiff_S_alpha_2,GCG,0.050851338093098254,0.8890498958448441,10,entropy
30,NormAnonDiff_S_alpha_2,MIA,0.13939393939393938,0.7009318849100584,10,entropy
30,NormAnonDiff_MeanCos,Steering,0.10303030303030303,0.7769984634438898,10,entropy
30,NormAnonDiff_MeanCos,ICL,0.6482299130725303,0.04264872945386977,10,entropy
30,NormAnonDiff_MeanCos,GCG,0.17797968332584388,0.6227695474948176,10,entropy
30,NormAnonDiff_MeanCos,MIA,-0.1515151515151515,0.6760651759978538,10,entropy
31,Centroid_Norm,Steering,0.0303030303030303,0.9337729580941466,10,auss
31,Centroid_Norm,ICL,0.5111043545379566,0.13109260720879573,10,auss
31,Centroid_Norm,GCG,-0.08898984166292194,0.8068690019788178,10,auss
31,Centroid_Norm,MIA,-0.18787878787878787,0.603217610029209,10,auss
31,Global_Coherence,Steering,0.0303030303030303,0.9337729580941466,10,auss
31,Global_Coherence,ICL,0.5111043545379566,0.13109260720879573,10,auss
31,Global_Coherence,GCG,-0.08898984166292194,0.8068690019788178,10,auss
31,Global_Coherence,MIA,-0.18787878787878787,0.603217610029209,10,auss
31,Batch_SecondMoment_TopEig,Steering,0.0303030303030303,0.9337729580941466,10,auss
31,Batch_SecondMoment_TopEig,ICL,0.5111043545379566,0.13109260720879573,10,auss
31,Batch_SecondMoment_TopEig,GCG,-0.08898984166292194,0.8068690019788178,10,auss
31,Batch_SecondMoment_TopEig,MIA,-0.18787878787878787,0.603217610029209,10,auss
31,AUSS_L2,Steering,-0.0303030303030303,0.9337729580941466,10,auss
31,AUSS_L2,ICL,-0.5111043545379566,0.13109260720879573,10,auss
31,AUSS_L2,GCG,0.08898984166292194,0.8068690019788178,10,auss
31,AUSS_L2,MIA,0.18787878787878787,0.603217610029209,10,auss
31,AUSS_Cos2,Steering,-0.0303030303030303,0.9337729580941466,10,auss
31,AUSS_Cos2,ICL,-0.5111043545379566,0.13109260720879573,10,auss
31,AUSS_Cos2,GCG,0.08898984166292194,0.8068690019788178,10,auss
31,AUSS_Cos2,MIA,0.18787878787878787,0.603217610029209,10,auss
31,AUSS_Jac,Steering,-0.2727272727272727,0.44583834154275137,10,auss
31,AUSS_Jac,ICL,-0.32411495653626515,0.36090235758424666,10,auss
31,AUSS_Jac,GCG,0.3813850356982369,0.27684626336915275,10,auss
31,AUSS_Jac,MIA,-0.17575757575757575,0.6271883447764844,10,auss
31,Batch_Cov_Trace,Steering,-0.0303030303030303,0.9337729580941466,10,auss
31,Batch_Cov_Trace,ICL,-0.5111043545379566,0.13109260720879573,10,auss
31,Batch_Cov_Trace,GCG,0.08898984166292194,0.8068690019788178,10,auss
31,Batch_Cov_Trace,MIA,0.18787878787878787,0.603217610029209,10,auss
31,Batch_Cov_TopEig,Steering,-0.22424242424242422,0.5334005612725947,10,auss
31,Batch_Cov_TopEig,ICL,-0.7230256722732068,0.018138397876591415,10,auss
31,Batch_Cov_TopEig,GCG,-0.2669695249887658,0.4558773954298285,10,auss
31,Batch_Cov_TopEig,MIA,-0.06666666666666665,0.8548130882487426,10,auss
31,Reg_S_alpha_2,Steering,-0.309090909090909,0.3848412302612835,10,entropy
31,Reg_S_alpha_2,ICL,0.09972767893423544,0.7840024632830858,10,entropy
31,Reg_S_alpha_2,GCG,0.6102160571171791,0.060996817419163296,10,entropy
31,Reg_S_alpha_2,MIA,-0.17575757575757575,0.6271883447764844,10,entropy
31,Reg_MeanCos,Steering,0.32121212121212117,0.3654683104386702,10,entropy
31,Reg_MeanCos,ICL,-0.03739787960033829,0.9183064589819976,10,entropy
31,Reg_MeanCos,GCG,-0.5339390499775316,0.11190000859802796,10,entropy
31,Reg_MeanCos,MIA,0.0303030303030303,0.9337729580941466,10,entropy
31,Reg_MeanL2,Steering,-0.11515151515151514,0.7514196523258483,10,entropy
31,Reg_MeanL2,ICL,0.031164899666948572,0.931892956705848,10,entropy
31,Reg_MeanL2,GCG,0.6864930642568265,0.028347645840941835,10,entropy
31,Reg_MeanL2,MIA,0.0303030303030303,0.9337729580941466,10,entropy
31,AnonDiff_S_alpha_2,Steering,0.06666666666666665,0.8548130882487426,10,entropy
31,AnonDiff_S_alpha_2,ICL,-0.43630859533728,0.20745246588135544,10,entropy
31,AnonDiff_S_alpha_2,GCG,0.0699205898780101,0.8477942806242296,10,entropy
31,AnonDiff_S_alpha_2,MIA,0.33333333333333326,0.34659350708733405,10,entropy
31,AnonDiff_MeanCos,Steering,0.11515151515151514,0.7514196523258483,10,entropy
31,AnonDiff_MeanCos,ICL,0.5360362742715155,0.11023160376009265,10,entropy
31,AnonDiff_MeanCos,GCG,-0.006356417261637282,0.9860958990311051,10,entropy
31,AnonDiff_MeanCos,MIA,-0.1515151515151515,0.6760651759978538,10,entropy
31,AnonDiff_MeanL2,Steering,-0.17575757575757575,0.6271883447764844,10,entropy
31,AnonDiff_MeanL2,ICL,0.031164899666948572,0.931892956705848,10,entropy
31,AnonDiff_MeanL2,GCG,0.7627700713964738,0.01028863994974544,10,entropy
31,AnonDiff_MeanL2,MIA,-0.4545454545454545,0.186904810349332,10,entropy
31,NormAnonDiff_S_alpha_2,Steering,0.06666666666666665,0.8548130882487426,10,entropy
31,NormAnonDiff_S_alpha_2,ICL,-0.610832033472192,0.06066426831276778,10,entropy
31,NormAnonDiff_S_alpha_2,GCG,0.050851338093098254,0.8890498958448441,10,entropy
31,NormAnonDiff_S_alpha_2,MIA,0.09090909090909088,0.8027717312071619,10,entropy
31,NormAnonDiff_MeanCos,Steering,0.11515151515151514,0.7514196523258483,10,entropy
31,NormAnonDiff_MeanCos,ICL,0.5360362742715155,0.11023160376009265,10,entropy
31,NormAnonDiff_MeanCos,GCG,-0.006356417261637282,0.9860958990311051,10,entropy
31,NormAnonDiff_MeanCos,MIA,-0.1515151515151515,0.6760651759978538,10,entropy
32,Centroid_Norm,Steering,-0.19999999999999998,0.5795840000000001,10,auss
32,Centroid_Norm,ICL,0.479939454871008,0.16037194478553862,10,auss
32,Centroid_Norm,GCG,-0.29875161129695227,0.4017518970129764,10,auss
32,Centroid_Norm,MIA,-0.11515151515151514,0.7514196523258483,10,auss
32,Global_Coherence,Steering,-0.19999999999999998,0.5795840000000001,10,auss
32,Global_Coherence,ICL,0.479939454871008,0.16037194478553862,10,auss
32,Global_Coherence,GCG,-0.29875161129695227,0.4017518970129764,10,auss
32,Global_Coherence,MIA,-0.11515151515151514,0.7514196523258483,10,auss
32,Batch_SecondMoment_TopEig,Steering,-0.12727272727272726,0.7260570147627894,10,auss
32,Batch_SecondMoment_TopEig,ICL,0.4487745552040594,0.19327182986956268,10,auss
32,Batch_SecondMoment_TopEig,GCG,-0.29875161129695227,0.4017518970129764,10,auss
32,Batch_SecondMoment_TopEig,MIA,-0.10303030303030303,0.7769984634438898,10,auss
32,AUSS_L2,Steering,0.19999999999999998,0.5795840000000001,10,auss
32,AUSS_L2,ICL,-0.479939454871008,0.16037194478553862,10,auss
32,AUSS_L2,GCG,0.29875161129695227,0.4017518970129764,10,auss
32,AUSS_L2,MIA,0.11515151515151514,0.7514196523258483,10,auss
32,AUSS_Cos2,Steering,0.19999999999999998,0.5795840000000001,10,auss
32,AUSS_Cos2,ICL,-0.479939454871008,0.16037194478553862,10,auss
32,AUSS_Cos2,GCG,0.29875161129695227,0.4017518970129764,10,auss
32,AUSS_Cos2,MIA,0.11515151515151514,0.7514196523258483,10,auss
32,AUSS_Jac,Steering,0.29696969696969694,0.4047016712701569,10,auss
32,AUSS_Jac,ICL,-0.8975491104081188,0.00042522904384300627,10,auss
32,AUSS_Jac,GCG,-0.15891043154093204,0.6610294238996188,10,auss
32,AUSS_Jac,MIA,0.04242424242424241,0.907363817812816,10,auss
32,Batch_Cov_Trace,Steering,0.19999999999999998,0.5795840000000001,10,auss
32,Batch_Cov_Trace,ICL,-0.479939454871008,0.16037194478553862,10,auss
32,Batch_Cov_Trace,GCG,0.29875161129695227,0.4017518970129764,10,auss
32,Batch_Cov_Trace,MIA,0.11515151515151514,0.7514196523258483,10,auss
32,Batch_Cov_TopEig,Steering,-0.2121212121212121,0.5563057751029299,10,auss
32,Batch_Cov_TopEig,ICL,-0.7043267324730377,0.022973074923009353,10,auss
32,Batch_Cov_TopEig,GCG,-0.15255401427929477,0.6739466338714362,10,auss
32,Batch_Cov_TopEig,MIA,-0.6606060606060605,0.03758837757140939,10,auss
32,Reg_S_alpha_2,Steering,-0.1515151515151515,0.6760651759978538,10,entropy
32,Reg_S_alpha_2,ICL,-0.006232979933389715,0.9863658860897964,10,entropy
32,Reg_S_alpha_2,GCG,0.2097617696340303,0.5608082784545017,10,entropy
32,Reg_S_alpha_2,MIA,0.09090909090909088,0.8027717312071619,10,entropy
32,Reg_MeanCos,Steering,0.16363636363636364,0.6514773427962428,10,entropy
32,Reg_MeanCos,ICL,0.03739787960033829,0.9183064589819976,10,entropy
32,Reg_MeanCos,GCG,-0.1334847624943829,0.713149566582925,10,entropy
32,Reg_MeanCos,MIA,-0.2727272727272727,0.44583834154275137,10,entropy
32,Reg_MeanL2,Steering,-0.32121212121212117,0.3654683104386702,10,entropy
32,Reg_MeanL2,ICL,0.056096819400507425,0.8776736349921488,10,entropy
32,Reg_MeanL2,GCG,-0.6483545606870027,0.042595606704793065,10,entropy
32,Reg_MeanL2,MIA,0.06666666666666665,0.8548130882487426,10,entropy
32,AnonDiff_S_alpha_2,Steering,0.04242424242424241,0.907363817812816,10,entropy
32,AnonDiff_S_alpha_2,ICL,-0.4176096555371108,0.2298165656677641,10,entropy
32,AnonDiff_S_alpha_2,GCG,0.29875161129695227,0.4017518970129764,10,entropy
32,AnonDiff_S_alpha_2,MIA,0.05454545454545454,0.8810361811618526,10,entropy
32,AnonDiff_MeanCos,Steering,-0.006060606060606061,0.9867429111949892,10,entropy
32,AnonDiff_MeanCos,ICL,0.5298032943381258,0.11523632567022657,10,entropy
32,AnonDiff_MeanCos,GCG,-0.21611818689566759,0.5487107060733141,10,entropy
32,AnonDiff_MeanCos,MIA,-0.05454545454545454,0.8810361811618526,10,entropy
32,AnonDiff_MeanL2,Steering,-0.13939393939393938,0.7009318849100584,10,entropy
32,AnonDiff_MeanL2,ICL,-0.08102873913406629,0.8239088208169882,10,entropy
32,AnonDiff_MeanL2,GCG,-0.6292853089020909,0.05124855216842294,10,entropy
32,AnonDiff_MeanL2,MIA,-0.28484848484848485,0.42503815489214547,10,entropy
32,NormAnonDiff_S_alpha_2,Steering,0.13939393939393938,0.7009318849100584,10,entropy
32,NormAnonDiff_S_alpha_2,ICL,-0.523570314404736,0.12038081901325598,10,entropy
32,NormAnonDiff_S_alpha_2,GCG,0.33689011486677595,0.34115094562947856,10,entropy
32,NormAnonDiff_S_alpha_2,MIA,-0.0303030303030303,0.9337729580941466,10,entropy
32,NormAnonDiff_MeanCos,Steering,-0.006060606060606061,0.9867429111949892,10,entropy
32,NormAnonDiff_MeanCos,ICL,0.5298032943381258,0.11523632567022657,10,entropy
32,NormAnonDiff_MeanCos,GCG,-0.21611818689566759,0.5487107060733141,10,entropy
32,NormAnonDiff_MeanCos,MIA,-0.05454545454545454,0.8810361811618526,10,entropy
