layer,metric,attack,rho,pval,n,family,q_per_attack,q_per_family,q_global,sig_per_attack,sig_per_family,sig_global
0,Centroid_Norm,Steering,-0.1929,0.4910,15,auss,0.9873,0.9577,0.9318,,,
0,Centroid_Norm,ICL,0.5848,0.0220,15,auss,0.0453,0.0306,0.1807,*,*,
0,Centroid_Norm,GCG,0.3155,0.2520,15,auss,0.5711,0.6276,0.7334,,,
0,Centroid_Norm,MIA,0.0714,0.8003,15,auss,0.9988,1.0000,0.9786,,,
0,Centroid_Norm,MIA_MinK,0.6455,0.0320,11,auss,0.6582,0.7671,0.2239,,,
0,Centroid_Norm,MIA_Ref,0.1818,0.5926,11,auss,0.9785,0.9434,0.9684,,,
0,Centroid_Norm,MIA_Hidden,-0.3455,0.2981,11,auss,0.9958,0.9939,0.7835,,,
0,Centroid_Norm,SPV_MIA,-0.1187,0.7281,11,auss,0.7657,0.7628,0.9786,,,
0,Global_Coherence,Steering,-0.1929,0.4910,15,auss,0.9873,0.9577,0.9318,,,
0,Global_Coherence,ICL,0.5848,0.0220,15,auss,0.0453,0.0306,0.1807,*,*,
0,Global_Coherence,GCG,0.3155,0.2520,15,auss,0.5711,0.6276,0.7334,,,
0,Global_Coherence,MIA,0.0714,0.8003,15,auss,0.9988,1.0000,0.9786,,,
0,Global_Coherence,MIA_MinK,0.6455,0.0320,11,auss,0.6582,0.7671,0.2239,,,
0,Global_Coherence,MIA_Ref,0.1818,0.5926,11,auss,0.9785,0.9434,0.9684,,,
0,Global_Coherence,MIA_Hidden,-0.3455,0.2981,11,auss,0.9958,0.9939,0.7835,,,
0,Global_Coherence,SPV_MIA,-0.1187,0.7281,11,auss,0.7657,0.7628,0.9786,,,
0,Batch_SecondMoment_TopEig,Steering,-0.1929,0.4910,15,auss,0.9873,0.9577,0.9318,,,
0,Batch_SecondMoment_TopEig,ICL,0.5848,0.0220,15,auss,0.0453,0.0306,0.1807,*,*,
0,Batch_SecondMoment_TopEig,GCG,0.3155,0.2520,15,auss,0.5711,0.6276,0.7334,,,
0,Batch_SecondMoment_TopEig,MIA,0.0714,0.8003,15,auss,0.9988,1.0000,0.9786,,,
0,Batch_SecondMoment_TopEig,MIA_MinK,0.6455,0.0320,11,auss,0.6582,0.7671,0.2239,,,
0,Batch_SecondMoment_TopEig,MIA_Ref,0.1818,0.5926,11,auss,0.9785,0.9434,0.9684,,,
0,Batch_SecondMoment_TopEig,MIA_Hidden,-0.3455,0.2981,11,auss,0.9958,0.9939,0.7835,,,
0,Batch_SecondMoment_TopEig,SPV_MIA,-0.1187,0.7281,11,auss,0.7657,0.7628,0.9786,,,
0,AUSS_L2,Steering,0.1929,0.4910,15,auss,0.9873,0.9577,0.9318,,,
0,AUSS_L2,ICL,-0.5848,0.0220,15,auss,0.0453,0.0306,0.1807,*,*,
0,AUSS_L2,GCG,-0.3155,0.2520,15,auss,0.5711,0.6276,0.7334,,,
0,AUSS_L2,MIA,-0.0714,0.8003,15,auss,0.9988,1.0000,0.9786,,,
0,AUSS_L2,MIA_MinK,-0.6455,0.0320,11,auss,0.6582,0.7671,0.2239,,,
0,AUSS_L2,MIA_Ref,-0.1818,0.5926,11,auss,0.9785,0.9434,0.9684,,,
0,AUSS_L2,MIA_Hidden,0.3455,0.2981,11,auss,0.9958,0.9939,0.7835,,,
0,AUSS_L2,SPV_MIA,0.1187,0.7281,11,auss,0.7657,0.7628,0.9786,,,
0,AUSS_Cos2,Steering,0.1929,0.4910,15,auss,0.9873,0.9577,0.9318,,,
0,AUSS_Cos2,ICL,-0.5848,0.0220,15,auss,0.0453,0.0306,0.1807,*,*,
0,AUSS_Cos2,GCG,-0.3155,0.2520,15,auss,0.5711,0.6276,0.7334,,,
0,AUSS_Cos2,MIA,-0.0714,0.8003,15,auss,0.9988,1.0000,0.9786,,,
0,AUSS_Cos2,MIA_MinK,-0.6455,0.0320,11,auss,0.6582,0.7671,0.2239,,,
0,AUSS_Cos2,MIA_Ref,-0.1818,0.5926,11,auss,0.9785,0.9434,0.9684,,,
0,AUSS_Cos2,MIA_Hidden,0.3455,0.2981,11,auss,0.9958,0.9939,0.7835,,,
0,AUSS_Cos2,SPV_MIA,0.1187,0.7281,11,auss,0.7657,0.7628,0.9786,,,
0,AUSS_Jac,Steering,-0.0215,0.9394,15,auss,0.9873,0.9577,0.9907,,,
0,AUSS_Jac,ICL,-0.5648,0.0283,15,auss,0.0545,0.0383,0.2088,,*,
0,AUSS_Jac,GCG,-0.4327,0.1072,15,auss,0.3452,0.4289,0.4510,,,
0,AUSS_Jac,MIA,0.2437,0.3814,15,auss,0.9988,1.0000,0.8555,,,
0,AUSS_Jac,MIA_MinK,-0.0734,0.8302,11,auss,0.9822,0.9762,0.9786,,,
0,AUSS_Jac,MIA_Ref,-0.1193,0.7269,11,auss,0.9821,0.9434,0.9786,,,
0,AUSS_Jac,MIA_Hidden,-0.1468,0.6667,11,auss,0.9958,0.9939,0.9786,,,
0,AUSS_Jac,SPV_MIA,0.3410,0.3048,11,auss,0.3877,0.3498,0.8005,,,
0,Batch_Cov_Trace,Steering,0.1929,0.4910,15,auss,0.9873,0.9577,0.9318,,,
0,Batch_Cov_Trace,ICL,-0.5848,0.0220,15,auss,0.0453,0.0306,0.1807,*,*,
0,Batch_Cov_Trace,GCG,-0.3155,0.2520,15,auss,0.5711,0.6276,0.7334,,,
0,Batch_Cov_Trace,MIA,-0.0714,0.8003,15,auss,0.9988,1.0000,0.9786,,,
0,Batch_Cov_Trace,MIA_MinK,-0.6455,0.0320,11,auss,0.6582,0.7671,0.2239,,,
0,Batch_Cov_Trace,MIA_Ref,-0.1818,0.5926,11,auss,0.9785,0.9434,0.9684,,,
0,Batch_Cov_Trace,MIA_Hidden,0.3455,0.2981,11,auss,0.9958,0.9939,0.7835,,,
0,Batch_Cov_Trace,SPV_MIA,0.1187,0.7281,11,auss,0.7657,0.7628,0.9786,,,
0,Batch_Cov_TopEig,Steering,0.1143,0.6851,15,auss,0.9873,0.9577,0.9786,,,
0,Batch_Cov_TopEig,ICL,-0.5738,0.0253,15,auss,0.0504,0.0348,0.1927,,*,
0,Batch_Cov_TopEig,GCG,-0.4488,0.0934,15,auss,0.3140,0.3913,0.4082,,,
0,Batch_Cov_TopEig,MIA,-0.0964,0.7325,15,auss,0.9988,1.0000,0.9786,,,
0,Batch_Cov_TopEig,MIA_MinK,-0.5727,0.0655,11,auss,0.8441,0.9762,0.3406,,,
0,Batch_Cov_TopEig,MIA_Ref,-0.1545,0.6500,11,auss,0.9821,0.9434,0.9786,,,
0,Batch_Cov_TopEig,MIA_Hidden,0.3727,0.2589,11,auss,0.9958,0.9939,0.7422,,,
0,Batch_Cov_TopEig,SPV_MIA,0.1050,0.7586,11,auss,0.7905,0.7916,0.9786,,,
0,Reg_S_alpha_2,Steering,-0.0659,0.8305,13,entropy,0.9873,0.9858,0.9786,,,
0,Reg_S_alpha_2,ICL,-0.1101,0.7204,13,entropy,0.7562,0.7749,0.9786,,,
0,Reg_S_alpha_2,GCG,-0.4625,0.1115,13,entropy,0.3526,0.2915,0.4614,,,
0,Reg_S_alpha_2,MIA,-0.1593,0.6031,13,entropy,0.9988,0.8292,0.9731,,,
0,Reg_S_alpha_2,MIA_MinK,-0.4000,0.2861,9,entropy,0.9822,0.9120,0.7717,,,
0,Reg_S_alpha_2,MIA_Ref,0.2167,0.5755,9,entropy,0.9785,0.9885,0.9586,,,
0,Reg_S_alpha_2,MIA_Hidden,0.7833,0.0125,9,entropy,0.5979,0.3680,0.1346,,,
0,Reg_S_alpha_2,SPV_MIA,0.1833,0.6368,9,entropy,0.7064,0.7154,0.9786,,,
0,Reg_MeanCos,Steering,0.0659,0.8305,13,entropy,0.9873,0.9858,0.9786,,,
0,Reg_MeanCos,ICL,0.1101,0.7204,13,entropy,0.7562,0.7749,0.9786,,,
0,Reg_MeanCos,GCG,0.4625,0.1115,13,entropy,0.3526,0.2915,0.4614,,,
0,Reg_MeanCos,MIA,0.1593,0.6031,13,entropy,0.9988,0.8292,0.9731,,,
0,Reg_MeanCos,MIA_MinK,0.4000,0.2861,9,entropy,0.9822,0.9120,0.7717,,,
0,Reg_MeanCos,MIA_Ref,-0.2167,0.5755,9,entropy,0.9785,0.9885,0.9586,,,
0,Reg_MeanCos,MIA_Hidden,-0.7833,0.0125,9,entropy,0.5979,0.3680,0.1346,,,
0,Reg_MeanCos,SPV_MIA,-0.1833,0.6368,9,entropy,0.7064,0.7154,0.9786,,,
0,Reg_MeanL2,Steering,-0.1813,0.5533,13,entropy,0.9873,0.9858,0.9522,,,
0,Reg_MeanL2,ICL,-0.1665,0.5867,13,entropy,0.6467,0.7040,0.9684,,,
0,Reg_MeanL2,GCG,-0.4306,0.1418,13,entropy,0.4027,0.3344,0.5261,,,
0,Reg_MeanL2,MIA,-0.1978,0.5171,13,entropy,0.9988,0.7585,0.9373,,,
0,Reg_MeanL2,MIA_MinK,0.4500,0.2242,9,entropy,0.9822,0.9120,0.6833,,,
0,Reg_MeanL2,MIA_Ref,0.0167,0.9661,9,entropy,1.0000,1.0000,0.9916,,,
0,Reg_MeanL2,MIA_Hidden,-0.3167,0.4064,9,entropy,0.9958,0.9847,0.8709,,,
0,Reg_MeanL2,SPV_MIA,0.8333,0.0053,9,entropy,0.0282,0.0236,0.0809,*,*,
0,AnonDiff_S_alpha_2,Steering,0.1538,0.6158,13,entropy,0.9873,0.9858,0.9786,,,
0,AnonDiff_S_alpha_2,ICL,-0.8607,0.0002,13,entropy,0.0112,0.0269,0.0369,*,*,*
0,AnonDiff_S_alpha_2,GCG,-0.4083,0.1660,13,entropy,0.4383,0.3681,0.5807,,,
0,AnonDiff_S_alpha_2,MIA,0.2198,0.4706,13,entropy,0.9988,0.7484,0.9242,,,
0,AnonDiff_S_alpha_2,MIA_MinK,-0.2000,0.6059,9,entropy,0.9822,0.9120,0.9731,,,
0,AnonDiff_S_alpha_2,MIA_Ref,-0.1333,0.7324,9,entropy,0.9821,0.9885,0.9786,,,
0,AnonDiff_S_alpha_2,MIA_Hidden,0.3333,0.3807,9,entropy,0.9958,0.9572,0.8545,,,
0,AnonDiff_S_alpha_2,SPV_MIA,0.7667,0.0159,9,entropy,0.0470,0.0383,0.1464,*,*,
0,AnonDiff_MeanCos,Steering,0.1044,0.7343,13,entropy,0.9873,0.9858,0.9786,,,
0,AnonDiff_MeanCos,ICL,0.6490,0.0164,13,entropy,0.0386,0.0787,0.1495,*,,
0,AnonDiff_MeanCos,GCG,0.4753,0.1007,13,entropy,0.3282,0.2713,0.4328,,,
0,AnonDiff_MeanCos,MIA,-0.5055,0.0780,13,entropy,0.9988,0.7011,0.3610,,,
0,AnonDiff_MeanCos,MIA_MinK,-0.1667,0.6682,9,entropy,0.9822,0.9120,0.9786,,,
0,AnonDiff_MeanCos,MIA_Ref,-0.0833,0.8312,9,entropy,0.9821,0.9885,0.9786,,,
0,AnonDiff_MeanCos,MIA_Hidden,-0.2500,0.5165,9,entropy,0.9958,0.9847,0.9373,,,
0,AnonDiff_MeanCos,SPV_MIA,-0.8833,0.0016,9,entropy,0.0137,0.0120,0.0464,*,*,*
0,AnonDiff_MeanL2,Steering,-0.1484,0.6286,13,entropy,0.9873,0.9858,0.9786,,,
0,AnonDiff_MeanL2,ICL,0.4459,0.1268,13,entropy,0.1784,0.2407,0.4916,,,
0,AnonDiff_MeanL2,GCG,0.0223,0.9423,13,entropy,0.9762,0.9794,0.9916,,,
0,AnonDiff_MeanL2,MIA,-0.5330,0.0607,13,entropy,0.9988,0.7011,0.3183,,,
0,AnonDiff_MeanL2,MIA_MinK,0.1333,0.7324,9,entropy,0.9822,0.9120,0.9786,,,
0,AnonDiff_MeanL2,MIA_Ref,-0.2167,0.5755,9,entropy,0.9785,0.9885,0.9586,,,
0,AnonDiff_MeanL2,MIA_Hidden,-0.3667,0.3317,9,entropy,0.9958,0.8818,0.8176,,,
0,AnonDiff_MeanL2,SPV_MIA,-0.7167,0.0298,9,entropy,0.0736,0.0610,0.2128,,,
0,NormAnonDiff_S_alpha_2,Steering,0.0769,0.8028,13,entropy,0.9873,0.9858,0.9786,,,
0,NormAnonDiff_S_alpha_2,ICL,-0.8437,0.0003,13,entropy,0.0112,0.0269,0.0369,*,*,*
0,NormAnonDiff_S_alpha_2,GCG,-0.5231,0.0666,13,entropy,0.3007,0.2615,0.3406,,,
0,NormAnonDiff_S_alpha_2,MIA,0.2912,0.3344,13,entropy,0.9988,0.7292,0.8176,,,
0,NormAnonDiff_S_alpha_2,MIA_MinK,-0.1667,0.6682,9,entropy,0.9822,0.9120,0.9786,,,
0,NormAnonDiff_S_alpha_2,MIA_Ref,-0.0500,0.8984,9,entropy,0.9821,1.0000,0.9907,,,
0,NormAnonDiff_S_alpha_2,MIA_Hidden,0.4167,0.2646,9,entropy,0.9958,0.7848,0.7422,,,
0,NormAnonDiff_S_alpha_2,SPV_MIA,0.7500,0.0199,9,entropy,0.0560,0.0450,0.1709,,*,
0,NormAnonDiff_MeanCos,Steering,0.1044,0.7343,13,entropy,0.9873,0.9858,0.9786,,,
0,NormAnonDiff_MeanCos,ICL,0.6490,0.0164,13,entropy,0.0386,0.0787,0.1495,*,,
0,NormAnonDiff_MeanCos,GCG,0.4753,0.1007,13,entropy,0.3282,0.2713,0.4328,,,
0,NormAnonDiff_MeanCos,MIA,-0.5055,0.0780,13,entropy,0.9988,0.7011,0.3610,,,
0,NormAnonDiff_MeanCos,MIA_MinK,-0.1667,0.6682,9,entropy,0.9822,0.9120,0.9786,,,
0,NormAnonDiff_MeanCos,MIA_Ref,-0.0833,0.8312,9,entropy,0.9821,0.9885,0.9786,,,
0,NormAnonDiff_MeanCos,MIA_Hidden,-0.2500,0.5165,9,entropy,0.9958,0.9847,0.9373,,,
0,NormAnonDiff_MeanCos,SPV_MIA,-0.8833,0.0016,9,entropy,0.0137,0.0120,0.0464,*,*,*
1,Centroid_Norm,Steering,-0.1000,0.7229,15,auss,0.9873,0.9577,0.9786,,,
1,Centroid_Norm,ICL,0.7283,0.0021,15,auss,0.0114,0.0069,0.0491,*,**,*
1,Centroid_Norm,GCG,0.3292,0.2308,15,auss,0.5531,0.6276,0.6972,,,
1,Centroid_Norm,MIA,-0.0964,0.7325,15,auss,0.9988,1.0000,0.9786,,,
1,Centroid_Norm,MIA_MinK,0.2273,0.5015,11,auss,0.9822,0.9762,0.9373,,,
1,Centroid_Norm,MIA_Ref,-0.0909,0.7904,11,auss,0.9821,0.9434,0.9786,,,
1,Centroid_Norm,MIA_Hidden,-0.0273,0.9366,11,auss,0.9958,0.9939,0.9907,,,
1,Centroid_Norm,SPV_MIA,-0.8219,0.0019,11,auss,0.0146,0.0148,0.0483,*,*,*
1,Global_Coherence,Steering,-0.1357,0.6296,15,auss,0.9873,0.9577,0.9786,,,
1,Global_Coherence,ICL,0.7430,0.0015,15,auss,0.0114,0.0069,0.0464,*,**,*
1,Global_Coherence,GCG,0.3292,0.2308,15,auss,0.5531,0.6276,0.6972,,,
1,Global_Coherence,MIA,-0.0536,0.8496,15,auss,0.9988,1.0000,0.9897,,,
1,Global_Coherence,MIA_MinK,0.2727,0.4171,11,auss,0.9822,0.9762,0.8797,,,
1,Global_Coherence,MIA_Ref,-0.0091,0.9788,11,auss,1.0000,0.9863,0.9952,,,
1,Global_Coherence,MIA_Hidden,-0.0636,0.8525,11,auss,0.9958,0.9939,0.9897,,,
1,Global_Coherence,SPV_MIA,-0.8402,0.0012,11,auss,0.0127,0.0127,0.0464,*,*,*
1,Batch_SecondMoment_TopEig,Steering,-0.1000,0.7229,15,auss,0.9873,0.9577,0.9786,,,
1,Batch_SecondMoment_TopEig,ICL,0.7283,0.0021,15,auss,0.0114,0.0069,0.0491,*,**,*
1,Batch_SecondMoment_TopEig,GCG,0.3292,0.2308,15,auss,0.5531,0.6276,0.6972,,,
1,Batch_SecondMoment_TopEig,MIA,-0.0964,0.7325,15,auss,0.9988,1.0000,0.9786,,,
1,Batch_SecondMoment_TopEig,MIA_MinK,0.2273,0.5015,11,auss,0.9822,0.9762,0.9373,,,
1,Batch_SecondMoment_TopEig,MIA_Ref,-0.0909,0.7904,11,auss,0.9821,0.9434,0.9786,,,
1,Batch_SecondMoment_TopEig,MIA_Hidden,-0.0273,0.9366,11,auss,0.9958,0.9939,0.9907,,,
1,Batch_SecondMoment_TopEig,SPV_MIA,-0.8219,0.0019,11,auss,0.0146,0.0148,0.0483,*,*,*
1,AUSS_L2,Steering,0.1357,0.6296,15,auss,0.9873,0.9577,0.9786,,,
1,AUSS_L2,ICL,-0.7430,0.0015,15,auss,0.0114,0.0069,0.0464,*,**,*
1,AUSS_L2,GCG,-0.3292,0.2308,15,auss,0.5531,0.6276,0.6972,,,
1,AUSS_L2,MIA,0.0536,0.8496,15,auss,0.9988,1.0000,0.9897,,,
1,AUSS_L2,MIA_MinK,-0.2727,0.4171,11,auss,0.9822,0.9762,0.8797,,,
1,AUSS_L2,MIA_Ref,0.0091,0.9788,11,auss,1.0000,0.9863,0.9952,,,
1,AUSS_L2,MIA_Hidden,0.0636,0.8525,11,auss,0.9958,0.9939,0.9897,,,
1,AUSS_L2,SPV_MIA,0.8402,0.0012,11,auss,0.0127,0.0127,0.0464,*,*,*
1,AUSS_Cos2,Steering,0.1000,0.7229,15,auss,0.9873,0.9577,0.9786,,,
1,AUSS_Cos2,ICL,-0.7283,0.0021,15,auss,0.0114,0.0069,0.0491,*,**,*
1,AUSS_Cos2,GCG,-0.3292,0.2308,15,auss,0.5531,0.6276,0.6972,,,
1,AUSS_Cos2,MIA,0.0964,0.7325,15,auss,0.9988,1.0000,0.9786,,,
1,AUSS_Cos2,MIA_MinK,-0.2273,0.5015,11,auss,0.9822,0.9762,0.9373,,,
1,AUSS_Cos2,MIA_Ref,0.0909,0.7904,11,auss,0.9821,0.9434,0.9786,,,
1,AUSS_Cos2,MIA_Hidden,0.0273,0.9366,11,auss,0.9958,0.9939,0.9907,,,
1,AUSS_Cos2,SPV_MIA,0.8219,0.0019,11,auss,0.0146,0.0148,0.0483,*,*,*
1,AUSS_Jac,Steering,0.0107,0.9698,15,auss,0.9877,0.9735,0.9928,,,
1,AUSS_Jac,ICL,0.5113,0.0514,15,auss,0.0911,0.0682,0.2892,,,
1,AUSS_Jac,GCG,-0.1274,0.6510,15,auss,0.9451,0.9546,0.9786,,,
1,AUSS_Jac,MIA,-0.0821,0.7710,15,auss,0.9988,1.0000,0.9786,,,
1,AUSS_Jac,MIA_MinK,0.2000,0.5554,11,auss,0.9822,0.9762,0.9522,,,
1,AUSS_Jac,MIA_Ref,-0.0636,0.8525,11,auss,0.9821,0.9434,0.9897,,,
1,AUSS_Jac,MIA_Hidden,0.3273,0.3259,11,auss,0.9958,0.9939,0.8163,,,
1,AUSS_Jac,SPV_MIA,-0.2466,0.4648,11,auss,0.5668,0.5134,0.9203,,,
1,Batch_Cov_Trace,Steering,0.1357,0.6296,15,auss,0.9873,0.9577,0.9786,,,
1,Batch_Cov_Trace,ICL,-0.7430,0.0015,15,auss,0.0114,0.0069,0.0464,*,**,*
1,Batch_Cov_Trace,GCG,-0.3292,0.2308,15,auss,0.5531,0.6276,0.6972,,,
1,Batch_Cov_Trace,MIA,0.0536,0.8496,15,auss,0.9988,1.0000,0.9897,,,
1,Batch_Cov_Trace,MIA_MinK,-0.2727,0.4171,11,auss,0.9822,0.9762,0.8797,,,
1,Batch_Cov_Trace,MIA_Ref,0.0091,0.9788,11,auss,1.0000,0.9863,0.9952,,,
1,Batch_Cov_Trace,MIA_Hidden,0.0636,0.8525,11,auss,0.9958,0.9939,0.9897,,,
1,Batch_Cov_Trace,SPV_MIA,0.8402,0.0012,11,auss,0.0127,0.0127,0.0464,*,*,*
1,Batch_Cov_TopEig,Steering,0.2536,0.3618,15,auss,0.9873,0.9577,0.8361,,,
1,Batch_Cov_TopEig,ICL,-0.6179,0.0141,15,auss,0.0351,0.0223,0.1394,*,*,
1,Batch_Cov_TopEig,GCG,-0.3077,0.2646,15,auss,0.5971,0.6529,0.7422,,,
1,Batch_Cov_TopEig,MIA,-0.2536,0.3618,15,auss,0.9988,1.0000,0.8361,,,
1,Batch_Cov_TopEig,MIA_MinK,-0.4727,0.1420,11,auss,0.9822,0.9762,0.5261,,,
1,Batch_Cov_TopEig,MIA_Ref,-0.2000,0.5554,11,auss,0.9785,0.9434,0.9522,,,
1,Batch_Cov_TopEig,MIA_Hidden,-0.0273,0.9366,11,auss,0.9958,0.9939,0.9907,,,
1,Batch_Cov_TopEig,SPV_MIA,0.3973,0.2263,11,auss,0.3018,0.2632,0.6893,,,
1,Reg_S_alpha_2,Steering,-0.1648,0.5905,13,entropy,0.9873,0.9858,0.9684,,,
1,Reg_S_alpha_2,ICL,-0.2991,0.3208,13,entropy,0.4004,0.4830,0.8163,,,
1,Reg_S_alpha_2,GCG,-0.0670,0.8279,13,entropy,0.9461,0.9261,0.9786,,,
1,Reg_S_alpha_2,MIA,0.5495,0.0518,13,entropy,0.9988,0.7011,0.2892,,,
1,Reg_S_alpha_2,MIA_MinK,0.5000,0.1705,9,entropy,0.9822,0.9120,0.5807,,,
1,Reg_S_alpha_2,MIA_Ref,0.2167,0.5755,9,entropy,0.9785,0.9885,0.9586,,,
1,Reg_S_alpha_2,MIA_Hidden,-0.4833,0.1875,9,entropy,0.9958,0.6345,0.6175,,,
1,Reg_S_alpha_2,SPV_MIA,0.8000,0.0096,9,entropy,0.0379,0.0318,0.1182,*,*,
1,Reg_MeanCos,Steering,0.1648,0.5905,13,entropy,0.9873,0.9858,0.9684,,,
1,Reg_MeanCos,ICL,0.2991,0.3208,13,entropy,0.4004,0.4830,0.8163,,,
1,Reg_MeanCos,GCG,0.0670,0.8279,13,entropy,0.9461,0.9261,0.9786,,,
1,Reg_MeanCos,MIA,-0.5495,0.0518,13,entropy,0.9988,0.7011,0.2892,,,
1,Reg_MeanCos,MIA_MinK,-0.5000,0.1705,9,entropy,0.9822,0.9120,0.5807,,,
1,Reg_MeanCos,MIA_Ref,-0.2167,0.5755,9,entropy,0.9785,0.9885,0.9586,,,
1,Reg_MeanCos,MIA_Hidden,0.4833,0.1875,9,entropy,0.9958,0.6345,0.6175,,,
1,Reg_MeanCos,SPV_MIA,-0.8000,0.0096,9,entropy,0.0379,0.0318,0.1182,*,*,
1,Reg_MeanL2,Steering,-0.0055,0.9858,13,entropy,0.9877,0.9858,0.9974,,,
1,Reg_MeanL2,ICL,0.1778,0.5612,13,entropy,0.6257,0.6848,0.9585,,,
1,Reg_MeanL2,GCG,-0.0223,0.9423,13,entropy,0.9762,0.9794,0.9916,,,
1,Reg_MeanL2,MIA,-0.3132,0.2974,13,entropy,0.9988,0.7011,0.7835,,,
1,Reg_MeanL2,MIA_MinK,0.7500,0.0199,9,entropy,0.6582,0.4876,0.1709,,,
1,Reg_MeanL2,MIA_Ref,-0.1333,0.7324,9,entropy,0.9821,0.9885,0.9786,,,
1,Reg_MeanL2,MIA_Hidden,-0.4167,0.2646,9,entropy,0.9958,0.7848,0.7422,,,
1,Reg_MeanL2,SPV_MIA,0.2833,0.4600,9,entropy,0.5623,0.6260,0.9136,,,
1,AnonDiff_S_alpha_2,Steering,0.0824,0.7890,13,entropy,0.9873,0.9858,0.9786,,,
1,AnonDiff_S_alpha_2,ICL,-0.8127,0.0007,13,entropy,0.0112,0.0269,0.0421,*,*,*
1,AnonDiff_S_alpha_2,GCG,-0.4849,0.0931,13,entropy,0.3140,0.2615,0.4082,,,
1,AnonDiff_S_alpha_2,MIA,0.2088,0.4936,13,entropy,0.9988,0.7495,0.9350,,,
1,AnonDiff_S_alpha_2,MIA_MinK,-0.1500,0.7001,9,entropy,0.9822,0.9120,0.9786,,,
1,AnonDiff_S_alpha_2,MIA_Ref,0.0000,1.0000,9,entropy,1.0000,1.0000,1.0000,,,
1,AnonDiff_S_alpha_2,MIA_Hidden,0.0167,0.9661,9,entropy,0.9958,0.9847,0.9916,,,
1,AnonDiff_S_alpha_2,SPV_MIA,0.8500,0.0037,9,entropy,0.0233,0.0204,0.0658,*,*,
1,AnonDiff_MeanCos,Steering,0.1484,0.6286,13,entropy,0.9873,0.9858,0.9786,,,
1,AnonDiff_MeanCos,ICL,0.6180,0.0244,13,entropy,0.0490,0.0894,0.1893,*,,
1,AnonDiff_MeanCos,GCG,0.4753,0.1007,13,entropy,0.3282,0.2713,0.4328,,,
1,AnonDiff_MeanCos,MIA,-0.4560,0.1173,13,entropy,0.9988,0.7011,0.4767,,,
1,AnonDiff_MeanCos,MIA_MinK,-0.1833,0.6368,9,entropy,0.9822,0.9120,0.9786,,,
1,AnonDiff_MeanCos,MIA_Ref,-0.1333,0.7324,9,entropy,0.9821,0.9885,0.9786,,,
1,AnonDiff_MeanCos,MIA_Hidden,0.1500,0.7001,9,entropy,0.9958,0.9847,0.9786,,,
1,AnonDiff_MeanCos,SPV_MIA,-0.9833,0.0000,9,entropy,0.0003,0.0001,0.0020,**,**,**
1,AnonDiff_MeanL2,Steering,-0.0824,0.7890,13,entropy,0.9873,0.9858,0.9786,,,
1,AnonDiff_MeanL2,ICL,0.3443,0.2494,13,entropy,0.3173,0.3896,0.7334,,,
1,AnonDiff_MeanL2,GCG,0.1308,0.6702,13,entropy,0.9451,0.8674,0.9786,,,
1,AnonDiff_MeanL2,MIA,-0.4341,0.1383,13,entropy,0.9988,0.7011,0.5195,,,
1,AnonDiff_MeanL2,MIA_MinK,0.4000,0.2861,9,entropy,0.9822,0.9120,0.7717,,,
1,AnonDiff_MeanL2,MIA_Ref,-0.2167,0.5755,9,entropy,0.9785,0.9885,0.9586,,,
1,AnonDiff_MeanL2,MIA_Hidden,-0.7833,0.0125,9,entropy,0.5979,0.3680,0.1346,,,
1,AnonDiff_MeanL2,SPV_MIA,-0.1833,0.6368,9,entropy,0.7064,0.7154,0.9786,,,
1,NormAnonDiff_S_alpha_2,Steering,-0.0055,0.9858,13,entropy,0.9877,0.9858,0.9974,,,
1,NormAnonDiff_S_alpha_2,ICL,-0.8127,0.0007,13,entropy,0.0112,0.0269,0.0421,*,*,*
1,NormAnonDiff_S_alpha_2,GCG,-0.5231,0.0666,13,entropy,0.3007,0.2615,0.3406,,,
1,NormAnonDiff_S_alpha_2,MIA,0.2527,0.4048,13,entropy,0.9988,0.7370,0.8709,,,
1,NormAnonDiff_S_alpha_2,MIA_MinK,-0.1000,0.7980,9,entropy,0.9822,0.9120,0.9786,,,
1,NormAnonDiff_S_alpha_2,MIA_Ref,0.1167,0.7650,9,entropy,0.9821,0.9885,0.9786,,,
1,NormAnonDiff_S_alpha_2,MIA_Hidden,-0.0167,0.9661,9,entropy,0.9958,0.9847,0.9916,,,
1,NormAnonDiff_S_alpha_2,SPV_MIA,0.8167,0.0072,9,entropy,0.0300,0.0261,0.0960,*,*,
1,NormAnonDiff_MeanCos,Steering,0.1484,0.6286,13,entropy,0.9873,0.9858,0.9786,,,
1,NormAnonDiff_MeanCos,ICL,0.6180,0.0244,13,entropy,0.0490,0.0894,0.1893,*,,
1,NormAnonDiff_MeanCos,GCG,0.4753,0.1007,13,entropy,0.3282,0.2713,0.4328,,,
1,NormAnonDiff_MeanCos,MIA,-0.4560,0.1173,13,entropy,0.9988,0.7011,0.4767,,,
1,NormAnonDiff_MeanCos,MIA_MinK,-0.1833,0.6368,9,entropy,0.9822,0.9120,0.9786,,,
1,NormAnonDiff_MeanCos,MIA_Ref,-0.1333,0.7324,9,entropy,0.9821,0.9885,0.9786,,,
1,NormAnonDiff_MeanCos,MIA_Hidden,0.1500,0.7001,9,entropy,0.9958,0.9847,0.9786,,,
1,NormAnonDiff_MeanCos,SPV_MIA,-0.9833,0.0000,9,entropy,0.0003,0.0001,0.0020,**,**,**
2,Centroid_Norm,Steering,-0.1679,0.5499,15,auss,0.9873,0.9577,0.9522,,,
2,Centroid_Norm,ICL,0.4119,0.1271,15,auss,0.1784,0.1416,0.4916,,,
2,Centroid_Norm,GCG,0.4037,0.1356,15,auss,0.3957,0.4905,0.5166,,,
2,Centroid_Norm,MIA,0.0000,1.0000,15,auss,1.0000,1.0000,1.0000,,,
2,Centroid_Norm,MIA_MinK,0.0273,0.9366,11,auss,0.9822,0.9762,0.9907,,,
2,Centroid_Norm,MIA_Ref,0.1818,0.5926,11,auss,0.9785,0.9434,0.9684,,,
2,Centroid_Norm,MIA_Hidden,-0.0182,0.9577,11,auss,0.9958,0.9939,0.9916,,,
2,Centroid_Norm,SPV_MIA,-0.5571,0.0750,11,auss,0.1230,0.1145,0.3567,,,
2,Global_Coherence,Steering,-0.1679,0.5499,15,auss,0.9873,0.9577,0.9522,,,
2,Global_Coherence,ICL,0.4119,0.1271,15,auss,0.1784,0.1416,0.4916,,,
2,Global_Coherence,GCG,0.4037,0.1356,15,auss,0.3957,0.4905,0.5166,,,
2,Global_Coherence,MIA,0.0000,1.0000,15,auss,1.0000,1.0000,1.0000,,,
2,Global_Coherence,MIA_MinK,0.0273,0.9366,11,auss,0.9822,0.9762,0.9907,,,
2,Global_Coherence,MIA_Ref,0.1818,0.5926,11,auss,0.9785,0.9434,0.9684,,,
2,Global_Coherence,MIA_Hidden,-0.0182,0.9577,11,auss,0.9958,0.9939,0.9916,,,
2,Global_Coherence,SPV_MIA,-0.5571,0.0750,11,auss,0.1230,0.1145,0.3567,,,
2,Batch_SecondMoment_TopEig,Steering,-0.1679,0.5499,15,auss,0.9873,0.9577,0.9522,,,
2,Batch_SecondMoment_TopEig,ICL,0.4119,0.1271,15,auss,0.1784,0.1416,0.4916,,,
2,Batch_SecondMoment_TopEig,GCG,0.4037,0.1356,15,auss,0.3957,0.4905,0.5166,,,
2,Batch_SecondMoment_TopEig,MIA,0.0000,1.0000,15,auss,1.0000,1.0000,1.0000,,,
2,Batch_SecondMoment_TopEig,MIA_MinK,0.0273,0.9366,11,auss,0.9822,0.9762,0.9907,,,
2,Batch_SecondMoment_TopEig,MIA_Ref,0.1818,0.5926,11,auss,0.9785,0.9434,0.9684,,,
2,Batch_SecondMoment_TopEig,MIA_Hidden,-0.0182,0.9577,11,auss,0.9958,0.9939,0.9916,,,
2,Batch_SecondMoment_TopEig,SPV_MIA,-0.5571,0.0750,11,auss,0.1230,0.1145,0.3567,,,
2,AUSS_L2,Steering,0.1679,0.5499,15,auss,0.9873,0.9577,0.9522,,,
2,AUSS_L2,ICL,-0.4119,0.1271,15,auss,0.1784,0.1416,0.4916,,,
2,AUSS_L2,GCG,-0.4037,0.1356,15,auss,0.3957,0.4905,0.5166,,,
2,AUSS_L2,MIA,0.0000,1.0000,15,auss,1.0000,1.0000,1.0000,,,
2,AUSS_L2,MIA_MinK,-0.0273,0.9366,11,auss,0.9822,0.9762,0.9907,,,
2,AUSS_L2,MIA_Ref,-0.1818,0.5926,11,auss,0.9785,0.9434,0.9684,,,
2,AUSS_L2,MIA_Hidden,0.0182,0.9577,11,auss,0.9958,0.9939,0.9916,,,
2,AUSS_L2,SPV_MIA,0.5571,0.0750,11,auss,0.1230,0.1145,0.3567,,,
2,AUSS_Cos2,Steering,0.1679,0.5499,15,auss,0.9873,0.9577,0.9522,,,
2,AUSS_Cos2,ICL,-0.4119,0.1271,15,auss,0.1784,0.1416,0.4916,,,
2,AUSS_Cos2,GCG,-0.4037,0.1356,15,auss,0.3957,0.4905,0.5166,,,
2,AUSS_Cos2,MIA,0.0000,1.0000,15,auss,1.0000,1.0000,1.0000,,,
2,AUSS_Cos2,MIA_MinK,-0.0273,0.9366,11,auss,0.9822,0.9762,0.9907,,,
2,AUSS_Cos2,MIA_Ref,-0.1818,0.5926,11,auss,0.9785,0.9434,0.9684,,,
2,AUSS_Cos2,MIA_Hidden,0.0182,0.9577,11,auss,0.9958,0.9939,0.9916,,,
2,AUSS_Cos2,SPV_MIA,0.5571,0.0750,11,auss,0.1230,0.1145,0.3567,,,
2,AUSS_Jac,Steering,0.1429,0.6115,15,auss,0.9873,0.9577,0.9774,,,
2,AUSS_Jac,ICL,-0.4267,0.1127,15,auss,0.1647,0.1305,0.4652,,,
2,AUSS_Jac,GCG,-0.4135,0.1255,15,auss,0.3809,0.4905,0.4886,,,
2,AUSS_Jac,MIA,0.0750,0.7905,15,auss,0.9988,1.0000,0.9786,,,
2,AUSS_Jac,MIA_MinK,0.0727,0.8317,11,auss,0.9822,0.9762,0.9786,,,
2,AUSS_Jac,MIA_Ref,-0.2636,0.4334,11,auss,0.9785,0.9390,0.8883,,,
2,AUSS_Jac,MIA_Hidden,0.0091,0.9788,11,auss,0.9958,0.9939,0.9952,,,
2,AUSS_Jac,SPV_MIA,0.6119,0.0454,11,auss,0.0975,0.0970,0.2809,,,
2,Batch_Cov_Trace,Steering,0.1679,0.5499,15,auss,0.9873,0.9577,0.9522,,,
2,Batch_Cov_Trace,ICL,-0.4119,0.1271,15,auss,0.1784,0.1416,0.4916,,,
2,Batch_Cov_Trace,GCG,-0.4037,0.1356,15,auss,0.3957,0.4905,0.5166,,,
2,Batch_Cov_Trace,MIA,0.0000,1.0000,15,auss,1.0000,1.0000,1.0000,,,
2,Batch_Cov_Trace,MIA_MinK,-0.0273,0.9366,11,auss,0.9822,0.9762,0.9907,,,
2,Batch_Cov_Trace,MIA_Ref,-0.1818,0.5926,11,auss,0.9785,0.9434,0.9684,,,
2,Batch_Cov_Trace,MIA_Hidden,0.0182,0.9577,11,auss,0.9958,0.9939,0.9916,,,
2,Batch_Cov_Trace,SPV_MIA,0.5571,0.0750,11,auss,0.1230,0.1145,0.3567,,,
2,Batch_Cov_TopEig,Steering,0.2786,0.3147,15,auss,0.9873,0.9577,0.8094,,,
2,Batch_Cov_TopEig,ICL,-0.5627,0.0290,15,auss,0.0554,0.0390,0.2117,,*,
2,Batch_Cov_TopEig,GCG,-0.4331,0.1068,15,auss,0.3452,0.4289,0.4510,,,
2,Batch_Cov_TopEig,MIA,-0.0964,0.7325,15,auss,0.9988,1.0000,0.9786,,,
2,Batch_Cov_TopEig,MIA_MinK,-0.1455,0.6696,11,auss,0.9822,0.9762,0.9786,,,
2,Batch_Cov_TopEig,MIA_Ref,-0.2000,0.5554,11,auss,0.9785,0.9434,0.9522,,,
2,Batch_Cov_TopEig,MIA_Hidden,-0.0455,0.8944,11,auss,0.9958,0.9939,0.9907,,,
2,Batch_Cov_TopEig,SPV_MIA,0.4384,0.1775,11,auss,0.2446,0.2120,0.5973,,,
2,Reg_S_alpha_2,Steering,0.0110,0.9716,13,entropy,0.9877,0.9858,0.9932,,,
2,Reg_S_alpha_2,ICL,-0.3781,0.2027,13,entropy,0.2623,0.3283,0.6515,,,
2,Reg_S_alpha_2,GCG,-0.1372,0.6550,13,entropy,0.9451,0.8674,0.9786,,,
2,Reg_S_alpha_2,MIA,0.1429,0.6415,13,entropy,0.9988,0.8468,0.9786,,,
2,Reg_S_alpha_2,MIA_MinK,0.4667,0.2054,9,entropy,0.9822,0.9120,0.6582,,,
2,Reg_S_alpha_2,MIA_Ref,-0.3333,0.3807,9,entropy,0.9785,0.9794,0.8545,,,
2,Reg_S_alpha_2,MIA_Hidden,-0.0833,0.8312,9,entropy,0.9958,0.9847,0.9786,,,
2,Reg_S_alpha_2,SPV_MIA,0.6667,0.0499,9,entropy,0.0980,0.0954,0.2877,,,
2,Reg_MeanCos,Steering,0.0604,0.8445,13,entropy,0.9873,0.9858,0.9892,,,
2,Reg_MeanCos,ICL,0.4515,0.1214,13,entropy,0.1738,0.2323,0.4808,,,
2,Reg_MeanCos,GCG,0.2137,0.4832,13,entropy,0.9450,0.8393,0.9318,,,
2,Reg_MeanCos,MIA,-0.2198,0.4706,13,entropy,0.9988,0.7484,0.9242,,,
2,Reg_MeanCos,MIA_MinK,-0.4167,0.2646,9,entropy,0.9822,0.9120,0.7422,,,
2,Reg_MeanCos,MIA_Ref,0.2000,0.6059,9,entropy,0.9785,0.9885,0.9731,,,
2,Reg_MeanCos,MIA_Hidden,0.1167,0.7650,9,entropy,0.9958,0.9847,0.9786,,,
2,Reg_MeanCos,SPV_MIA,-0.8167,0.0072,9,entropy,0.0300,0.0261,0.0960,*,*,
2,Reg_MeanL2,Steering,-0.2912,0.3344,13,entropy,0.9873,0.9858,0.8176,,,
2,Reg_MeanL2,ICL,0.3697,0.2138,13,entropy,0.2740,0.3380,0.6724,,,
2,Reg_MeanL2,GCG,-0.1531,0.6175,13,entropy,0.9451,0.8674,0.9786,,,
2,Reg_MeanL2,MIA,0.0165,0.9574,13,entropy,0.9988,0.9796,0.9916,,,
2,Reg_MeanL2,MIA_MinK,-0.0833,0.8312,9,entropy,0.9822,0.9259,0.9786,,,
2,Reg_MeanL2,MIA_Ref,0.7667,0.0159,9,entropy,0.9785,0.9794,0.1464,,,
2,Reg_MeanL2,MIA_Hidden,0.2167,0.5755,9,entropy,0.9958,0.9847,0.9586,,,
2,Reg_MeanL2,SPV_MIA,-0.1833,0.6368,9,entropy,0.7064,0.7154,0.9786,,,
2,AnonDiff_S_alpha_2,Steering,0.0330,0.9149,13,entropy,0.9873,0.9858,0.9907,,,
2,AnonDiff_S_alpha_2,ICL,-0.5390,0.0573,13,entropy,0.1003,0.1470,0.3098,,,
2,AnonDiff_S_alpha_2,GCG,-0.1914,0.5311,13,entropy,0.9451,0.8655,0.9473,,,
2,AnonDiff_S_alpha_2,MIA,0.1209,0.6940,13,entropy,0.9988,0.8938,0.9786,,,
2,AnonDiff_S_alpha_2,MIA_MinK,0.2167,0.5755,9,entropy,0.9822,0.9120,0.9586,,,
2,AnonDiff_S_alpha_2,MIA_Ref,-0.3500,0.3558,9,entropy,0.9785,0.9794,0.8276,,,
2,AnonDiff_S_alpha_2,MIA_Hidden,-0.1167,0.7650,9,entropy,0.9958,0.9847,0.9786,,,
2,AnonDiff_S_alpha_2,SPV_MIA,0.7667,0.0159,9,entropy,0.0470,0.0383,0.1464,*,*,
2,AnonDiff_MeanCos,Steering,-0.0824,0.7890,13,entropy,0.9873,0.9858,0.9786,,,
2,AnonDiff_MeanCos,ICL,0.7845,0.0015,13,entropy,0.0114,0.0282,0.0464,*,*,*
2,AnonDiff_MeanCos,GCG,0.5391,0.0573,13,entropy,0.3007,0.2615,0.3098,,,
2,AnonDiff_MeanCos,MIA,-0.0110,0.9716,13,entropy,0.9988,0.9858,0.9932,,,
2,AnonDiff_MeanCos,MIA_MinK,0.0167,0.9661,9,entropy,0.9828,0.9809,0.9916,,,
2,AnonDiff_MeanCos,MIA_Ref,0.3000,0.4328,9,entropy,0.9785,0.9794,0.8883,,,
2,AnonDiff_MeanCos,MIA_Hidden,-0.0167,0.9661,9,entropy,0.9958,0.9847,0.9916,,,
2,AnonDiff_MeanCos,SPV_MIA,-0.8167,0.0072,9,entropy,0.0300,0.0261,0.0960,*,*,
2,AnonDiff_MeanL2,Steering,-0.0330,0.9149,13,entropy,0.9873,0.9858,0.9907,,,
2,AnonDiff_MeanL2,ICL,0.5418,0.0558,13,entropy,0.0979,0.1444,0.3042,,,
2,AnonDiff_MeanL2,GCG,0.1531,0.6175,13,entropy,0.9451,0.8674,0.9786,,,
2,AnonDiff_MeanL2,MIA,-0.3132,0.2974,13,entropy,0.9988,0.7011,0.7835,,,
2,AnonDiff_MeanL2,MIA_MinK,-0.2167,0.5755,9,entropy,0.9822,0.9120,0.9586,,,
2,AnonDiff_MeanL2,MIA_Ref,0.3500,0.3558,9,entropy,0.9785,0.9794,0.8276,,,
2,AnonDiff_MeanL2,MIA_Hidden,0.1167,0.7650,9,entropy,0.9958,0.9847,0.9786,,,
2,AnonDiff_MeanL2,SPV_MIA,-0.7667,0.0159,9,entropy,0.0470,0.0383,0.1464,*,*,
2,NormAnonDiff_S_alpha_2,Steering,0.0879,0.7752,13,entropy,0.9873,0.9858,0.9786,,,
2,NormAnonDiff_S_alpha_2,ICL,-0.4628,0.1113,13,entropy,0.1646,0.2192,0.4614,,,
2,NormAnonDiff_S_alpha_2,GCG,-0.1531,0.6175,13,entropy,0.9451,0.8674,0.9786,,,
2,NormAnonDiff_S_alpha_2,MIA,0.0604,0.8445,13,entropy,0.9988,0.9328,0.9892,,,
2,NormAnonDiff_S_alpha_2,MIA_MinK,0.2167,0.5755,9,entropy,0.9822,0.9120,0.9586,,,
2,NormAnonDiff_S_alpha_2,MIA_Ref,-0.3500,0.3558,9,entropy,0.9785,0.9794,0.8276,,,
2,NormAnonDiff_S_alpha_2,MIA_Hidden,-0.1167,0.7650,9,entropy,0.9958,0.9847,0.9786,,,
2,NormAnonDiff_S_alpha_2,SPV_MIA,0.7667,0.0159,9,entropy,0.0470,0.0383,0.1464,*,*,
2,NormAnonDiff_MeanCos,Steering,-0.0824,0.7890,13,entropy,0.9873,0.9858,0.9786,,,
2,NormAnonDiff_MeanCos,ICL,0.7845,0.0015,13,entropy,0.0114,0.0282,0.0464,*,*,*
2,NormAnonDiff_MeanCos,GCG,0.5391,0.0573,13,entropy,0.3007,0.2615,0.3098,,,
2,NormAnonDiff_MeanCos,MIA,-0.0110,0.9716,13,entropy,0.9988,0.9858,0.9932,,,
2,NormAnonDiff_MeanCos,MIA_MinK,0.0167,0.9661,9,entropy,0.9828,0.9809,0.9916,,,
2,NormAnonDiff_MeanCos,MIA_Ref,0.3000,0.4328,9,entropy,0.9785,0.9794,0.8883,,,
2,NormAnonDiff_MeanCos,MIA_Hidden,-0.0167,0.9661,9,entropy,0.9958,0.9847,0.9916,,,
2,NormAnonDiff_MeanCos,SPV_MIA,-0.8167,0.0072,9,entropy,0.0300,0.0261,0.0960,*,*,
3,Centroid_Norm,Steering,-0.2679,0.3344,15,auss,0.9873,0.9577,0.8176,,,
3,Centroid_Norm,ICL,0.4046,0.1347,15,auss,0.1861,0.1475,0.5166,,,
3,Centroid_Norm,GCG,0.3959,0.1441,15,auss,0.4027,0.4942,0.5305,,,
3,Centroid_Norm,MIA,0.0179,0.9496,15,auss,0.9988,1.0000,0.9916,,,
3,Centroid_Norm,MIA_MinK,0.1182,0.7293,11,auss,0.9822,0.9762,0.9786,,,
3,Centroid_Norm,MIA_Ref,0.1727,0.6115,11,auss,0.9785,0.9434,0.9774,,,
3,Centroid_Norm,MIA_Hidden,0.0000,1.0000,11,auss,1.0000,1.0000,1.0000,,,
3,Centroid_Norm,SPV_MIA,-0.6301,0.0377,11,auss,0.0901,0.0970,0.2469,,,
3,Global_Coherence,Steering,-0.2679,0.3344,15,auss,0.9873,0.9577,0.8176,,,
3,Global_Coherence,ICL,0.4046,0.1347,15,auss,0.1861,0.1475,0.5166,,,
3,Global_Coherence,GCG,0.3959,0.1441,15,auss,0.4027,0.4942,0.5305,,,
3,Global_Coherence,MIA,0.0179,0.9496,15,auss,0.9988,1.0000,0.9916,,,
3,Global_Coherence,MIA_MinK,0.1182,0.7293,11,auss,0.9822,0.9762,0.9786,,,
3,Global_Coherence,MIA_Ref,0.1727,0.6115,11,auss,0.9785,0.9434,0.9774,,,
3,Global_Coherence,MIA_Hidden,0.0000,1.0000,11,auss,1.0000,1.0000,1.0000,,,
3,Global_Coherence,SPV_MIA,-0.6301,0.0377,11,auss,0.0901,0.0970,0.2469,,,
3,Batch_SecondMoment_TopEig,Steering,-0.2536,0.3618,15,auss,0.9873,0.9577,0.8361,,,
3,Batch_SecondMoment_TopEig,ICL,0.4230,0.1162,15,auss,0.1673,0.1328,0.4760,,,
3,Batch_SecondMoment_TopEig,GCG,0.3567,0.1919,15,auss,0.4849,0.5892,0.6265,,,
3,Batch_SecondMoment_TopEig,MIA,0.0286,0.9195,15,auss,0.9988,1.0000,0.9907,,,
3,Batch_SecondMoment_TopEig,MIA_MinK,0.0909,0.7904,11,auss,0.9822,0.9762,0.9786,,,
3,Batch_SecondMoment_TopEig,MIA_Ref,0.2000,0.5554,11,auss,0.9785,0.9434,0.9522,,,
3,Batch_SecondMoment_TopEig,MIA_Hidden,0.0455,0.8944,11,auss,0.9958,0.9939,0.9907,,,
3,Batch_SecondMoment_TopEig,SPV_MIA,-0.6758,0.0225,11,auss,0.0624,0.0784,0.1835,,,
3,AUSS_L2,Steering,0.2679,0.3344,15,auss,0.9873,0.9577,0.8176,,,
3,AUSS_L2,ICL,-0.4046,0.1347,15,auss,0.1861,0.1475,0.5166,,,
3,AUSS_L2,GCG,-0.3959,0.1441,15,auss,0.4027,0.4942,0.5305,,,
3,AUSS_L2,MIA,-0.0179,0.9496,15,auss,0.9988,1.0000,0.9916,,,
3,AUSS_L2,MIA_MinK,-0.1182,0.7293,11,auss,0.9822,0.9762,0.9786,,,
3,AUSS_L2,MIA_Ref,-0.1727,0.6115,11,auss,0.9785,0.9434,0.9774,,,
3,AUSS_L2,MIA_Hidden,0.0000,1.0000,11,auss,1.0000,1.0000,1.0000,,,
3,AUSS_L2,SPV_MIA,0.6301,0.0377,11,auss,0.0901,0.0970,0.2469,,,
3,AUSS_Cos2,Steering,0.2536,0.3618,15,auss,0.9873,0.9577,0.8361,,,
3,AUSS_Cos2,ICL,-0.4230,0.1162,15,auss,0.1673,0.1328,0.4760,,,
3,AUSS_Cos2,GCG,-0.3567,0.1919,15,auss,0.4849,0.5892,0.6265,,,
3,AUSS_Cos2,MIA,-0.0286,0.9195,15,auss,0.9988,1.0000,0.9907,,,
3,AUSS_Cos2,MIA_MinK,-0.0909,0.7904,11,auss,0.9822,0.9762,0.9786,,,
3,AUSS_Cos2,MIA_Ref,-0.2000,0.5554,11,auss,0.9785,0.9434,0.9522,,,
3,AUSS_Cos2,MIA_Hidden,-0.0455,0.8944,11,auss,0.9958,0.9939,0.9907,,,
3,AUSS_Cos2,SPV_MIA,0.6758,0.0225,11,auss,0.0624,0.0784,0.1835,,,
3,AUSS_Jac,Steering,0.0321,0.9095,15,auss,0.9873,0.9577,0.9907,,,
3,AUSS_Jac,ICL,-0.4965,0.0597,15,auss,0.1021,0.0765,0.3146,,,
3,AUSS_Jac,GCG,-0.6055,0.0167,15,auss,0.1805,0.1525,0.1524,,,
3,AUSS_Jac,MIA,0.0464,0.8695,15,auss,0.9988,1.0000,0.9897,,,
3,AUSS_Jac,MIA_MinK,0.2000,0.5554,11,auss,0.9822,0.9762,0.9522,,,
3,AUSS_Jac,MIA_Ref,0.0000,1.0000,11,auss,1.0000,1.0000,1.0000,,,
3,AUSS_Jac,MIA_Hidden,-0.1636,0.6307,11,auss,0.9958,0.9939,0.9786,,,
3,AUSS_Jac,SPV_MIA,0.6027,0.0497,11,auss,0.0980,0.0970,0.2877,,,
3,Batch_Cov_Trace,Steering,0.2679,0.3344,15,auss,0.9873,0.9577,0.8176,,,
3,Batch_Cov_Trace,ICL,-0.4046,0.1347,15,auss,0.1861,0.1475,0.5166,,,
3,Batch_Cov_Trace,GCG,-0.3959,0.1441,15,auss,0.4027,0.4942,0.5305,,,
3,Batch_Cov_Trace,MIA,-0.0179,0.9496,15,auss,0.9988,1.0000,0.9916,,,
3,Batch_Cov_Trace,MIA_MinK,-0.1182,0.7293,11,auss,0.9822,0.9762,0.9786,,,
3,Batch_Cov_Trace,MIA_Ref,-0.1727,0.6115,11,auss,0.9785,0.9434,0.9774,,,
3,Batch_Cov_Trace,MIA_Hidden,0.0000,1.0000,11,auss,1.0000,1.0000,1.0000,,,
3,Batch_Cov_Trace,SPV_MIA,0.6301,0.0377,11,auss,0.0901,0.0970,0.2469,,,
3,Batch_Cov_TopEig,Steering,0.3107,0.2597,15,auss,0.9873,0.9577,0.7422,,,
3,Batch_Cov_TopEig,ICL,-0.5296,0.0423,15,auss,0.0762,0.0564,0.2712,,,
3,Batch_Cov_TopEig,GCG,-0.3606,0.1867,15,auss,0.4763,0.5869,0.6175,,,
3,Batch_Cov_TopEig,MIA,-0.0786,0.7808,15,auss,0.9988,1.0000,0.9786,,,
3,Batch_Cov_TopEig,MIA_MinK,-0.1455,0.6696,11,auss,0.9822,0.9762,0.9786,,,
3,Batch_Cov_TopEig,MIA_Ref,-0.2000,0.5554,11,auss,0.9785,0.9434,0.9522,,,
3,Batch_Cov_TopEig,MIA_Hidden,-0.0455,0.8944,11,auss,0.9958,0.9939,0.9907,,,
3,Batch_Cov_TopEig,SPV_MIA,0.4384,0.1775,11,auss,0.2446,0.2120,0.5973,,,
3,Reg_S_alpha_2,Steering,0.0110,0.9716,13,entropy,0.9877,0.9858,0.9932,,,
3,Reg_S_alpha_2,ICL,-0.3781,0.2027,13,entropy,0.2623,0.3283,0.6515,,,
3,Reg_S_alpha_2,GCG,-0.1372,0.6550,13,entropy,0.9451,0.8674,0.9786,,,
3,Reg_S_alpha_2,MIA,0.1429,0.6415,13,entropy,0.9988,0.8468,0.9786,,,
3,Reg_S_alpha_2,MIA_MinK,0.4667,0.2054,9,entropy,0.9822,0.9120,0.6582,,,
3,Reg_S_alpha_2,MIA_Ref,-0.3333,0.3807,9,entropy,0.9785,0.9794,0.8545,,,
3,Reg_S_alpha_2,MIA_Hidden,-0.0833,0.8312,9,entropy,0.9958,0.9847,0.9786,,,
3,Reg_S_alpha_2,SPV_MIA,0.6667,0.0499,9,entropy,0.0980,0.0954,0.2877,,,
3,Reg_MeanCos,Steering,0.0604,0.8445,13,entropy,0.9873,0.9858,0.9892,,,
3,Reg_MeanCos,ICL,0.4515,0.1214,13,entropy,0.1738,0.2323,0.4808,,,
3,Reg_MeanCos,GCG,0.2137,0.4832,13,entropy,0.9450,0.8393,0.9318,,,
3,Reg_MeanCos,MIA,-0.2198,0.4706,13,entropy,0.9988,0.7484,0.9242,,,
3,Reg_MeanCos,MIA_MinK,-0.4167,0.2646,9,entropy,0.9822,0.9120,0.7422,,,
3,Reg_MeanCos,MIA_Ref,0.2000,0.6059,9,entropy,0.9785,0.9885,0.9731,,,
3,Reg_MeanCos,MIA_Hidden,0.1167,0.7650,9,entropy,0.9958,0.9847,0.9786,,,
3,Reg_MeanCos,SPV_MIA,-0.8167,0.0072,9,entropy,0.0300,0.0261,0.0960,*,*,
3,Reg_MeanL2,Steering,-0.2912,0.3344,13,entropy,0.9873,0.9858,0.8176,,,
3,Reg_MeanL2,ICL,0.3697,0.2138,13,entropy,0.2740,0.3380,0.6724,,,
3,Reg_MeanL2,GCG,-0.1531,0.6175,13,entropy,0.9451,0.8674,0.9786,,,
3,Reg_MeanL2,MIA,0.0165,0.9574,13,entropy,0.9988,0.9796,0.9916,,,
3,Reg_MeanL2,MIA_MinK,-0.0833,0.8312,9,entropy,0.9822,0.9259,0.9786,,,
3,Reg_MeanL2,MIA_Ref,0.7667,0.0159,9,entropy,0.9785,0.9794,0.1464,,,
3,Reg_MeanL2,MIA_Hidden,0.2167,0.5755,9,entropy,0.9958,0.9847,0.9586,,,
3,Reg_MeanL2,SPV_MIA,-0.1833,0.6368,9,entropy,0.7064,0.7154,0.9786,,,
3,AnonDiff_S_alpha_2,Steering,0.0934,0.7615,13,entropy,0.9873,0.9858,0.9786,,,
3,AnonDiff_S_alpha_2,ICL,-0.4628,0.1113,13,entropy,0.1646,0.2192,0.4614,,,
3,AnonDiff_S_alpha_2,GCG,-0.1531,0.6175,13,entropy,0.9451,0.8674,0.9786,,,
3,AnonDiff_S_alpha_2,MIA,0.0495,0.8725,13,entropy,0.9988,0.9558,0.9897,,,
3,AnonDiff_S_alpha_2,MIA_MinK,0.1333,0.7324,9,entropy,0.9822,0.9120,0.9786,,,
3,AnonDiff_S_alpha_2,MIA_Ref,-0.4167,0.2646,9,entropy,0.9785,0.9794,0.7422,,,
3,AnonDiff_S_alpha_2,MIA_Hidden,-0.0500,0.8984,9,entropy,0.9958,0.9847,0.9907,,,
3,AnonDiff_S_alpha_2,SPV_MIA,0.7833,0.0125,9,entropy,0.0452,0.0371,0.1346,*,*,
3,AnonDiff_MeanCos,Steering,-0.0714,0.8166,13,entropy,0.9873,0.9858,0.9786,,,
3,AnonDiff_MeanCos,ICL,0.8071,0.0009,13,entropy,0.0112,0.0269,0.0462,*,*,*
3,AnonDiff_MeanCos,GCG,0.5391,0.0573,13,entropy,0.3007,0.2615,0.3098,,,
3,AnonDiff_MeanCos,MIA,-0.0055,0.9858,13,entropy,1.0000,0.9858,0.9974,,,
3,AnonDiff_MeanCos,MIA_MinK,0.1000,0.7980,9,entropy,0.9822,0.9120,0.9786,,,
3,AnonDiff_MeanCos,MIA_Ref,0.3667,0.3317,9,entropy,0.9785,0.9794,0.8176,,,
3,AnonDiff_MeanCos,MIA_Hidden,-0.0833,0.8312,9,entropy,0.9958,0.9847,0.9786,,,
3,AnonDiff_MeanCos,SPV_MIA,-0.8333,0.0053,9,entropy,0.0282,0.0236,0.0809,*,*,
3,AnonDiff_MeanL2,Steering,-0.0824,0.7890,13,entropy,0.9873,0.9858,0.9786,,,
3,AnonDiff_MeanL2,ICL,0.6152,0.0252,13,entropy,0.0504,0.0912,0.1924,,,
3,AnonDiff_MeanL2,GCG,0.1691,0.5809,13,entropy,0.9451,0.8674,0.9656,,,
3,AnonDiff_MeanL2,MIA,-0.3297,0.2713,13,entropy,0.9988,0.7011,0.7465,,,
3,AnonDiff_MeanL2,MIA_MinK,0.0167,0.9661,9,entropy,0.9828,0.9809,0.9916,,,
3,AnonDiff_MeanL2,MIA_Ref,0.3000,0.4328,9,entropy,0.9785,0.9794,0.8883,,,
3,AnonDiff_MeanL2,MIA_Hidden,-0.0167,0.9661,9,entropy,0.9958,0.9847,0.9916,,,
3,AnonDiff_MeanL2,SPV_MIA,-0.8167,0.0072,9,entropy,0.0300,0.0261,0.0960,*,*,
3,NormAnonDiff_S_alpha_2,Steering,0.1044,0.7343,13,entropy,0.9873,0.9858,0.9786,,,
3,NormAnonDiff_S_alpha_2,ICL,-0.3979,0.1782,13,entropy,0.2364,0.3074,0.5992,,,
3,NormAnonDiff_S_alpha_2,GCG,-0.1148,0.7087,13,entropy,0.9451,0.8703,0.9786,,,
3,NormAnonDiff_S_alpha_2,MIA,0.0220,0.9432,13,entropy,0.9988,0.9727,0.9916,,,
3,NormAnonDiff_S_alpha_2,MIA_MinK,0.1333,0.7324,9,entropy,0.9822,0.9120,0.9786,,,
3,NormAnonDiff_S_alpha_2,MIA_Ref,-0.4167,0.2646,9,entropy,0.9785,0.9794,0.7422,,,
3,NormAnonDiff_S_alpha_2,MIA_Hidden,-0.0500,0.8984,9,entropy,0.9958,0.9847,0.9907,,,
3,NormAnonDiff_S_alpha_2,SPV_MIA,0.7833,0.0125,9,entropy,0.0452,0.0371,0.1346,*,*,
3,NormAnonDiff_MeanCos,Steering,-0.0714,0.8166,13,entropy,0.9873,0.9858,0.9786,,,
3,NormAnonDiff_MeanCos,ICL,0.8071,0.0009,13,entropy,0.0112,0.0269,0.0462,*,*,*
3,NormAnonDiff_MeanCos,GCG,0.5391,0.0573,13,entropy,0.3007,0.2615,0.3098,,,
3,NormAnonDiff_MeanCos,MIA,-0.0055,0.9858,13,entropy,1.0000,0.9858,0.9974,,,
3,NormAnonDiff_MeanCos,MIA_MinK,0.1000,0.7980,9,entropy,0.9822,0.9120,0.9786,,,
3,NormAnonDiff_MeanCos,MIA_Ref,0.3667,0.3317,9,entropy,0.9785,0.9794,0.8176,,,
3,NormAnonDiff_MeanCos,MIA_Hidden,-0.0833,0.8312,9,entropy,0.9958,0.9847,0.9786,,,
3,NormAnonDiff_MeanCos,SPV_MIA,-0.8333,0.0053,9,entropy,0.0282,0.0236,0.0809,*,*,
4,Centroid_Norm,Steering,-0.0714,0.8003,15,auss,0.9873,0.9577,0.9786,,,
4,Centroid_Norm,ICL,0.4855,0.0666,15,auss,0.1112,0.0837,0.3406,,,
4,Centroid_Norm,GCG,-0.0647,0.8189,15,auss,0.9451,0.9546,0.9786,,,
4,Centroid_Norm,MIA,0.0250,0.9295,15,auss,0.9988,1.0000,0.9907,,,
4,Centroid_Norm,MIA_MinK,0.0545,0.8734,11,auss,0.9822,0.9762,0.9897,,,
4,Centroid_Norm,MIA_Ref,0.3545,0.2847,11,auss,0.9785,0.9390,0.7717,,,
4,Centroid_Norm,MIA_Hidden,0.2455,0.4669,11,auss,0.9958,0.9939,0.9203,,,
4,Centroid_Norm,SPV_MIA,-0.4977,0.1193,11,auss,0.1771,0.1568,0.4767,,,
4,Global_Coherence,Steering,-0.0714,0.8003,15,auss,0.9873,0.9577,0.9786,,,
4,Global_Coherence,ICL,0.4855,0.0666,15,auss,0.1112,0.0837,0.3406,,,
4,Global_Coherence,GCG,-0.0647,0.8189,15,auss,0.9451,0.9546,0.9786,,,
4,Global_Coherence,MIA,0.0250,0.9295,15,auss,0.9988,1.0000,0.9907,,,
4,Global_Coherence,MIA_MinK,0.0545,0.8734,11,auss,0.9822,0.9762,0.9897,,,
4,Global_Coherence,MIA_Ref,0.3545,0.2847,11,auss,0.9785,0.9390,0.7717,,,
4,Global_Coherence,MIA_Hidden,0.2455,0.4669,11,auss,0.9958,0.9939,0.9203,,,
4,Global_Coherence,SPV_MIA,-0.4977,0.1193,11,auss,0.1771,0.1568,0.4767,,,
4,Batch_SecondMoment_TopEig,Steering,-0.0571,0.8397,15,auss,0.9873,0.9577,0.9866,,,
4,Batch_SecondMoment_TopEig,ICL,0.4745,0.0739,15,auss,0.1199,0.0916,0.3567,,,
4,Batch_SecondMoment_TopEig,GCG,-0.0647,0.8189,15,auss,0.9451,0.9546,0.9786,,,
4,Batch_SecondMoment_TopEig,MIA,0.0107,0.9698,15,auss,0.9988,1.0000,0.9928,,,
4,Batch_SecondMoment_TopEig,MIA_MinK,0.0545,0.8734,11,auss,0.9822,0.9762,0.9897,,,
4,Batch_SecondMoment_TopEig,MIA_Ref,0.3545,0.2847,11,auss,0.9785,0.9390,0.7717,,,
4,Batch_SecondMoment_TopEig,MIA_Hidden,0.2455,0.4669,11,auss,0.9958,0.9939,0.9203,,,
4,Batch_SecondMoment_TopEig,SPV_MIA,-0.4977,0.1193,11,auss,0.1771,0.1568,0.4767,,,
4,AUSS_L2,Steering,0.0714,0.8003,15,auss,0.9873,0.9577,0.9786,,,
4,AUSS_L2,ICL,-0.4855,0.0666,15,auss,0.1112,0.0837,0.3406,,,
4,AUSS_L2,GCG,0.0647,0.8189,15,auss,0.9451,0.9546,0.9786,,,
4,AUSS_L2,MIA,-0.0250,0.9295,15,auss,0.9988,1.0000,0.9907,,,
4,AUSS_L2,MIA_MinK,-0.0545,0.8734,11,auss,0.9822,0.9762,0.9897,,,
4,AUSS_L2,MIA_Ref,-0.3545,0.2847,11,auss,0.9785,0.9390,0.7717,,,
4,AUSS_L2,MIA_Hidden,-0.2455,0.4669,11,auss,0.9958,0.9939,0.9203,,,
4,AUSS_L2,SPV_MIA,0.4977,0.1193,11,auss,0.1771,0.1568,0.4767,,,
4,AUSS_Cos2,Steering,0.0571,0.8397,15,auss,0.9873,0.9577,0.9866,,,
4,AUSS_Cos2,ICL,-0.4745,0.0739,15,auss,0.1199,0.0916,0.3567,,,
4,AUSS_Cos2,GCG,0.0647,0.8189,15,auss,0.9451,0.9546,0.9786,,,
4,AUSS_Cos2,MIA,-0.0107,0.9698,15,auss,0.9988,1.0000,0.9928,,,
4,AUSS_Cos2,MIA_MinK,-0.0545,0.8734,11,auss,0.9822,0.9762,0.9897,,,
4,AUSS_Cos2,MIA_Ref,-0.3545,0.2847,11,auss,0.9785,0.9390,0.7717,,,
4,AUSS_Cos2,MIA_Hidden,-0.2455,0.4669,11,auss,0.9958,0.9939,0.9203,,,
4,AUSS_Cos2,SPV_MIA,0.4977,0.1193,11,auss,0.1771,0.1568,0.4767,,,
4,AUSS_Jac,Steering,-0.1679,0.5499,15,auss,0.9873,0.9577,0.9522,,,
4,AUSS_Jac,ICL,-0.6289,0.0120,15,auss,0.0332,0.0207,0.1346,*,*,
4,AUSS_Jac,GCG,-0.1587,0.5720,15,auss,0.9451,0.9546,0.9586,,,
4,AUSS_Jac,MIA,0.1571,0.5760,15,auss,0.9988,1.0000,0.9586,,,
4,AUSS_Jac,MIA_MinK,0.0636,0.8525,11,auss,0.9822,0.9762,0.9897,,,
4,AUSS_Jac,MIA_Ref,-0.2545,0.4500,11,auss,0.9785,0.9390,0.9101,,,
4,AUSS_Jac,MIA_Hidden,-0.0455,0.8944,11,auss,0.9958,0.9939,0.9907,,,
4,AUSS_Jac,SPV_MIA,0.7260,0.0114,11,auss,0.0446,0.0548,0.1325,*,,
4,Batch_Cov_Trace,Steering,0.0714,0.8003,15,auss,0.9873,0.9577,0.9786,,,
4,Batch_Cov_Trace,ICL,-0.4855,0.0666,15,auss,0.1112,0.0837,0.3406,,,
4,Batch_Cov_Trace,GCG,0.0647,0.8189,15,auss,0.9451,0.9546,0.9786,,,
4,Batch_Cov_Trace,MIA,-0.0250,0.9295,15,auss,0.9988,1.0000,0.9907,,,
4,Batch_Cov_Trace,MIA_MinK,-0.0545,0.8734,11,auss,0.9822,0.9762,0.9897,,,
4,Batch_Cov_Trace,MIA_Ref,-0.3545,0.2847,11,auss,0.9785,0.9390,0.7717,,,
4,Batch_Cov_Trace,MIA_Hidden,-0.2455,0.4669,11,auss,0.9958,0.9939,0.9203,,,
4,Batch_Cov_Trace,SPV_MIA,0.4977,0.1193,11,auss,0.1771,0.1568,0.4767,,,
4,Batch_Cov_TopEig,Steering,0.1000,0.7229,15,auss,0.9873,0.9577,0.9786,,,
4,Batch_Cov_TopEig,ICL,-0.5701,0.0265,15,auss,0.0520,0.0361,0.1981,,*,
4,Batch_Cov_TopEig,GCG,-0.0020,0.9945,15,auss,1.0000,1.0000,1.0000,,,
4,Batch_Cov_TopEig,MIA,-0.1036,0.7134,15,auss,0.9988,1.0000,0.9786,,,
4,Batch_Cov_TopEig,MIA_MinK,-0.0818,0.8110,11,auss,0.9822,0.9762,0.9786,,,
4,Batch_Cov_TopEig,MIA_Ref,-0.4091,0.2115,11,auss,0.9785,0.9390,0.6688,,,
4,Batch_Cov_TopEig,MIA_Hidden,-0.2182,0.5192,11,auss,0.9958,0.9939,0.9373,,,
4,Batch_Cov_TopEig,SPV_MIA,0.4658,0.1488,11,auss,0.2073,0.1810,0.5404,,,
4,Reg_S_alpha_2,Steering,0.1648,0.5905,13,entropy,0.9873,0.9858,0.9684,,,
4,Reg_S_alpha_2,ICL,-0.4148,0.1587,13,entropy,0.2132,0.2793,0.5658,,,
4,Reg_S_alpha_2,GCG,0.0000,1.0000,13,entropy,1.0000,1.0000,1.0000,,,
4,Reg_S_alpha_2,MIA,0.2198,0.4706,13,entropy,0.9988,0.7484,0.9242,,,
4,Reg_S_alpha_2,MIA_MinK,0.3500,0.3558,9,entropy,0.9822,0.9120,0.8276,,,
4,Reg_S_alpha_2,MIA_Ref,-0.4500,0.2242,9,entropy,0.9785,0.9794,0.6833,,,
4,Reg_S_alpha_2,MIA_Hidden,-0.0500,0.8984,9,entropy,0.9958,0.9847,0.9907,,,
4,Reg_S_alpha_2,SPV_MIA,0.6333,0.0671,9,entropy,0.1173,0.1189,0.3406,,,
4,Reg_MeanCos,Steering,-0.0055,0.9858,13,entropy,0.9877,0.9858,0.9974,,,
4,Reg_MeanCos,ICL,0.4374,0.1350,13,entropy,0.1861,0.2510,0.5166,,,
4,Reg_MeanCos,GCG,0.0989,0.7479,13,entropy,0.9451,0.9057,0.9786,,,
4,Reg_MeanCos,MIA,-0.3791,0.2014,13,entropy,0.9988,0.7011,0.6484,,,
4,Reg_MeanCos,MIA_MinK,-0.4167,0.2646,9,entropy,0.9822,0.9120,0.7422,,,
4,Reg_MeanCos,MIA_Ref,0.2000,0.6059,9,entropy,0.9785,0.9885,0.9731,,,
4,Reg_MeanCos,MIA_Hidden,0.1167,0.7650,9,entropy,0.9958,0.9847,0.9786,,,
4,Reg_MeanCos,SPV_MIA,-0.8167,0.0072,9,entropy,0.0300,0.0261,0.0960,*,*,
4,Reg_MeanL2,Steering,-0.3681,0.2159,13,entropy,0.9873,0.9858,0.6724,,,
4,Reg_MeanL2,ICL,0.2794,0.3553,13,entropy,0.4254,0.4885,0.8276,,,
4,Reg_MeanL2,GCG,-0.1595,0.6027,13,entropy,0.9451,0.8674,0.9731,,,
4,Reg_MeanL2,MIA,-0.0330,0.9149,13,entropy,0.9988,0.9618,0.9907,,,
4,Reg_MeanL2,MIA_MinK,0.6667,0.0499,9,entropy,0.6582,0.4876,0.2877,,,
4,Reg_MeanL2,MIA_Ref,0.3167,0.4064,9,entropy,0.9785,0.9794,0.8709,,,
4,Reg_MeanL2,MIA_Hidden,-0.5333,0.1392,9,entropy,0.8354,0.4901,0.5195,,,
4,Reg_MeanL2,SPV_MIA,0.4167,0.2646,9,entropy,0.3441,0.3902,0.7422,,,
4,AnonDiff_S_alpha_2,Steering,0.1868,0.5411,13,entropy,0.9873,0.9858,0.9514,,,
4,AnonDiff_S_alpha_2,ICL,-0.4713,0.1040,13,entropy,0.1580,0.2113,0.4457,,,
4,AnonDiff_S_alpha_2,GCG,-0.0383,0.9012,13,entropy,0.9762,0.9690,0.9907,,,
4,AnonDiff_S_alpha_2,MIA,0.2088,0.4936,13,entropy,0.9988,0.7495,0.9350,,,
4,AnonDiff_S_alpha_2,MIA_MinK,0.2167,0.5755,9,entropy,0.9822,0.9120,0.9586,,,
4,AnonDiff_S_alpha_2,MIA_Ref,-0.3500,0.3558,9,entropy,0.9785,0.9794,0.8276,,,
4,AnonDiff_S_alpha_2,MIA_Hidden,-0.1167,0.7650,9,entropy,0.9958,0.9847,0.9786,,,
4,AnonDiff_S_alpha_2,SPV_MIA,0.7667,0.0159,9,entropy,0.0470,0.0383,0.1464,*,*,
4,AnonDiff_MeanCos,Steering,0.0879,0.7752,13,entropy,0.9873,0.9858,0.9786,,,
4,AnonDiff_MeanCos,ICL,0.6744,0.0115,13,entropy,0.0327,0.0787,0.1325,*,,
4,AnonDiff_MeanCos,GCG,0.5997,0.0303,13,entropy,0.2666,0.2516,0.2147,,,
4,AnonDiff_MeanCos,MIA,0.0385,0.9007,13,entropy,0.9988,0.9618,0.9907,,,
4,AnonDiff_MeanCos,MIA_MinK,-0.2667,0.4879,9,entropy,0.9822,0.9120,0.9318,,,
4,AnonDiff_MeanCos,MIA_Ref,0.3667,0.3317,9,entropy,0.9785,0.9794,0.8176,,,
4,AnonDiff_MeanCos,MIA_Hidden,0.1000,0.7980,9,entropy,0.9958,0.9847,0.9786,,,
4,AnonDiff_MeanCos,SPV_MIA,-0.7000,0.0358,9,entropy,0.0874,0.0721,0.2392,,,
4,AnonDiff_MeanL2,Steering,-0.1209,0.6940,13,entropy,0.9873,0.9858,0.9786,,,
4,AnonDiff_MeanL2,ICL,0.4176,0.1556,13,entropy,0.2101,0.2776,0.5563,,,
4,AnonDiff_MeanL2,GCG,0.1467,0.6324,13,entropy,0.9451,0.8674,0.9786,,,
4,AnonDiff_MeanL2,MIA,-0.3407,0.2547,13,entropy,0.9988,0.7011,0.7334,,,
4,AnonDiff_MeanL2,MIA_MinK,0.5333,0.1392,9,entropy,0.9822,0.9120,0.5195,,,
4,AnonDiff_MeanL2,MIA_Ref,-0.1000,0.7980,9,entropy,0.9821,0.9885,0.9786,,,
4,AnonDiff_MeanL2,MIA_Hidden,-0.6333,0.0671,9,entropy,0.6683,0.3850,0.3406,,,
4,AnonDiff_MeanL2,SPV_MIA,-0.1667,0.6682,9,entropy,0.7201,0.7171,0.9786,,,
4,NormAnonDiff_S_alpha_2,Steering,0.1538,0.6158,13,entropy,0.9873,0.9858,0.9786,,,
4,NormAnonDiff_S_alpha_2,ICL,-0.4797,0.0971,13,entropy,0.1504,0.2013,0.4217,,,
4,NormAnonDiff_S_alpha_2,GCG,-0.0766,0.8037,13,entropy,0.9451,0.9106,0.9786,,,
4,NormAnonDiff_S_alpha_2,MIA,0.2253,0.4593,13,entropy,0.9988,0.7484,0.9136,,,
4,NormAnonDiff_S_alpha_2,MIA_MinK,0.2167,0.5755,9,entropy,0.9822,0.9120,0.9586,,,
4,NormAnonDiff_S_alpha_2,MIA_Ref,-0.3500,0.3558,9,entropy,0.9785,0.9794,0.8276,,,
4,NormAnonDiff_S_alpha_2,MIA_Hidden,-0.1167,0.7650,9,entropy,0.9958,0.9847,0.9786,,,
4,NormAnonDiff_S_alpha_2,SPV_MIA,0.7667,0.0159,9,entropy,0.0470,0.0383,0.1464,*,*,
4,NormAnonDiff_MeanCos,Steering,0.0879,0.7752,13,entropy,0.9873,0.9858,0.9786,,,
4,NormAnonDiff_MeanCos,ICL,0.6744,0.0115,13,entropy,0.0327,0.0787,0.1325,*,,
4,NormAnonDiff_MeanCos,GCG,0.5997,0.0303,13,entropy,0.2666,0.2516,0.2147,,,
4,NormAnonDiff_MeanCos,MIA,0.0385,0.9007,13,entropy,0.9988,0.9618,0.9907,,,
4,NormAnonDiff_MeanCos,MIA_MinK,-0.2667,0.4879,9,entropy,0.9822,0.9120,0.9318,,,
4,NormAnonDiff_MeanCos,MIA_Ref,0.3667,0.3317,9,entropy,0.9785,0.9794,0.8176,,,
4,NormAnonDiff_MeanCos,MIA_Hidden,0.1000,0.7980,9,entropy,0.9958,0.9847,0.9786,,,
4,NormAnonDiff_MeanCos,SPV_MIA,-0.7000,0.0358,9,entropy,0.0874,0.0721,0.2392,,,
5,Centroid_Norm,Steering,-0.0821,0.7710,15,auss,0.9873,0.9577,0.9786,,,
5,Centroid_Norm,ICL,0.4965,0.0597,15,auss,0.1021,0.0765,0.3146,,,
5,Centroid_Norm,GCG,-0.0705,0.8027,15,auss,0.9451,0.9546,0.9786,,,
5,Centroid_Norm,MIA,0.0464,0.8695,15,auss,0.9988,1.0000,0.9897,,,
5,Centroid_Norm,MIA_MinK,0.0818,0.8110,11,auss,0.9822,0.9762,0.9786,,,
5,Centroid_Norm,MIA_Ref,0.4091,0.2115,11,auss,0.9785,0.9390,0.6688,,,
5,Centroid_Norm,MIA_Hidden,0.2182,0.5192,11,auss,0.9958,0.9939,0.9373,,,
5,Centroid_Norm,SPV_MIA,-0.4658,0.1488,11,auss,0.2073,0.1810,0.5404,,,
5,Global_Coherence,Steering,-0.0821,0.7710,15,auss,0.9873,0.9577,0.9786,,,
5,Global_Coherence,ICL,0.4965,0.0597,15,auss,0.1021,0.0765,0.3146,,,
5,Global_Coherence,GCG,-0.0705,0.8027,15,auss,0.9451,0.9546,0.9786,,,
5,Global_Coherence,MIA,0.0464,0.8695,15,auss,0.9988,1.0000,0.9897,,,
5,Global_Coherence,MIA_MinK,0.0818,0.8110,11,auss,0.9822,0.9762,0.9786,,,
5,Global_Coherence,MIA_Ref,0.4091,0.2115,11,auss,0.9785,0.9390,0.6688,,,
5,Global_Coherence,MIA_Hidden,0.2182,0.5192,11,auss,0.9958,0.9939,0.9373,,,
5,Global_Coherence,SPV_MIA,-0.4658,0.1488,11,auss,0.2073,0.1810,0.5404,,,
5,Batch_SecondMoment_TopEig,Steering,-0.0821,0.7710,15,auss,0.9873,0.9577,0.9786,,,
5,Batch_SecondMoment_TopEig,ICL,0.4965,0.0597,15,auss,0.1021,0.0765,0.3146,,,
5,Batch_SecondMoment_TopEig,GCG,-0.0705,0.8027,15,auss,0.9451,0.9546,0.9786,,,
5,Batch_SecondMoment_TopEig,MIA,0.0464,0.8695,15,auss,0.9988,1.0000,0.9897,,,
5,Batch_SecondMoment_TopEig,MIA_MinK,0.0818,0.8110,11,auss,0.9822,0.9762,0.9786,,,
5,Batch_SecondMoment_TopEig,MIA_Ref,0.4091,0.2115,11,auss,0.9785,0.9390,0.6688,,,
5,Batch_SecondMoment_TopEig,MIA_Hidden,0.2182,0.5192,11,auss,0.9958,0.9939,0.9373,,,
5,Batch_SecondMoment_TopEig,SPV_MIA,-0.4658,0.1488,11,auss,0.2073,0.1810,0.5404,,,
5,AUSS_L2,Steering,0.0821,0.7710,15,auss,0.9873,0.9577,0.9786,,,
5,AUSS_L2,ICL,-0.4965,0.0597,15,auss,0.1021,0.0765,0.3146,,,
5,AUSS_L2,GCG,0.0705,0.8027,15,auss,0.9451,0.9546,0.9786,,,
5,AUSS_L2,MIA,-0.0464,0.8695,15,auss,0.9988,1.0000,0.9897,,,
5,AUSS_L2,MIA_MinK,-0.0818,0.8110,11,auss,0.9822,0.9762,0.9786,,,
5,AUSS_L2,MIA_Ref,-0.4091,0.2115,11,auss,0.9785,0.9390,0.6688,,,
5,AUSS_L2,MIA_Hidden,-0.2182,0.5192,11,auss,0.9958,0.9939,0.9373,,,
5,AUSS_L2,SPV_MIA,0.4658,0.1488,11,auss,0.2073,0.1810,0.5404,,,
5,AUSS_Cos2,Steering,0.0821,0.7710,15,auss,0.9873,0.9577,0.9786,,,
5,AUSS_Cos2,ICL,-0.4965,0.0597,15,auss,0.1021,0.0765,0.3146,,,
5,AUSS_Cos2,GCG,0.0705,0.8027,15,auss,0.9451,0.9546,0.9786,,,
5,AUSS_Cos2,MIA,-0.0464,0.8695,15,auss,0.9988,1.0000,0.9897,,,
5,AUSS_Cos2,MIA_MinK,-0.0818,0.8110,11,auss,0.9822,0.9762,0.9786,,,
5,AUSS_Cos2,MIA_Ref,-0.4091,0.2115,11,auss,0.9785,0.9390,0.6688,,,
5,AUSS_Cos2,MIA_Hidden,-0.2182,0.5192,11,auss,0.9958,0.9939,0.9373,,,
5,AUSS_Cos2,SPV_MIA,0.4658,0.1488,11,auss,0.2073,0.1810,0.5404,,,
5,AUSS_Jac,Steering,-0.2321,0.4051,15,auss,0.9873,0.9577,0.8709,,,
5,AUSS_Jac,ICL,-0.4708,0.0765,15,auss,0.1221,0.0944,0.3567,,,
5,AUSS_Jac,GCG,0.0568,0.8406,15,auss,0.9586,0.9546,0.9874,,,
5,AUSS_Jac,MIA,0.1857,0.5075,15,auss,0.9988,1.0000,0.9373,,,
5,AUSS_Jac,MIA_MinK,0.3000,0.3701,11,auss,0.9822,0.9762,0.8482,,,
5,AUSS_Jac,MIA_Ref,-0.1818,0.5926,11,auss,0.9785,0.9434,0.9684,,,
5,AUSS_Jac,MIA_Hidden,-0.0818,0.8110,11,auss,0.9958,0.9939,0.9786,,,
5,AUSS_Jac,SPV_MIA,0.6301,0.0377,11,auss,0.0901,0.0970,0.2469,,,
5,Batch_Cov_Trace,Steering,0.0821,0.7710,15,auss,0.9873,0.9577,0.9786,,,
5,Batch_Cov_Trace,ICL,-0.4965,0.0597,15,auss,0.1021,0.0765,0.3146,,,
5,Batch_Cov_Trace,GCG,0.0705,0.8027,15,auss,0.9451,0.9546,0.9786,,,
5,Batch_Cov_Trace,MIA,-0.0464,0.8695,15,auss,0.9988,1.0000,0.9897,,,
5,Batch_Cov_Trace,MIA_MinK,-0.0818,0.8110,11,auss,0.9822,0.9762,0.9786,,,
5,Batch_Cov_Trace,MIA_Ref,-0.4091,0.2115,11,auss,0.9785,0.9390,0.6688,,,
5,Batch_Cov_Trace,MIA_Hidden,-0.2182,0.5192,11,auss,0.9958,0.9939,0.9373,,,
5,Batch_Cov_Trace,SPV_MIA,0.4658,0.1488,11,auss,0.2073,0.1810,0.5404,,,
5,Batch_Cov_TopEig,Steering,0.1000,0.7229,15,auss,0.9873,0.9577,0.9786,,,
5,Batch_Cov_TopEig,ICL,-0.6326,0.0114,15,auss,0.0327,0.0204,0.1325,*,*,
5,Batch_Cov_TopEig,GCG,-0.0686,0.8081,15,auss,0.9451,0.9546,0.9786,,,
5,Batch_Cov_TopEig,MIA,-0.1536,0.5848,15,auss,0.9988,1.0000,0.9684,,,
5,Batch_Cov_TopEig,MIA_MinK,-0.0818,0.8110,11,auss,0.9822,0.9762,0.9786,,,
5,Batch_Cov_TopEig,MIA_Ref,-0.4091,0.2115,11,auss,0.9785,0.9390,0.6688,,,
5,Batch_Cov_TopEig,MIA_Hidden,-0.2182,0.5192,11,auss,0.9958,0.9939,0.9373,,,
5,Batch_Cov_TopEig,SPV_MIA,0.4658,0.1488,11,auss,0.2073,0.1810,0.5404,,,
5,Reg_S_alpha_2,Steering,0.1648,0.5905,13,entropy,0.9873,0.9858,0.9684,,,
5,Reg_S_alpha_2,ICL,-0.4148,0.1587,13,entropy,0.2132,0.2793,0.5658,,,
5,Reg_S_alpha_2,GCG,0.0000,1.0000,13,entropy,1.0000,1.0000,1.0000,,,
5,Reg_S_alpha_2,MIA,0.2198,0.4706,13,entropy,0.9988,0.7484,0.9242,,,
5,Reg_S_alpha_2,MIA_MinK,0.3500,0.3558,9,entropy,0.9822,0.9120,0.8276,,,
5,Reg_S_alpha_2,MIA_Ref,-0.4500,0.2242,9,entropy,0.9785,0.9794,0.6833,,,
5,Reg_S_alpha_2,MIA_Hidden,-0.0500,0.8984,9,entropy,0.9958,0.9847,0.9907,,,
5,Reg_S_alpha_2,SPV_MIA,0.6333,0.0671,9,entropy,0.1173,0.1189,0.3406,,,
5,Reg_MeanCos,Steering,-0.0055,0.9858,13,entropy,0.9877,0.9858,0.9974,,,
5,Reg_MeanCos,ICL,0.4374,0.1350,13,entropy,0.1861,0.2510,0.5166,,,
5,Reg_MeanCos,GCG,0.0989,0.7479,13,entropy,0.9451,0.9057,0.9786,,,
5,Reg_MeanCos,MIA,-0.3791,0.2014,13,entropy,0.9988,0.7011,0.6484,,,
5,Reg_MeanCos,MIA_MinK,-0.4167,0.2646,9,entropy,0.9822,0.9120,0.7422,,,
5,Reg_MeanCos,MIA_Ref,0.2000,0.6059,9,entropy,0.9785,0.9885,0.9731,,,
5,Reg_MeanCos,MIA_Hidden,0.1167,0.7650,9,entropy,0.9958,0.9847,0.9786,,,
5,Reg_MeanCos,SPV_MIA,-0.8167,0.0072,9,entropy,0.0300,0.0261,0.0960,*,*,
5,Reg_MeanL2,Steering,-0.3462,0.2466,13,entropy,0.9873,0.9858,0.7270,,,
5,Reg_MeanL2,ICL,0.2540,0.4024,13,entropy,0.4732,0.5366,0.8709,,,
5,Reg_MeanL2,GCG,-0.1212,0.6932,13,entropy,0.9451,0.8674,0.9786,,,
5,Reg_MeanL2,MIA,-0.0275,0.9290,13,entropy,0.9988,0.9618,0.9907,,,
5,Reg_MeanL2,MIA_MinK,0.6667,0.0499,9,entropy,0.6582,0.4876,0.2877,,,
5,Reg_MeanL2,MIA_Ref,0.3167,0.4064,9,entropy,0.9785,0.9794,0.8709,,,
5,Reg_MeanL2,MIA_Hidden,-0.5333,0.1392,9,entropy,0.8354,0.4901,0.5195,,,
5,Reg_MeanL2,SPV_MIA,0.4167,0.2646,9,entropy,0.3441,0.3902,0.7422,,,
5,AnonDiff_S_alpha_2,Steering,0.1099,0.7208,13,entropy,0.9873,0.9858,0.9786,,,
5,AnonDiff_S_alpha_2,ICL,-0.5220,0.0672,13,entropy,0.1117,0.1644,0.3406,,,
5,AnonDiff_S_alpha_2,GCG,-0.1148,0.7087,13,entropy,0.9451,0.8703,0.9786,,,
5,AnonDiff_S_alpha_2,MIA,0.2637,0.3839,13,entropy,0.9988,0.7292,0.8563,,,
5,AnonDiff_S_alpha_2,MIA_MinK,0.2167,0.5755,9,entropy,0.9822,0.9120,0.9586,,,
5,AnonDiff_S_alpha_2,MIA_Ref,-0.3500,0.3558,9,entropy,0.9785,0.9794,0.8276,,,
5,AnonDiff_S_alpha_2,MIA_Hidden,-0.1167,0.7650,9,entropy,0.9958,0.9847,0.9786,,,
5,AnonDiff_S_alpha_2,SPV_MIA,0.7667,0.0159,9,entropy,0.0470,0.0383,0.1464,*,*,
5,AnonDiff_MeanCos,Steering,0.0769,0.8028,13,entropy,0.9873,0.9858,0.9786,,,
5,AnonDiff_MeanCos,ICL,0.6547,0.0152,13,entropy,0.0366,0.0787,0.1464,*,,
5,AnonDiff_MeanCos,GCG,0.5614,0.0459,13,entropy,0.2945,0.2615,0.2813,,,
5,AnonDiff_MeanCos,MIA,0.0385,0.9007,13,entropy,0.9988,0.9618,0.9907,,,
5,AnonDiff_MeanCos,MIA_MinK,-0.2833,0.4600,9,entropy,0.9822,0.9120,0.9136,,,
5,AnonDiff_MeanCos,MIA_Ref,0.3333,0.3807,9,entropy,0.9785,0.9794,0.8545,,,
5,AnonDiff_MeanCos,MIA_Hidden,0.0167,0.9661,9,entropy,0.9958,0.9847,0.9916,,,
5,AnonDiff_MeanCos,SPV_MIA,-0.6500,0.0581,9,entropy,0.1041,0.1050,0.3105,,,
5,AnonDiff_MeanL2,Steering,-0.1209,0.6940,13,entropy,0.9873,0.9858,0.9786,,,
5,AnonDiff_MeanL2,ICL,0.4176,0.1556,13,entropy,0.2101,0.2776,0.5563,,,
5,AnonDiff_MeanL2,GCG,0.1467,0.6324,13,entropy,0.9451,0.8674,0.9786,,,
5,AnonDiff_MeanL2,MIA,-0.3407,0.2547,13,entropy,0.9988,0.7011,0.7334,,,
5,AnonDiff_MeanL2,MIA_MinK,0.5333,0.1392,9,entropy,0.9822,0.9120,0.5195,,,
5,AnonDiff_MeanL2,MIA_Ref,-0.1000,0.7980,9,entropy,0.9821,0.9885,0.9786,,,
5,AnonDiff_MeanL2,MIA_Hidden,-0.6333,0.0671,9,entropy,0.6683,0.3850,0.3406,,,
5,AnonDiff_MeanL2,SPV_MIA,-0.1667,0.6682,9,entropy,0.7201,0.7171,0.9786,,,
5,NormAnonDiff_S_alpha_2,Steering,0.0495,0.8725,13,entropy,0.9873,0.9858,0.9897,,,
5,NormAnonDiff_S_alpha_2,ICL,-0.4995,0.0822,13,entropy,0.1304,0.1824,0.3792,,,
5,NormAnonDiff_S_alpha_2,GCG,-0.1531,0.6175,13,entropy,0.9451,0.8674,0.9786,,,
5,NormAnonDiff_S_alpha_2,MIA,0.2802,0.3538,13,entropy,0.9988,0.7292,0.8276,,,
5,NormAnonDiff_S_alpha_2,MIA_MinK,0.2833,0.4600,9,entropy,0.9822,0.9120,0.9136,,,
5,NormAnonDiff_S_alpha_2,MIA_Ref,-0.3333,0.3807,9,entropy,0.9785,0.9794,0.8545,,,
5,NormAnonDiff_S_alpha_2,MIA_Hidden,-0.0167,0.9661,9,entropy,0.9958,0.9847,0.9916,,,
5,NormAnonDiff_S_alpha_2,SPV_MIA,0.6500,0.0581,9,entropy,0.1041,0.1050,0.3105,,,
5,NormAnonDiff_MeanCos,Steering,0.0769,0.8028,13,entropy,0.9873,0.9858,0.9786,,,
5,NormAnonDiff_MeanCos,ICL,0.6547,0.0152,13,entropy,0.0366,0.0787,0.1464,*,,
5,NormAnonDiff_MeanCos,GCG,0.5614,0.0459,13,entropy,0.2945,0.2615,0.2813,,,
5,NormAnonDiff_MeanCos,MIA,0.0385,0.9007,13,entropy,0.9988,0.9618,0.9907,,,
5,NormAnonDiff_MeanCos,MIA_MinK,-0.2833,0.4600,9,entropy,0.9822,0.9120,0.9136,,,
5,NormAnonDiff_MeanCos,MIA_Ref,0.3333,0.3807,9,entropy,0.9785,0.9794,0.8545,,,
5,NormAnonDiff_MeanCos,MIA_Hidden,0.0167,0.9661,9,entropy,0.9958,0.9847,0.9916,,,
5,NormAnonDiff_MeanCos,SPV_MIA,-0.6500,0.0581,9,entropy,0.1041,0.1050,0.3105,,,
6,Centroid_Norm,Steering,-0.0964,0.7325,15,auss,0.9873,0.9577,0.9786,,,
6,Centroid_Norm,ICL,0.5848,0.0220,15,auss,0.0453,0.0306,0.1807,*,*,
6,Centroid_Norm,GCG,-0.0470,0.8678,15,auss,0.9606,0.9546,0.9897,,,
6,Centroid_Norm,MIA,-0.0214,0.9396,15,auss,0.9988,1.0000,0.9907,,,
6,Centroid_Norm,MIA_MinK,0.0455,0.8944,11,auss,0.9822,0.9762,0.9907,,,
6,Centroid_Norm,MIA_Ref,0.3636,0.2716,11,auss,0.9785,0.9390,0.7465,,,
6,Centroid_Norm,MIA_Hidden,0.1455,0.6696,11,auss,0.9958,0.9939,0.9786,,,
6,Centroid_Norm,SPV_MIA,-0.5114,0.1078,11,auss,0.1685,0.1531,0.4510,,,
6,Global_Coherence,Steering,-0.0964,0.7325,15,auss,0.9873,0.9577,0.9786,,,
6,Global_Coherence,ICL,0.5848,0.0220,15,auss,0.0453,0.0306,0.1807,*,*,
6,Global_Coherence,GCG,-0.0470,0.8678,15,auss,0.9606,0.9546,0.9897,,,
6,Global_Coherence,MIA,-0.0214,0.9396,15,auss,0.9988,1.0000,0.9907,,,
6,Global_Coherence,MIA_MinK,0.0455,0.8944,11,auss,0.9822,0.9762,0.9907,,,
6,Global_Coherence,MIA_Ref,0.3636,0.2716,11,auss,0.9785,0.9390,0.7465,,,
6,Global_Coherence,MIA_Hidden,0.1455,0.6696,11,auss,0.9958,0.9939,0.9786,,,
6,Global_Coherence,SPV_MIA,-0.5114,0.1078,11,auss,0.1685,0.1531,0.4510,,,
6,Batch_SecondMoment_TopEig,Steering,-0.0964,0.7325,15,auss,0.9873,0.9577,0.9786,,,
6,Batch_SecondMoment_TopEig,ICL,0.5848,0.0220,15,auss,0.0453,0.0306,0.1807,*,*,
6,Batch_SecondMoment_TopEig,GCG,-0.0470,0.8678,15,auss,0.9606,0.9546,0.9897,,,
6,Batch_SecondMoment_TopEig,MIA,-0.0214,0.9396,15,auss,0.9988,1.0000,0.9907,,,
6,Batch_SecondMoment_TopEig,MIA_MinK,0.0455,0.8944,11,auss,0.9822,0.9762,0.9907,,,
6,Batch_SecondMoment_TopEig,MIA_Ref,0.3636,0.2716,11,auss,0.9785,0.9390,0.7465,,,
6,Batch_SecondMoment_TopEig,MIA_Hidden,0.1455,0.6696,11,auss,0.9958,0.9939,0.9786,,,
6,Batch_SecondMoment_TopEig,SPV_MIA,-0.5114,0.1078,11,auss,0.1685,0.1531,0.4510,,,
6,AUSS_L2,Steering,0.0964,0.7325,15,auss,0.9873,0.9577,0.9786,,,
6,AUSS_L2,ICL,-0.5848,0.0220,15,auss,0.0453,0.0306,0.1807,*,*,
6,AUSS_L2,GCG,0.0470,0.8678,15,auss,0.9606,0.9546,0.9897,,,
6,AUSS_L2,MIA,0.0214,0.9396,15,auss,0.9988,1.0000,0.9907,,,
6,AUSS_L2,MIA_MinK,-0.0455,0.8944,11,auss,0.9822,0.9762,0.9907,,,
6,AUSS_L2,MIA_Ref,-0.3636,0.2716,11,auss,0.9785,0.9390,0.7465,,,
6,AUSS_L2,MIA_Hidden,-0.1455,0.6696,11,auss,0.9958,0.9939,0.9786,,,
6,AUSS_L2,SPV_MIA,0.5114,0.1078,11,auss,0.1685,0.1531,0.4510,,,
6,AUSS_Cos2,Steering,0.0964,0.7325,15,auss,0.9873,0.9577,0.9786,,,
6,AUSS_Cos2,ICL,-0.5848,0.0220,15,auss,0.0453,0.0306,0.1807,*,*,
6,AUSS_Cos2,GCG,0.0470,0.8678,15,auss,0.9606,0.9546,0.9897,,,
6,AUSS_Cos2,MIA,0.0214,0.9396,15,auss,0.9988,1.0000,0.9907,,,
6,AUSS_Cos2,MIA_MinK,-0.0455,0.8944,11,auss,0.9822,0.9762,0.9907,,,
6,AUSS_Cos2,MIA_Ref,-0.3636,0.2716,11,auss,0.9785,0.9390,0.7465,,,
6,AUSS_Cos2,MIA_Hidden,-0.1455,0.6696,11,auss,0.9958,0.9939,0.9786,,,
6,AUSS_Cos2,SPV_MIA,0.5114,0.1078,11,auss,0.1685,0.1531,0.4510,,,
6,AUSS_Jac,Steering,-0.1786,0.5243,15,auss,0.9873,0.9577,0.9416,,,
6,AUSS_Jac,ICL,-0.6142,0.0148,15,auss,0.0365,0.0232,0.1458,*,*,
6,AUSS_Jac,GCG,0.0705,0.8027,15,auss,0.9451,0.9546,0.9786,,,
6,AUSS_Jac,MIA,0.2464,0.3760,15,auss,0.9988,1.0000,0.8545,,,
6,AUSS_Jac,MIA_MinK,-0.0273,0.9366,11,auss,0.9822,0.9762,0.9907,,,
6,AUSS_Jac,MIA_Ref,-0.1273,0.7092,11,auss,0.9821,0.9434,0.9786,,,
6,AUSS_Jac,MIA_Hidden,0.1636,0.6307,11,auss,0.9958,0.9939,0.9786,,,
6,AUSS_Jac,SPV_MIA,0.2831,0.3989,11,auss,0.4933,0.4425,0.8709,,,
6,Batch_Cov_Trace,Steering,0.0964,0.7325,15,auss,0.9873,0.9577,0.9786,,,
6,Batch_Cov_Trace,ICL,-0.5848,0.0220,15,auss,0.0453,0.0306,0.1807,*,*,
6,Batch_Cov_Trace,GCG,0.0470,0.8678,15,auss,0.9606,0.9546,0.9897,,,
6,Batch_Cov_Trace,MIA,0.0214,0.9396,15,auss,0.9988,1.0000,0.9907,,,
6,Batch_Cov_Trace,MIA_MinK,-0.0455,0.8944,11,auss,0.9822,0.9762,0.9907,,,
6,Batch_Cov_Trace,MIA_Ref,-0.3636,0.2716,11,auss,0.9785,0.9390,0.7465,,,
6,Batch_Cov_Trace,MIA_Hidden,-0.1455,0.6696,11,auss,0.9958,0.9939,0.9786,,,
6,Batch_Cov_Trace,SPV_MIA,0.5114,0.1078,11,auss,0.1685,0.1531,0.4510,,,
6,Batch_Cov_TopEig,Steering,0.1000,0.7229,15,auss,0.9873,0.9577,0.9786,,,
6,Batch_Cov_TopEig,ICL,-0.6326,0.0114,15,auss,0.0327,0.0204,0.1325,*,*,
6,Batch_Cov_TopEig,GCG,-0.0686,0.8081,15,auss,0.9451,0.9546,0.9786,,,
6,Batch_Cov_TopEig,MIA,-0.1536,0.5848,15,auss,0.9988,1.0000,0.9684,,,
6,Batch_Cov_TopEig,MIA_MinK,-0.0818,0.8110,11,auss,0.9822,0.9762,0.9786,,,
6,Batch_Cov_TopEig,MIA_Ref,-0.4091,0.2115,11,auss,0.9785,0.9390,0.6688,,,
6,Batch_Cov_TopEig,MIA_Hidden,-0.2182,0.5192,11,auss,0.9958,0.9939,0.9373,,,
6,Batch_Cov_TopEig,SPV_MIA,0.4658,0.1488,11,auss,0.2073,0.1810,0.5404,,,
6,Reg_S_alpha_2,Steering,0.2912,0.3344,13,entropy,0.9873,0.9858,0.8176,,,
6,Reg_S_alpha_2,ICL,-0.5249,0.0655,13,entropy,0.1109,0.1632,0.3406,,,
6,Reg_S_alpha_2,GCG,0.0223,0.9423,13,entropy,0.9762,0.9794,0.9916,,,
6,Reg_S_alpha_2,MIA,0.3022,0.3156,13,entropy,0.9988,0.7292,0.8094,,,
6,Reg_S_alpha_2,MIA_MinK,-0.0333,0.9322,9,entropy,0.9822,0.9803,0.9907,,,
6,Reg_S_alpha_2,MIA_Ref,-0.2000,0.6059,9,entropy,0.9785,0.9885,0.9731,,,
6,Reg_S_alpha_2,MIA_Hidden,0.2000,0.6059,9,entropy,0.9958,0.9847,0.9731,,,
6,Reg_S_alpha_2,SPV_MIA,0.7167,0.0298,9,entropy,0.0736,0.0610,0.2128,,,
6,Reg_MeanCos,Steering,-0.1154,0.7074,13,entropy,0.9873,0.9858,0.9786,,,
6,Reg_MeanCos,ICL,0.5418,0.0558,13,entropy,0.0979,0.1444,0.3042,,,
6,Reg_MeanCos,GCG,0.1148,0.7087,13,entropy,0.9451,0.8703,0.9786,,,
6,Reg_MeanCos,MIA,-0.4396,0.1329,13,entropy,0.9988,0.7011,0.5120,,,
6,Reg_MeanCos,MIA_MinK,-0.1333,0.7324,9,entropy,0.9822,0.9120,0.9786,,,
6,Reg_MeanCos,MIA_Ref,0.0167,0.9661,9,entropy,1.0000,1.0000,0.9916,,,
6,Reg_MeanCos,MIA_Hidden,-0.1000,0.7980,9,entropy,0.9958,0.9847,0.9786,,,
6,Reg_MeanCos,SPV_MIA,-0.8667,0.0025,9,entropy,0.0164,0.0148,0.0527,*,*,
6,Reg_MeanL2,Steering,-0.3462,0.2466,13,entropy,0.9873,0.9858,0.7270,,,
6,Reg_MeanL2,ICL,0.2540,0.4024,13,entropy,0.4732,0.5366,0.8709,,,
6,Reg_MeanL2,GCG,-0.1212,0.6932,13,entropy,0.9451,0.8674,0.9786,,,
6,Reg_MeanL2,MIA,-0.0275,0.9290,13,entropy,0.9988,0.9618,0.9907,,,
6,Reg_MeanL2,MIA_MinK,0.6667,0.0499,9,entropy,0.6582,0.4876,0.2877,,,
6,Reg_MeanL2,MIA_Ref,0.3167,0.4064,9,entropy,0.9785,0.9794,0.8709,,,
6,Reg_MeanL2,MIA_Hidden,-0.5333,0.1392,9,entropy,0.8354,0.4901,0.5195,,,
6,Reg_MeanL2,SPV_MIA,0.4167,0.2646,9,entropy,0.3441,0.3902,0.7422,,,
6,AnonDiff_S_alpha_2,Steering,0.1209,0.6940,13,entropy,0.9873,0.9858,0.9786,,,
6,AnonDiff_S_alpha_2,ICL,-0.6236,0.0228,13,entropy,0.0464,0.0870,0.1848,*,,
6,AnonDiff_S_alpha_2,GCG,-0.2233,0.4634,13,entropy,0.9129,0.8155,0.9194,,,
6,AnonDiff_S_alpha_2,MIA,0.2637,0.3839,13,entropy,0.9988,0.7292,0.8563,,,
6,AnonDiff_S_alpha_2,MIA_MinK,-0.1500,0.7001,9,entropy,0.9822,0.9120,0.9786,,,
6,AnonDiff_S_alpha_2,MIA_Ref,-0.2833,0.4600,9,entropy,0.9785,0.9794,0.9136,,,
6,AnonDiff_S_alpha_2,MIA_Hidden,0.1833,0.6368,9,entropy,0.9958,0.9847,0.9786,,,
6,AnonDiff_S_alpha_2,SPV_MIA,0.7333,0.0246,9,entropy,0.0642,0.0527,0.1893,,,
6,AnonDiff_MeanCos,Steering,0.1154,0.7074,13,entropy,0.9873,0.9858,0.9786,,,
6,AnonDiff_MeanCos,ICL,0.6265,0.0220,13,entropy,0.0453,0.0865,0.1807,*,,
6,AnonDiff_MeanCos,GCG,0.4530,0.1201,13,entropy,0.3666,0.2963,0.4768,,,
6,AnonDiff_MeanCos,MIA,-0.0879,0.7752,13,entropy,0.9988,0.9219,0.9786,,,
6,AnonDiff_MeanCos,MIA_MinK,-0.2833,0.4600,9,entropy,0.9822,0.9120,0.9136,,,
6,AnonDiff_MeanCos,MIA_Ref,0.3333,0.3807,9,entropy,0.9785,0.9794,0.8545,,,
6,AnonDiff_MeanCos,MIA_Hidden,0.0167,0.9661,9,entropy,0.9958,0.9847,0.9916,,,
6,AnonDiff_MeanCos,SPV_MIA,-0.6500,0.0581,9,entropy,0.1041,0.1050,0.3105,,,
6,AnonDiff_MeanL2,Steering,-0.1209,0.6940,13,entropy,0.9873,0.9858,0.9786,,,
6,AnonDiff_MeanL2,ICL,0.4176,0.1556,13,entropy,0.2101,0.2776,0.5563,,,
6,AnonDiff_MeanL2,GCG,0.1467,0.6324,13,entropy,0.9451,0.8674,0.9786,,,
6,AnonDiff_MeanL2,MIA,-0.3407,0.2547,13,entropy,0.9988,0.7011,0.7334,,,
6,AnonDiff_MeanL2,MIA_MinK,0.5333,0.1392,9,entropy,0.9822,0.9120,0.5195,,,
6,AnonDiff_MeanL2,MIA_Ref,-0.1000,0.7980,9,entropy,0.9821,0.9885,0.9786,,,
6,AnonDiff_MeanL2,MIA_Hidden,-0.6333,0.0671,9,entropy,0.6683,0.3850,0.3406,,,
6,AnonDiff_MeanL2,SPV_MIA,-0.1667,0.6682,9,entropy,0.7201,0.7171,0.9786,,,
6,NormAnonDiff_S_alpha_2,Steering,0.0604,0.8445,13,entropy,0.9873,0.9858,0.9892,,,
6,NormAnonDiff_S_alpha_2,ICL,-0.6011,0.0298,13,entropy,0.0562,0.0937,0.2128,,,
6,NormAnonDiff_S_alpha_2,GCG,-0.2616,0.3880,13,entropy,0.7941,0.7265,0.8603,,,
6,NormAnonDiff_S_alpha_2,MIA,0.2802,0.3538,13,entropy,0.9988,0.7292,0.8276,,,
6,NormAnonDiff_S_alpha_2,MIA_MinK,-0.0833,0.8312,9,entropy,0.9822,0.9259,0.9786,,,
6,NormAnonDiff_S_alpha_2,MIA_Ref,-0.2667,0.4879,9,entropy,0.9785,0.9885,0.9318,,,
6,NormAnonDiff_S_alpha_2,MIA_Hidden,0.2833,0.4600,9,entropy,0.9958,0.9847,0.9136,,,
6,NormAnonDiff_S_alpha_2,SPV_MIA,0.6167,0.0769,9,entropy,0.1254,0.1345,0.3567,,,
6,NormAnonDiff_MeanCos,Steering,0.1154,0.7074,13,entropy,0.9873,0.9858,0.9786,,,
6,NormAnonDiff_MeanCos,ICL,0.6265,0.0220,13,entropy,0.0453,0.0865,0.1807,*,,
6,NormAnonDiff_MeanCos,GCG,0.4530,0.1201,13,entropy,0.3666,0.2963,0.4768,,,
6,NormAnonDiff_MeanCos,MIA,-0.0879,0.7752,13,entropy,0.9988,0.9219,0.9786,,,
6,NormAnonDiff_MeanCos,MIA_MinK,-0.2833,0.4600,9,entropy,0.9822,0.9120,0.9136,,,
6,NormAnonDiff_MeanCos,MIA_Ref,0.3333,0.3807,9,entropy,0.9785,0.9794,0.8545,,,
6,NormAnonDiff_MeanCos,MIA_Hidden,0.0167,0.9661,9,entropy,0.9958,0.9847,0.9916,,,
6,NormAnonDiff_MeanCos,SPV_MIA,-0.6500,0.0581,9,entropy,0.1041,0.1050,0.3105,,,
7,Centroid_Norm,Steering,-0.0857,0.7613,15,auss,0.9873,0.9577,0.9786,,,
7,Centroid_Norm,ICL,0.6032,0.0173,15,auss,0.0400,0.0264,0.1557,*,*,
7,Centroid_Norm,GCG,-0.0235,0.9337,15,auss,0.9762,0.9705,0.9907,,,
7,Centroid_Norm,MIA,-0.0179,0.9496,15,auss,0.9988,1.0000,0.9916,,,
7,Centroid_Norm,MIA_MinK,0.0455,0.8944,11,auss,0.9822,0.9762,0.9907,,,
7,Centroid_Norm,MIA_Ref,0.3636,0.2716,11,auss,0.9785,0.9390,0.7465,,,
7,Centroid_Norm,MIA_Hidden,0.1455,0.6696,11,auss,0.9958,0.9939,0.9786,,,
7,Centroid_Norm,SPV_MIA,-0.5114,0.1078,11,auss,0.1685,0.1531,0.4510,,,
7,Global_Coherence,Steering,-0.0857,0.7613,15,auss,0.9873,0.9577,0.9786,,,
7,Global_Coherence,ICL,0.6032,0.0173,15,auss,0.0400,0.0264,0.1557,*,*,
7,Global_Coherence,GCG,-0.0235,0.9337,15,auss,0.9762,0.9705,0.9907,,,
7,Global_Coherence,MIA,-0.0179,0.9496,15,auss,0.9988,1.0000,0.9916,,,
7,Global_Coherence,MIA_MinK,0.0455,0.8944,11,auss,0.9822,0.9762,0.9907,,,
7,Global_Coherence,MIA_Ref,0.3636,0.2716,11,auss,0.9785,0.9390,0.7465,,,
7,Global_Coherence,MIA_Hidden,0.1455,0.6696,11,auss,0.9958,0.9939,0.9786,,,
7,Global_Coherence,SPV_MIA,-0.5114,0.1078,11,auss,0.1685,0.1531,0.4510,,,
7,Batch_SecondMoment_TopEig,Steering,-0.0964,0.7325,15,auss,0.9873,0.9577,0.9786,,,
7,Batch_SecondMoment_TopEig,ICL,0.6142,0.0148,15,auss,0.0365,0.0232,0.1458,*,*,
7,Batch_SecondMoment_TopEig,GCG,-0.0235,0.9337,15,auss,0.9762,0.9705,0.9907,,,
7,Batch_SecondMoment_TopEig,MIA,-0.0250,0.9295,15,auss,0.9988,1.0000,0.9907,,,
7,Batch_SecondMoment_TopEig,MIA_MinK,0.0455,0.8944,11,auss,0.9822,0.9762,0.9907,,,
7,Batch_SecondMoment_TopEig,MIA_Ref,0.3636,0.2716,11,auss,0.9785,0.9390,0.7465,,,
7,Batch_SecondMoment_TopEig,MIA_Hidden,0.1455,0.6696,11,auss,0.9958,0.9939,0.9786,,,
7,Batch_SecondMoment_TopEig,SPV_MIA,-0.5114,0.1078,11,auss,0.1685,0.1531,0.4510,,,
7,AUSS_L2,Steering,0.0857,0.7613,15,auss,0.9873,0.9577,0.9786,,,
7,AUSS_L2,ICL,-0.6032,0.0173,15,auss,0.0400,0.0264,0.1557,*,*,
7,AUSS_L2,GCG,0.0235,0.9337,15,auss,0.9762,0.9705,0.9907,,,
7,AUSS_L2,MIA,0.0179,0.9496,15,auss,0.9988,1.0000,0.9916,,,
7,AUSS_L2,MIA_MinK,-0.0455,0.8944,11,auss,0.9822,0.9762,0.9907,,,
7,AUSS_L2,MIA_Ref,-0.3636,0.2716,11,auss,0.9785,0.9390,0.7465,,,
7,AUSS_L2,MIA_Hidden,-0.1455,0.6696,11,auss,0.9958,0.9939,0.9786,,,
7,AUSS_L2,SPV_MIA,0.5114,0.1078,11,auss,0.1685,0.1531,0.4510,,,
7,AUSS_Cos2,Steering,0.0750,0.7905,15,auss,0.9873,0.9577,0.9786,,,
7,AUSS_Cos2,ICL,-0.6289,0.0120,15,auss,0.0332,0.0207,0.1346,*,*,
7,AUSS_Cos2,GCG,0.0235,0.9337,15,auss,0.9762,0.9705,0.9907,,,
7,AUSS_Cos2,MIA,0.0607,0.8298,15,auss,0.9988,1.0000,0.9786,,,
7,AUSS_Cos2,MIA_MinK,-0.0455,0.8944,11,auss,0.9822,0.9762,0.9907,,,
7,AUSS_Cos2,MIA_Ref,-0.3636,0.2716,11,auss,0.9785,0.9390,0.7465,,,
7,AUSS_Cos2,MIA_Hidden,-0.1455,0.6696,11,auss,0.9958,0.9939,0.9786,,,
7,AUSS_Cos2,SPV_MIA,0.5114,0.1078,11,auss,0.1685,0.1531,0.4510,,,
7,AUSS_Jac,Steering,0.0357,0.8994,15,auss,0.9873,0.9577,0.9907,,,
7,AUSS_Jac,ICL,-0.3384,0.2173,15,auss,0.2779,0.2332,0.6755,,,
7,AUSS_Jac,GCG,0.1783,0.5249,15,auss,0.9451,0.9546,0.9418,,,
7,AUSS_Jac,MIA,-0.0250,0.9295,15,auss,0.9988,1.0000,0.9907,,,
7,AUSS_Jac,MIA_MinK,-0.2182,0.5192,11,auss,0.9822,0.9762,0.9373,,,
7,AUSS_Jac,MIA_Ref,0.0091,0.9788,11,auss,1.0000,0.9863,0.9952,,,
7,AUSS_Jac,MIA_Hidden,0.2545,0.4500,11,auss,0.9958,0.9939,0.9101,,,
7,AUSS_Jac,SPV_MIA,-0.1461,0.6681,11,auss,0.7201,0.7229,0.9786,,,
7,Batch_Cov_Trace,Steering,0.0857,0.7613,15,auss,0.9873,0.9577,0.9786,,,
7,Batch_Cov_Trace,ICL,-0.6032,0.0173,15,auss,0.0400,0.0264,0.1557,*,*,
7,Batch_Cov_Trace,GCG,0.0235,0.9337,15,auss,0.9762,0.9705,0.9907,,,
7,Batch_Cov_Trace,MIA,0.0179,0.9496,15,auss,0.9988,1.0000,0.9916,,,
7,Batch_Cov_Trace,MIA_MinK,-0.0455,0.8944,11,auss,0.9822,0.9762,0.9907,,,
7,Batch_Cov_Trace,MIA_Ref,-0.3636,0.2716,11,auss,0.9785,0.9390,0.7465,,,
7,Batch_Cov_Trace,MIA_Hidden,-0.1455,0.6696,11,auss,0.9958,0.9939,0.9786,,,
7,Batch_Cov_Trace,SPV_MIA,0.5114,0.1078,11,auss,0.1685,0.1531,0.4510,,,
7,Batch_Cov_TopEig,Steering,0.0679,0.8101,15,auss,0.9873,0.9577,0.9786,,,
7,Batch_Cov_TopEig,ICL,-0.6326,0.0114,15,auss,0.0327,0.0204,0.1325,*,*,
7,Batch_Cov_TopEig,GCG,-0.0921,0.7441,15,auss,0.9451,0.9546,0.9786,,,
7,Batch_Cov_TopEig,MIA,-0.1464,0.6025,15,auss,0.9988,1.0000,0.9731,,,
7,Batch_Cov_TopEig,MIA_MinK,-0.0818,0.8110,11,auss,0.9822,0.9762,0.9786,,,
7,Batch_Cov_TopEig,MIA_Ref,-0.4091,0.2115,11,auss,0.9785,0.9390,0.6688,,,
7,Batch_Cov_TopEig,MIA_Hidden,-0.2182,0.5192,11,auss,0.9958,0.9939,0.9373,,,
7,Batch_Cov_TopEig,SPV_MIA,0.4658,0.1488,11,auss,0.2073,0.1810,0.5404,,,
7,Reg_S_alpha_2,Steering,0.2747,0.3637,13,entropy,0.9873,0.9858,0.8399,,,
7,Reg_S_alpha_2,ICL,-0.4430,0.1295,13,entropy,0.1813,0.2441,0.4994,,,
7,Reg_S_alpha_2,GCG,-0.0702,0.8198,13,entropy,0.9451,0.9249,0.9786,,,
7,Reg_S_alpha_2,MIA,0.2857,0.3440,13,entropy,0.9988,0.7292,0.8237,,,
7,Reg_S_alpha_2,MIA_MinK,-0.3333,0.3807,9,entropy,0.9822,0.9120,0.8545,,,
7,Reg_S_alpha_2,MIA_Ref,0.0000,1.0000,9,entropy,1.0000,1.0000,1.0000,,,
7,Reg_S_alpha_2,MIA_Hidden,0.6000,0.0876,9,entropy,0.6972,0.4131,0.3993,,,
7,Reg_S_alpha_2,SPV_MIA,0.3167,0.4064,9,entropy,0.5013,0.5647,0.8709,,,
7,Reg_MeanCos,Steering,-0.2088,0.4936,13,entropy,0.9873,0.9858,0.9350,,,
7,Reg_MeanCos,ICL,0.4684,0.1064,13,entropy,0.1583,0.2128,0.4510,,,
7,Reg_MeanCos,GCG,0.0000,1.0000,13,entropy,1.0000,1.0000,1.0000,,,
7,Reg_MeanCos,MIA,-0.4451,0.1275,13,entropy,0.9988,0.7011,0.4924,,,
7,Reg_MeanCos,MIA_MinK,0.1333,0.7324,9,entropy,0.9822,0.9120,0.9786,,,
7,Reg_MeanCos,MIA_Ref,-0.0833,0.8312,9,entropy,0.9821,0.9885,0.9786,,,
7,Reg_MeanCos,MIA_Hidden,-0.2000,0.6059,9,entropy,0.9958,0.9847,0.9731,,,
7,Reg_MeanCos,SPV_MIA,-0.7500,0.0199,9,entropy,0.0560,0.0450,0.1709,,*,
7,Reg_MeanL2,Steering,-0.3462,0.2466,13,entropy,0.9873,0.9858,0.7270,,,
7,Reg_MeanL2,ICL,0.2540,0.4024,13,entropy,0.4732,0.5366,0.8709,,,
7,Reg_MeanL2,GCG,-0.1212,0.6932,13,entropy,0.9451,0.8674,0.9786,,,
7,Reg_MeanL2,MIA,-0.0275,0.9290,13,entropy,0.9988,0.9618,0.9907,,,
7,Reg_MeanL2,MIA_MinK,0.6667,0.0499,9,entropy,0.6582,0.4876,0.2877,,,
7,Reg_MeanL2,MIA_Ref,0.3167,0.4064,9,entropy,0.9785,0.9794,0.8709,,,
7,Reg_MeanL2,MIA_Hidden,-0.5333,0.1392,9,entropy,0.8354,0.4901,0.5195,,,
7,Reg_MeanL2,SPV_MIA,0.4167,0.2646,9,entropy,0.3441,0.3902,0.7422,,,
7,AnonDiff_S_alpha_2,Steering,0.1209,0.6940,13,entropy,0.9873,0.9858,0.9786,,,
7,AnonDiff_S_alpha_2,ICL,-0.6236,0.0228,13,entropy,0.0464,0.0870,0.1848,*,,
7,AnonDiff_S_alpha_2,GCG,-0.2233,0.4634,13,entropy,0.9129,0.8155,0.9194,,,
7,AnonDiff_S_alpha_2,MIA,0.2637,0.3839,13,entropy,0.9988,0.7292,0.8563,,,
7,AnonDiff_S_alpha_2,MIA_MinK,-0.1500,0.7001,9,entropy,0.9822,0.9120,0.9786,,,
7,AnonDiff_S_alpha_2,MIA_Ref,-0.2833,0.4600,9,entropy,0.9785,0.9794,0.9136,,,
7,AnonDiff_S_alpha_2,MIA_Hidden,0.1833,0.6368,9,entropy,0.9958,0.9847,0.9786,,,
7,AnonDiff_S_alpha_2,SPV_MIA,0.7333,0.0246,9,entropy,0.0642,0.0527,0.1893,,,
7,AnonDiff_MeanCos,Steering,0.1154,0.7074,13,entropy,0.9873,0.9858,0.9786,,,
7,AnonDiff_MeanCos,ICL,0.6265,0.0220,13,entropy,0.0453,0.0865,0.1807,*,,
7,AnonDiff_MeanCos,GCG,0.4530,0.1201,13,entropy,0.3666,0.2963,0.4768,,,
7,AnonDiff_MeanCos,MIA,-0.0879,0.7752,13,entropy,0.9988,0.9219,0.9786,,,
7,AnonDiff_MeanCos,MIA_MinK,-0.2833,0.4600,9,entropy,0.9822,0.9120,0.9136,,,
7,AnonDiff_MeanCos,MIA_Ref,0.3333,0.3807,9,entropy,0.9785,0.9794,0.8545,,,
7,AnonDiff_MeanCos,MIA_Hidden,0.0167,0.9661,9,entropy,0.9958,0.9847,0.9916,,,
7,AnonDiff_MeanCos,SPV_MIA,-0.6500,0.0581,9,entropy,0.1041,0.1050,0.3105,,,
7,AnonDiff_MeanL2,Steering,-0.1154,0.7074,13,entropy,0.9873,0.9858,0.9786,,,
7,AnonDiff_MeanL2,ICL,0.3810,0.1991,13,entropy,0.2589,0.3264,0.6443,,,
7,AnonDiff_MeanL2,GCG,0.1467,0.6324,13,entropy,0.9451,0.8674,0.9786,,,
7,AnonDiff_MeanL2,MIA,-0.3571,0.2309,13,entropy,0.9988,0.7011,0.6972,,,
7,AnonDiff_MeanL2,MIA_MinK,0.4500,0.2242,9,entropy,0.9822,0.9120,0.6833,,,
7,AnonDiff_MeanL2,MIA_Ref,-0.1333,0.7324,9,entropy,0.9821,0.9885,0.9786,,,
7,AnonDiff_MeanL2,MIA_Hidden,-0.6667,0.0499,9,entropy,0.6422,0.3761,0.2877,,,
7,AnonDiff_MeanL2,SPV_MIA,-0.1833,0.6368,9,entropy,0.7064,0.7154,0.9786,,,
7,NormAnonDiff_S_alpha_2,Steering,0.0769,0.8028,13,entropy,0.9873,0.9858,0.9786,,,
7,NormAnonDiff_S_alpha_2,ICL,-0.6011,0.0298,13,entropy,0.0562,0.0937,0.2128,,,
7,NormAnonDiff_S_alpha_2,GCG,-0.2616,0.3880,13,entropy,0.7941,0.7265,0.8603,,,
7,NormAnonDiff_S_alpha_2,MIA,0.2473,0.4154,13,entropy,0.9988,0.7410,0.8797,,,
7,NormAnonDiff_S_alpha_2,MIA_MinK,-0.1000,0.7980,9,entropy,0.9822,0.9120,0.9786,,,
7,NormAnonDiff_S_alpha_2,MIA_Ref,-0.3000,0.4328,9,entropy,0.9785,0.9794,0.8883,,,
7,NormAnonDiff_S_alpha_2,MIA_Hidden,0.2000,0.6059,9,entropy,0.9958,0.9847,0.9731,,,
7,NormAnonDiff_S_alpha_2,SPV_MIA,0.6667,0.0499,9,entropy,0.0980,0.0954,0.2877,,,
7,NormAnonDiff_MeanCos,Steering,0.1154,0.7074,13,entropy,0.9873,0.9858,0.9786,,,
7,NormAnonDiff_MeanCos,ICL,0.6265,0.0220,13,entropy,0.0453,0.0865,0.1807,*,,
7,NormAnonDiff_MeanCos,GCG,0.4530,0.1201,13,entropy,0.3666,0.2963,0.4768,,,
7,NormAnonDiff_MeanCos,MIA,-0.0879,0.7752,13,entropy,0.9988,0.9219,0.9786,,,
7,NormAnonDiff_MeanCos,MIA_MinK,-0.2833,0.4600,9,entropy,0.9822,0.9120,0.9136,,,
7,NormAnonDiff_MeanCos,MIA_Ref,0.3333,0.3807,9,entropy,0.9785,0.9794,0.8545,,,
7,NormAnonDiff_MeanCos,MIA_Hidden,0.0167,0.9661,9,entropy,0.9958,0.9847,0.9916,,,
7,NormAnonDiff_MeanCos,SPV_MIA,-0.6500,0.0581,9,entropy,0.1041,0.1050,0.3105,,,
8,Centroid_Norm,Steering,-0.0679,0.8101,15,auss,0.9873,0.9577,0.9786,,,
8,Centroid_Norm,ICL,0.6216,0.0134,15,auss,0.0342,0.0217,0.1368,*,*,
8,Centroid_Norm,GCG,0.0000,1.0000,15,auss,1.0000,1.0000,1.0000,,,
8,Centroid_Norm,MIA,-0.0429,0.8795,15,auss,0.9988,1.0000,0.9907,,,
8,Centroid_Norm,MIA_MinK,0.0273,0.9366,11,auss,0.9822,0.9762,0.9907,,,
8,Centroid_Norm,MIA_Ref,0.3909,0.2345,11,auss,0.9785,0.9390,0.7036,,,
8,Centroid_Norm,MIA_Hidden,0.1636,0.6307,11,auss,0.9958,0.9939,0.9786,,,
8,Centroid_Norm,SPV_MIA,-0.6119,0.0454,11,auss,0.0975,0.0970,0.2809,,,
8,Global_Coherence,Steering,-0.0679,0.8101,15,auss,0.9873,0.9577,0.9786,,,
8,Global_Coherence,ICL,0.6216,0.0134,15,auss,0.0342,0.0217,0.1368,*,*,
8,Global_Coherence,GCG,0.0000,1.0000,15,auss,1.0000,1.0000,1.0000,,,
8,Global_Coherence,MIA,-0.0429,0.8795,15,auss,0.9988,1.0000,0.9907,,,
8,Global_Coherence,MIA_MinK,0.0273,0.9366,11,auss,0.9822,0.9762,0.9907,,,
8,Global_Coherence,MIA_Ref,0.3909,0.2345,11,auss,0.9785,0.9390,0.7036,,,
8,Global_Coherence,MIA_Hidden,0.1636,0.6307,11,auss,0.9958,0.9939,0.9786,,,
8,Global_Coherence,SPV_MIA,-0.6119,0.0454,11,auss,0.0975,0.0970,0.2809,,,
8,Batch_SecondMoment_TopEig,Steering,-0.0857,0.7613,15,auss,0.9873,0.9577,0.9786,,,
8,Batch_SecondMoment_TopEig,ICL,0.5775,0.0242,15,auss,0.0489,0.0334,0.1893,*,*,
8,Batch_SecondMoment_TopEig,GCG,-0.0235,0.9337,15,auss,0.9762,0.9705,0.9907,,,
8,Batch_SecondMoment_TopEig,MIA,-0.0250,0.9295,15,auss,0.9988,1.0000,0.9907,,,
8,Batch_SecondMoment_TopEig,MIA_MinK,0.0273,0.9366,11,auss,0.9822,0.9762,0.9907,,,
8,Batch_SecondMoment_TopEig,MIA_Ref,0.3909,0.2345,11,auss,0.9785,0.9390,0.7036,,,
8,Batch_SecondMoment_TopEig,MIA_Hidden,0.1636,0.6307,11,auss,0.9958,0.9939,0.9786,,,
8,Batch_SecondMoment_TopEig,SPV_MIA,-0.6119,0.0454,11,auss,0.0975,0.0970,0.2809,,,
8,AUSS_L2,Steering,0.0679,0.8101,15,auss,0.9873,0.9577,0.9786,,,
8,AUSS_L2,ICL,-0.6216,0.0134,15,auss,0.0342,0.0217,0.1368,*,*,
8,AUSS_L2,GCG,0.0000,1.0000,15,auss,1.0000,1.0000,1.0000,,,
8,AUSS_L2,MIA,0.0429,0.8795,15,auss,0.9988,1.0000,0.9907,,,
8,AUSS_L2,MIA_MinK,-0.0273,0.9366,11,auss,0.9822,0.9762,0.9907,,,
8,AUSS_L2,MIA_Ref,-0.3909,0.2345,11,auss,0.9785,0.9390,0.7036,,,
8,AUSS_L2,MIA_Hidden,-0.1636,0.6307,11,auss,0.9958,0.9939,0.9786,,,
8,AUSS_L2,SPV_MIA,0.6119,0.0454,11,auss,0.0975,0.0970,0.2809,,,
8,AUSS_Cos2,Steering,0.0964,0.7325,15,auss,0.9873,0.9577,0.9786,,,
8,AUSS_Cos2,ICL,-0.5885,0.0210,15,auss,0.0453,0.0306,0.1797,*,*,
8,AUSS_Cos2,GCG,0.0235,0.9337,15,auss,0.9762,0.9705,0.9907,,,
8,AUSS_Cos2,MIA,0.0321,0.9095,15,auss,0.9988,1.0000,0.9907,,,
8,AUSS_Cos2,MIA_MinK,-0.0273,0.9366,11,auss,0.9822,0.9762,0.9907,,,
8,AUSS_Cos2,MIA_Ref,-0.3909,0.2345,11,auss,0.9785,0.9390,0.7036,,,
8,AUSS_Cos2,MIA_Hidden,-0.1636,0.6307,11,auss,0.9958,0.9939,0.9786,,,
8,AUSS_Cos2,SPV_MIA,0.6119,0.0454,11,auss,0.0975,0.0970,0.2809,,,
8,AUSS_Jac,Steering,-0.2893,0.2957,15,auss,0.9873,0.9577,0.7835,,,
8,AUSS_Jac,ICL,-0.3053,0.2685,15,auss,0.3400,0.2859,0.7465,,,
8,AUSS_Jac,GCG,0.0510,0.8569,15,auss,0.9606,0.9546,0.9897,,,
8,AUSS_Jac,MIA,0.1214,0.6664,15,auss,0.9988,1.0000,0.9786,,,
8,AUSS_Jac,MIA_MinK,-0.2455,0.4669,11,auss,0.9822,0.9762,0.9203,,,
8,AUSS_Jac,MIA_Ref,0.2000,0.5554,11,auss,0.9785,0.9434,0.9522,,,
8,AUSS_Jac,MIA_Hidden,0.2364,0.4841,11,auss,0.9958,0.9939,0.9318,,,
8,AUSS_Jac,SPV_MIA,-0.1187,0.7281,11,auss,0.7657,0.7628,0.9786,,,
8,Batch_Cov_Trace,Steering,0.0679,0.8101,15,auss,0.9873,0.9577,0.9786,,,
8,Batch_Cov_Trace,ICL,-0.6216,0.0134,15,auss,0.0342,0.0217,0.1368,*,*,
8,Batch_Cov_Trace,GCG,0.0000,1.0000,15,auss,1.0000,1.0000,1.0000,,,
8,Batch_Cov_Trace,MIA,0.0429,0.8795,15,auss,0.9988,1.0000,0.9907,,,
8,Batch_Cov_Trace,MIA_MinK,-0.0273,0.9366,11,auss,0.9822,0.9762,0.9907,,,
8,Batch_Cov_Trace,MIA_Ref,-0.3909,0.2345,11,auss,0.9785,0.9390,0.7036,,,
8,Batch_Cov_Trace,MIA_Hidden,-0.1636,0.6307,11,auss,0.9958,0.9939,0.9786,,,
8,Batch_Cov_Trace,SPV_MIA,0.6119,0.0454,11,auss,0.0975,0.0970,0.2809,,,
8,Batch_Cov_TopEig,Steering,0.0643,0.8199,15,auss,0.9873,0.9577,0.9786,,,
8,Batch_Cov_TopEig,ICL,-0.6326,0.0114,15,auss,0.0327,0.0204,0.1325,*,*,
8,Batch_Cov_TopEig,GCG,-0.0764,0.7866,15,auss,0.9451,0.9546,0.9786,,,
8,Batch_Cov_TopEig,MIA,-0.1500,0.5936,15,auss,0.9988,1.0000,0.9689,,,
8,Batch_Cov_TopEig,MIA_MinK,-0.0909,0.7904,11,auss,0.9822,0.9762,0.9786,,,
8,Batch_Cov_TopEig,MIA_Ref,-0.4455,0.1697,11,auss,0.9785,0.9390,0.5807,,,
8,Batch_Cov_TopEig,MIA_Hidden,-0.2636,0.4334,11,auss,0.9958,0.9939,0.8883,,,
8,Batch_Cov_TopEig,SPV_MIA,0.4932,0.1232,11,auss,0.1803,0.1595,0.4864,,,
8,Reg_S_alpha_2,Steering,0.1813,0.5533,13,entropy,0.9873,0.9858,0.9522,,,
8,Reg_S_alpha_2,ICL,-0.4684,0.1064,13,entropy,0.1583,0.2128,0.4510,,,
8,Reg_S_alpha_2,GCG,-0.1850,0.5451,13,entropy,0.9451,0.8674,0.9522,,,
8,Reg_S_alpha_2,MIA,0.2692,0.3737,13,entropy,0.9988,0.7292,0.8542,,,
8,Reg_S_alpha_2,MIA_MinK,-0.1833,0.6368,9,entropy,0.9822,0.9120,0.9786,,,
8,Reg_S_alpha_2,MIA_Ref,-0.1333,0.7324,9,entropy,0.9821,0.9885,0.9786,,,
8,Reg_S_alpha_2,MIA_Hidden,0.5833,0.0992,9,entropy,0.7174,0.4364,0.4279,,,
8,Reg_S_alpha_2,SPV_MIA,0.4000,0.2861,9,entropy,0.3676,0.4105,0.7717,,,
8,Reg_MeanCos,Steering,-0.1813,0.5533,13,entropy,0.9873,0.9858,0.9522,,,
8,Reg_MeanCos,ICL,0.5079,0.0764,13,entropy,0.1221,0.1723,0.3567,,,
8,Reg_MeanCos,GCG,0.0766,0.8037,13,entropy,0.9451,0.9106,0.9786,,,
8,Reg_MeanCos,MIA,-0.4011,0.1744,13,entropy,0.9988,0.7011,0.5882,,,
8,Reg_MeanCos,MIA_MinK,-0.0167,0.9661,9,entropy,0.9828,0.9809,0.9916,,,
8,Reg_MeanCos,MIA_Ref,0.0500,0.8984,9,entropy,0.9821,1.0000,0.9907,,,
8,Reg_MeanCos,MIA_Hidden,-0.1833,0.6368,9,entropy,0.9958,0.9847,0.9786,,,
8,Reg_MeanCos,SPV_MIA,-0.8333,0.0053,9,entropy,0.0282,0.0236,0.0809,*,*,
8,Reg_MeanL2,Steering,-0.3462,0.2466,13,entropy,0.9873,0.9858,0.7270,,,
8,Reg_MeanL2,ICL,0.2540,0.4024,13,entropy,0.4732,0.5366,0.8709,,,
8,Reg_MeanL2,GCG,-0.1212,0.6932,13,entropy,0.9451,0.8674,0.9786,,,
8,Reg_MeanL2,MIA,-0.0275,0.9290,13,entropy,0.9988,0.9618,0.9907,,,
8,Reg_MeanL2,MIA_MinK,0.6667,0.0499,9,entropy,0.6582,0.4876,0.2877,,,
8,Reg_MeanL2,MIA_Ref,0.3167,0.4064,9,entropy,0.9785,0.9794,0.8709,,,
8,Reg_MeanL2,MIA_Hidden,-0.5333,0.1392,9,entropy,0.8354,0.4901,0.5195,,,
8,Reg_MeanL2,SPV_MIA,0.4167,0.2646,9,entropy,0.3441,0.3902,0.7422,,,
8,AnonDiff_S_alpha_2,Steering,0.1154,0.7074,13,entropy,0.9873,0.9858,0.9786,,,
8,AnonDiff_S_alpha_2,ICL,-0.6688,0.0124,13,entropy,0.0339,0.0787,0.1346,*,,
8,AnonDiff_S_alpha_2,GCG,-0.3158,0.2932,13,entropy,0.6531,0.6001,0.7828,,,
8,AnonDiff_S_alpha_2,MIA,0.2143,0.4821,13,entropy,0.9988,0.7495,0.9318,,,
8,AnonDiff_S_alpha_2,MIA_MinK,-0.1500,0.7001,9,entropy,0.9822,0.9120,0.9786,,,
8,AnonDiff_S_alpha_2,MIA_Ref,-0.2833,0.4600,9,entropy,0.9785,0.9794,0.9136,,,
8,AnonDiff_S_alpha_2,MIA_Hidden,0.1833,0.6368,9,entropy,0.9958,0.9847,0.9786,,,
8,AnonDiff_S_alpha_2,SPV_MIA,0.7333,0.0246,9,entropy,0.0642,0.0527,0.1893,,,
8,AnonDiff_MeanCos,Steering,0.1209,0.6940,13,entropy,0.9873,0.9858,0.9786,,,
8,AnonDiff_MeanCos,ICL,0.7055,0.0071,13,entropy,0.0241,0.0583,0.0960,*,,
8,AnonDiff_MeanCos,GCG,0.4530,0.1201,13,entropy,0.3666,0.2963,0.4768,,,
8,AnonDiff_MeanCos,MIA,-0.1758,0.5656,13,entropy,0.9988,0.7985,0.9586,,,
8,AnonDiff_MeanCos,MIA_MinK,-0.2167,0.5755,9,entropy,0.9822,0.9120,0.9586,,,
8,AnonDiff_MeanCos,MIA_Ref,0.3500,0.3558,9,entropy,0.9785,0.9794,0.8276,,,
8,AnonDiff_MeanCos,MIA_Hidden,0.1167,0.7650,9,entropy,0.9958,0.9847,0.9786,,,
8,AnonDiff_MeanCos,SPV_MIA,-0.7667,0.0159,9,entropy,0.0470,0.0383,0.1464,*,*,
8,AnonDiff_MeanL2,Steering,-0.1154,0.7074,13,entropy,0.9873,0.9858,0.9786,,,
8,AnonDiff_MeanL2,ICL,0.3810,0.1991,13,entropy,0.2589,0.3264,0.6443,,,
8,AnonDiff_MeanL2,GCG,0.1467,0.6324,13,entropy,0.9451,0.8674,0.9786,,,
8,AnonDiff_MeanL2,MIA,-0.3571,0.2309,13,entropy,0.9988,0.7011,0.6972,,,
8,AnonDiff_MeanL2,MIA_MinK,0.4500,0.2242,9,entropy,0.9822,0.9120,0.6833,,,
8,AnonDiff_MeanL2,MIA_Ref,-0.1333,0.7324,9,entropy,0.9821,0.9885,0.9786,,,
8,AnonDiff_MeanL2,MIA_Hidden,-0.6667,0.0499,9,entropy,0.6422,0.3761,0.2877,,,
8,AnonDiff_MeanL2,SPV_MIA,-0.1833,0.6368,9,entropy,0.7064,0.7154,0.9786,,,
8,NormAnonDiff_S_alpha_2,Steering,0.0659,0.8305,13,entropy,0.9873,0.9858,0.9786,,,
8,NormAnonDiff_S_alpha_2,ICL,-0.6349,0.0197,13,entropy,0.0443,0.0865,0.1709,*,,
8,NormAnonDiff_S_alpha_2,GCG,-0.2616,0.3880,13,entropy,0.7941,0.7265,0.8603,,,
8,NormAnonDiff_S_alpha_2,MIA,0.2692,0.3737,13,entropy,0.9988,0.7292,0.8542,,,
8,NormAnonDiff_S_alpha_2,MIA_MinK,-0.1000,0.7980,9,entropy,0.9822,0.9120,0.9786,,,
8,NormAnonDiff_S_alpha_2,MIA_Ref,-0.3000,0.4328,9,entropy,0.9785,0.9794,0.8883,,,
8,NormAnonDiff_S_alpha_2,MIA_Hidden,0.2000,0.6059,9,entropy,0.9958,0.9847,0.9731,,,
8,NormAnonDiff_S_alpha_2,SPV_MIA,0.6667,0.0499,9,entropy,0.0980,0.0954,0.2877,,,
8,NormAnonDiff_MeanCos,Steering,0.1209,0.6940,13,entropy,0.9873,0.9858,0.9786,,,
8,NormAnonDiff_MeanCos,ICL,0.7055,0.0071,13,entropy,0.0241,0.0583,0.0960,*,,
8,NormAnonDiff_MeanCos,GCG,0.4530,0.1201,13,entropy,0.3666,0.2963,0.4768,,,
8,NormAnonDiff_MeanCos,MIA,-0.1758,0.5656,13,entropy,0.9988,0.7985,0.9586,,,
8,NormAnonDiff_MeanCos,MIA_MinK,-0.2167,0.5755,9,entropy,0.9822,0.9120,0.9586,,,
8,NormAnonDiff_MeanCos,MIA_Ref,0.3500,0.3558,9,entropy,0.9785,0.9794,0.8276,,,
8,NormAnonDiff_MeanCos,MIA_Hidden,0.1167,0.7650,9,entropy,0.9958,0.9847,0.9786,,,
8,NormAnonDiff_MeanCos,SPV_MIA,-0.7667,0.0159,9,entropy,0.0470,0.0383,0.1464,*,*,
9,Centroid_Norm,Steering,-0.0607,0.8298,15,auss,0.9873,0.9577,0.9786,,,
9,Centroid_Norm,ICL,0.6326,0.0114,15,auss,0.0327,0.0204,0.1325,*,*,
9,Centroid_Norm,GCG,-0.0784,0.7813,15,auss,0.9451,0.9546,0.9786,,,
9,Centroid_Norm,MIA,0.0071,0.9798,15,auss,0.9988,1.0000,0.9952,,,
9,Centroid_Norm,MIA_MinK,0.0182,0.9577,11,auss,0.9828,0.9762,0.9916,,,
9,Centroid_Norm,MIA_Ref,0.4636,0.1509,11,auss,0.9785,0.9390,0.5434,,,
9,Centroid_Norm,MIA_Hidden,0.1636,0.6307,11,auss,0.9958,0.9939,0.9786,,,
9,Centroid_Norm,SPV_MIA,-0.5571,0.0750,11,auss,0.1230,0.1145,0.3567,,,
9,Global_Coherence,Steering,-0.0607,0.8298,15,auss,0.9873,0.9577,0.9786,,,
9,Global_Coherence,ICL,0.6326,0.0114,15,auss,0.0327,0.0204,0.1325,*,*,
9,Global_Coherence,GCG,-0.0784,0.7813,15,auss,0.9451,0.9546,0.9786,,,
9,Global_Coherence,MIA,0.0071,0.9798,15,auss,0.9988,1.0000,0.9952,,,
9,Global_Coherence,MIA_MinK,0.0182,0.9577,11,auss,0.9828,0.9762,0.9916,,,
9,Global_Coherence,MIA_Ref,0.4636,0.1509,11,auss,0.9785,0.9390,0.5434,,,
9,Global_Coherence,MIA_Hidden,0.1636,0.6307,11,auss,0.9958,0.9939,0.9786,,,
9,Global_Coherence,SPV_MIA,-0.5571,0.0750,11,auss,0.1230,0.1145,0.3567,,,
9,Batch_SecondMoment_TopEig,Steering,-0.0607,0.8298,15,auss,0.9873,0.9577,0.9786,,,
9,Batch_SecondMoment_TopEig,ICL,0.6326,0.0114,15,auss,0.0327,0.0204,0.1325,*,*,
9,Batch_SecondMoment_TopEig,GCG,-0.0784,0.7813,15,auss,0.9451,0.9546,0.9786,,,
9,Batch_SecondMoment_TopEig,MIA,0.0071,0.9798,15,auss,0.9988,1.0000,0.9952,,,
9,Batch_SecondMoment_TopEig,MIA_MinK,0.0182,0.9577,11,auss,0.9828,0.9762,0.9916,,,
9,Batch_SecondMoment_TopEig,MIA_Ref,0.4636,0.1509,11,auss,0.9785,0.9390,0.5434,,,
9,Batch_SecondMoment_TopEig,MIA_Hidden,0.1636,0.6307,11,auss,0.9958,0.9939,0.9786,,,
9,Batch_SecondMoment_TopEig,SPV_MIA,-0.5571,0.0750,11,auss,0.1230,0.1145,0.3567,,,
9,AUSS_L2,Steering,0.0607,0.8298,15,auss,0.9873,0.9577,0.9786,,,
9,AUSS_L2,ICL,-0.6326,0.0114,15,auss,0.0327,0.0204,0.1325,*,*,
9,AUSS_L2,GCG,0.0784,0.7813,15,auss,0.9451,0.9546,0.9786,,,
9,AUSS_L2,MIA,-0.0071,0.9798,15,auss,0.9988,1.0000,0.9952,,,
9,AUSS_L2,MIA_MinK,-0.0182,0.9577,11,auss,0.9828,0.9762,0.9916,,,
9,AUSS_L2,MIA_Ref,-0.4636,0.1509,11,auss,0.9785,0.9390,0.5434,,,
9,AUSS_L2,MIA_Hidden,-0.1636,0.6307,11,auss,0.9958,0.9939,0.9786,,,
9,AUSS_L2,SPV_MIA,0.5571,0.0750,11,auss,0.1230,0.1145,0.3567,,,
9,AUSS_Cos2,Steering,0.0964,0.7325,15,auss,0.9873,0.9577,0.9786,,,
9,AUSS_Cos2,ICL,-0.6179,0.0141,15,auss,0.0351,0.0223,0.1394,*,*,
9,AUSS_Cos2,GCG,0.1254,0.6561,15,auss,0.9451,0.9546,0.9786,,,
9,AUSS_Cos2,MIA,0.0429,0.8795,15,auss,0.9988,1.0000,0.9907,,,
9,AUSS_Cos2,MIA_MinK,-0.0182,0.9577,11,auss,0.9828,0.9762,0.9916,,,
9,AUSS_Cos2,MIA_Ref,-0.4636,0.1509,11,auss,0.9785,0.9390,0.5434,,,
9,AUSS_Cos2,MIA_Hidden,-0.1636,0.6307,11,auss,0.9958,0.9939,0.9786,,,
9,AUSS_Cos2,SPV_MIA,0.5571,0.0750,11,auss,0.1230,0.1145,0.3567,,,
9,AUSS_Jac,Steering,-0.1857,0.5075,15,auss,0.9873,0.9577,0.9373,,,
9,AUSS_Jac,ICL,-0.2501,0.3686,15,auss,0.4404,0.3893,0.8482,,,
9,AUSS_Jac,GCG,-0.0216,0.9392,15,auss,0.9762,0.9705,0.9907,,,
9,AUSS_Jac,MIA,-0.1464,0.6025,15,auss,0.9988,1.0000,0.9731,,,
9,AUSS_Jac,MIA_MinK,-0.3091,0.3550,11,auss,0.9822,0.9762,0.8276,,,
9,AUSS_Jac,MIA_Ref,0.1182,0.7293,11,auss,0.9821,0.9434,0.9786,,,
9,AUSS_Jac,MIA_Hidden,0.4545,0.1601,11,auss,0.9292,0.9939,0.5680,,,
9,AUSS_Jac,SPV_MIA,-0.1553,0.6485,11,auss,0.7149,0.7046,0.9786,,,
9,Batch_Cov_Trace,Steering,0.0607,0.8298,15,auss,0.9873,0.9577,0.9786,,,
9,Batch_Cov_Trace,ICL,-0.6326,0.0114,15,auss,0.0327,0.0204,0.1325,*,*,
9,Batch_Cov_Trace,GCG,0.0784,0.7813,15,auss,0.9451,0.9546,0.9786,,,
9,Batch_Cov_Trace,MIA,-0.0071,0.9798,15,auss,0.9988,1.0000,0.9952,,,
9,Batch_Cov_Trace,MIA_MinK,-0.0182,0.9577,11,auss,0.9828,0.9762,0.9916,,,
9,Batch_Cov_Trace,MIA_Ref,-0.4636,0.1509,11,auss,0.9785,0.9390,0.5434,,,
9,Batch_Cov_Trace,MIA_Hidden,-0.1636,0.6307,11,auss,0.9958,0.9939,0.9786,,,
9,Batch_Cov_Trace,SPV_MIA,0.5571,0.0750,11,auss,0.1230,0.1145,0.3567,,,
9,Batch_Cov_TopEig,Steering,0.0643,0.8199,15,auss,0.9873,0.9577,0.9786,,,
9,Batch_Cov_TopEig,ICL,-0.6326,0.0114,15,auss,0.0327,0.0204,0.1325,*,*,
9,Batch_Cov_TopEig,GCG,-0.0764,0.7866,15,auss,0.9451,0.9546,0.9786,,,
9,Batch_Cov_TopEig,MIA,-0.1500,0.5936,15,auss,0.9988,1.0000,0.9689,,,
9,Batch_Cov_TopEig,MIA_MinK,-0.0909,0.7904,11,auss,0.9822,0.9762,0.9786,,,
9,Batch_Cov_TopEig,MIA_Ref,-0.4455,0.1697,11,auss,0.9785,0.9390,0.5807,,,
9,Batch_Cov_TopEig,MIA_Hidden,-0.2636,0.4334,11,auss,0.9958,0.9939,0.8883,,,
9,Batch_Cov_TopEig,SPV_MIA,0.4932,0.1232,11,auss,0.1803,0.1595,0.4864,,,
9,Reg_S_alpha_2,Steering,0.2857,0.3440,13,entropy,0.9873,0.9858,0.8237,,,
9,Reg_S_alpha_2,ICL,-0.3922,0.1850,13,entropy,0.2448,0.3171,0.6142,,,
9,Reg_S_alpha_2,GCG,-0.0319,0.9176,13,entropy,0.9762,0.9690,0.9907,,,
9,Reg_S_alpha_2,MIA,0.2198,0.4706,13,entropy,0.9988,0.7484,0.9242,,,
9,Reg_S_alpha_2,MIA_MinK,-0.3667,0.3317,9,entropy,0.9822,0.9120,0.8176,,,
9,Reg_S_alpha_2,MIA_Ref,-0.1667,0.6682,9,entropy,0.9821,0.9885,0.9786,,,
9,Reg_S_alpha_2,MIA_Hidden,0.6000,0.0876,9,entropy,0.6972,0.4131,0.3993,,,
9,Reg_S_alpha_2,SPV_MIA,0.1500,0.7001,9,entropy,0.7513,0.7439,0.9786,,,
9,Reg_MeanCos,Steering,-0.2033,0.5053,13,entropy,0.9873,0.9858,0.9373,,,
9,Reg_MeanCos,ICL,0.4882,0.0905,13,entropy,0.1419,0.1946,0.4060,,,
9,Reg_MeanCos,GCG,0.0383,0.9012,13,entropy,0.9762,0.9690,0.9907,,,
9,Reg_MeanCos,MIA,-0.4066,0.1680,13,entropy,0.9988,0.7011,0.5807,,,
9,Reg_MeanCos,MIA_MinK,0.0667,0.8647,9,entropy,0.9822,0.9356,0.9897,,,
9,Reg_MeanCos,MIA_Ref,0.0000,1.0000,9,entropy,1.0000,1.0000,1.0000,,,
9,Reg_MeanCos,MIA_Hidden,-0.1500,0.7001,9,entropy,0.9958,0.9847,0.9786,,,
9,Reg_MeanCos,SPV_MIA,-0.8167,0.0072,9,entropy,0.0300,0.0261,0.0960,*,*,
9,Reg_MeanL2,Steering,-0.3462,0.2466,13,entropy,0.9873,0.9858,0.7270,,,
9,Reg_MeanL2,ICL,0.2540,0.4024,13,entropy,0.4732,0.5366,0.8709,,,
9,Reg_MeanL2,GCG,-0.1212,0.6932,13,entropy,0.9451,0.8674,0.9786,,,
9,Reg_MeanL2,MIA,-0.0275,0.9290,13,entropy,0.9988,0.9618,0.9907,,,
9,Reg_MeanL2,MIA_MinK,0.6667,0.0499,9,entropy,0.6582,0.4876,0.2877,,,
9,Reg_MeanL2,MIA_Ref,0.3167,0.4064,9,entropy,0.9785,0.9794,0.8709,,,
9,Reg_MeanL2,MIA_Hidden,-0.5333,0.1392,9,entropy,0.8354,0.4901,0.5195,,,
9,Reg_MeanL2,SPV_MIA,0.4167,0.2646,9,entropy,0.3441,0.3902,0.7422,,,
9,AnonDiff_S_alpha_2,Steering,0.1154,0.7074,13,entropy,0.9873,0.9858,0.9786,,,
9,AnonDiff_S_alpha_2,ICL,-0.6688,0.0124,13,entropy,0.0339,0.0787,0.1346,*,,
9,AnonDiff_S_alpha_2,GCG,-0.3158,0.2932,13,entropy,0.6531,0.6001,0.7828,,,
9,AnonDiff_S_alpha_2,MIA,0.2143,0.4821,13,entropy,0.9988,0.7495,0.9318,,,
9,AnonDiff_S_alpha_2,MIA_MinK,-0.1500,0.7001,9,entropy,0.9822,0.9120,0.9786,,,
9,AnonDiff_S_alpha_2,MIA_Ref,-0.2833,0.4600,9,entropy,0.9785,0.9794,0.9136,,,
9,AnonDiff_S_alpha_2,MIA_Hidden,0.1833,0.6368,9,entropy,0.9958,0.9847,0.9786,,,
9,AnonDiff_S_alpha_2,SPV_MIA,0.7333,0.0246,9,entropy,0.0642,0.0527,0.1893,,,
9,AnonDiff_MeanCos,Steering,0.0440,0.8866,13,entropy,0.9873,0.9858,0.9907,,,
9,AnonDiff_MeanCos,ICL,0.7563,0.0028,13,entropy,0.0121,0.0305,0.0538,*,*,
9,AnonDiff_MeanCos,GCG,0.4147,0.1589,13,entropy,0.4369,0.3647,0.5658,,,
9,AnonDiff_MeanCos,MIA,-0.2033,0.5053,13,entropy,0.9988,0.7495,0.9373,,,
9,AnonDiff_MeanCos,MIA_MinK,-0.2167,0.5755,9,entropy,0.9822,0.9120,0.9586,,,
9,AnonDiff_MeanCos,MIA_Ref,0.3500,0.3558,9,entropy,0.9785,0.9794,0.8276,,,
9,AnonDiff_MeanCos,MIA_Hidden,0.1167,0.7650,9,entropy,0.9958,0.9847,0.9786,,,
9,AnonDiff_MeanCos,SPV_MIA,-0.7667,0.0159,9,entropy,0.0470,0.0383,0.1464,*,*,
9,AnonDiff_MeanL2,Steering,-0.1154,0.7074,13,entropy,0.9873,0.9858,0.9786,,,
9,AnonDiff_MeanL2,ICL,0.3810,0.1991,13,entropy,0.2589,0.3264,0.6443,,,
9,AnonDiff_MeanL2,GCG,0.1467,0.6324,13,entropy,0.9451,0.8674,0.9786,,,
9,AnonDiff_MeanL2,MIA,-0.3571,0.2309,13,entropy,0.9988,0.7011,0.6972,,,
9,AnonDiff_MeanL2,MIA_MinK,0.4500,0.2242,9,entropy,0.9822,0.9120,0.6833,,,
9,AnonDiff_MeanL2,MIA_Ref,-0.1333,0.7324,9,entropy,0.9821,0.9885,0.9786,,,
9,AnonDiff_MeanL2,MIA_Hidden,-0.6667,0.0499,9,entropy,0.6422,0.3761,0.2877,,,
9,AnonDiff_MeanL2,SPV_MIA,-0.1833,0.6368,9,entropy,0.7064,0.7154,0.9786,,,
9,NormAnonDiff_S_alpha_2,Steering,0.0769,0.8028,13,entropy,0.9873,0.9858,0.9786,,,
9,NormAnonDiff_S_alpha_2,ICL,-0.6011,0.0298,13,entropy,0.0562,0.0937,0.2128,,,
9,NormAnonDiff_S_alpha_2,GCG,-0.2616,0.3880,13,entropy,0.7941,0.7265,0.8603,,,
9,NormAnonDiff_S_alpha_2,MIA,0.2473,0.4154,13,entropy,0.9988,0.7410,0.8797,,,
9,NormAnonDiff_S_alpha_2,MIA_MinK,-0.1000,0.7980,9,entropy,0.9822,0.9120,0.9786,,,
9,NormAnonDiff_S_alpha_2,MIA_Ref,-0.3000,0.4328,9,entropy,0.9785,0.9794,0.8883,,,
9,NormAnonDiff_S_alpha_2,MIA_Hidden,0.2000,0.6059,9,entropy,0.9958,0.9847,0.9731,,,
9,NormAnonDiff_S_alpha_2,SPV_MIA,0.6667,0.0499,9,entropy,0.0980,0.0954,0.2877,,,
9,NormAnonDiff_MeanCos,Steering,0.0440,0.8866,13,entropy,0.9873,0.9858,0.9907,,,
9,NormAnonDiff_MeanCos,ICL,0.7563,0.0028,13,entropy,0.0121,0.0305,0.0538,*,*,
9,NormAnonDiff_MeanCos,GCG,0.4147,0.1589,13,entropy,0.4369,0.3647,0.5658,,,
9,NormAnonDiff_MeanCos,MIA,-0.2033,0.5053,13,entropy,0.9988,0.7495,0.9373,,,
9,NormAnonDiff_MeanCos,MIA_MinK,-0.2167,0.5755,9,entropy,0.9822,0.9120,0.9586,,,
9,NormAnonDiff_MeanCos,MIA_Ref,0.3500,0.3558,9,entropy,0.9785,0.9794,0.8276,,,
9,NormAnonDiff_MeanCos,MIA_Hidden,0.1167,0.7650,9,entropy,0.9958,0.9847,0.9786,,,
9,NormAnonDiff_MeanCos,SPV_MIA,-0.7667,0.0159,9,entropy,0.0470,0.0383,0.1464,*,*,
10,Centroid_Norm,Steering,-0.0214,0.9396,15,auss,0.9873,0.9577,0.9907,,,
10,Centroid_Norm,ICL,0.6216,0.0134,15,auss,0.0342,0.0217,0.1368,*,*,
10,Centroid_Norm,GCG,0.0470,0.8678,15,auss,0.9606,0.9546,0.9897,,,
10,Centroid_Norm,MIA,-0.0500,0.8595,15,auss,0.9988,1.0000,0.9897,,,
10,Centroid_Norm,MIA_MinK,0.0000,1.0000,11,auss,1.0000,1.0000,1.0000,,,
10,Centroid_Norm,MIA_Ref,0.4000,0.2229,11,auss,0.9785,0.9390,0.6833,,,
10,Centroid_Norm,MIA_Hidden,0.1545,0.6500,11,auss,0.9958,0.9939,0.9786,,,
10,Centroid_Norm,SPV_MIA,-0.5662,0.0694,11,auss,0.1197,0.1145,0.3493,,,
10,Global_Coherence,Steering,-0.0214,0.9396,15,auss,0.9873,0.9577,0.9907,,,
10,Global_Coherence,ICL,0.6216,0.0134,15,auss,0.0342,0.0217,0.1368,*,*,
10,Global_Coherence,GCG,0.0470,0.8678,15,auss,0.9606,0.9546,0.9897,,,
10,Global_Coherence,MIA,-0.0500,0.8595,15,auss,0.9988,1.0000,0.9897,,,
10,Global_Coherence,MIA_MinK,0.0000,1.0000,11,auss,1.0000,1.0000,1.0000,,,
10,Global_Coherence,MIA_Ref,0.4000,0.2229,11,auss,0.9785,0.9390,0.6833,,,
10,Global_Coherence,MIA_Hidden,0.1545,0.6500,11,auss,0.9958,0.9939,0.9786,,,
10,Global_Coherence,SPV_MIA,-0.5662,0.0694,11,auss,0.1197,0.1145,0.3493,,,
10,Batch_SecondMoment_TopEig,Steering,0.0107,0.9698,15,auss,0.9877,0.9735,0.9928,,,
10,Batch_SecondMoment_TopEig,ICL,0.6216,0.0134,15,auss,0.0342,0.0217,0.1368,*,*,
10,Batch_SecondMoment_TopEig,GCG,0.0705,0.8027,15,auss,0.9451,0.9546,0.9786,,,
10,Batch_SecondMoment_TopEig,MIA,-0.0964,0.7325,15,auss,0.9988,1.0000,0.9786,,,
10,Batch_SecondMoment_TopEig,MIA_MinK,-0.0727,0.8317,11,auss,0.9822,0.9762,0.9786,,,
10,Batch_SecondMoment_TopEig,MIA_Ref,0.3091,0.3550,11,auss,0.9785,0.9390,0.8276,,,
10,Batch_SecondMoment_TopEig,MIA_Hidden,0.1636,0.6307,11,auss,0.9958,0.9939,0.9786,,,
10,Batch_SecondMoment_TopEig,SPV_MIA,-0.6210,0.0414,11,auss,0.0959,0.0970,0.2676,,,
10,AUSS_L2,Steering,0.0214,0.9396,15,auss,0.9873,0.9577,0.9907,,,
10,AUSS_L2,ICL,-0.6216,0.0134,15,auss,0.0342,0.0217,0.1368,*,*,
10,AUSS_L2,GCG,-0.0470,0.8678,15,auss,0.9606,0.9546,0.9897,,,
10,AUSS_L2,MIA,0.0500,0.8595,15,auss,0.9988,1.0000,0.9897,,,
10,AUSS_L2,MIA_MinK,0.0000,1.0000,11,auss,1.0000,1.0000,1.0000,,,
10,AUSS_L2,MIA_Ref,-0.4000,0.2229,11,auss,0.9785,0.9390,0.6833,,,
10,AUSS_L2,MIA_Hidden,-0.1545,0.6500,11,auss,0.9958,0.9939,0.9786,,,
10,AUSS_L2,SPV_MIA,0.5662,0.0694,11,auss,0.1197,0.1145,0.3493,,,
10,AUSS_Cos2,Steering,-0.0107,0.9698,15,auss,0.9877,0.9735,0.9928,,,
10,AUSS_Cos2,ICL,-0.6216,0.0134,15,auss,0.0342,0.0217,0.1368,*,*,
10,AUSS_Cos2,GCG,-0.0705,0.8027,15,auss,0.9451,0.9546,0.9786,,,
10,AUSS_Cos2,MIA,0.0964,0.7325,15,auss,0.9988,1.0000,0.9786,,,
10,AUSS_Cos2,MIA_MinK,0.0727,0.8317,11,auss,0.9822,0.9762,0.9786,,,
10,AUSS_Cos2,MIA_Ref,-0.3091,0.3550,11,auss,0.9785,0.9390,0.8276,,,
10,AUSS_Cos2,MIA_Hidden,-0.1636,0.6307,11,auss,0.9958,0.9939,0.9786,,,
10,AUSS_Cos2,SPV_MIA,0.6210,0.0414,11,auss,0.0959,0.0970,0.2676,,,
10,AUSS_Jac,Steering,-0.1357,0.6296,15,auss,0.9873,0.9577,0.9786,,,
10,AUSS_Jac,ICL,-0.3016,0.2746,15,auss,0.3469,0.2912,0.7538,,,
10,AUSS_Jac,GCG,0.0510,0.8569,15,auss,0.9606,0.9546,0.9897,,,
10,AUSS_Jac,MIA,-0.0286,0.9195,15,auss,0.9988,1.0000,0.9907,,,
10,AUSS_Jac,MIA_MinK,-0.3455,0.2981,11,auss,0.9822,0.9762,0.7835,,,
10,AUSS_Jac,MIA_Ref,0.1455,0.6696,11,auss,0.9821,0.9434,0.9786,,,
10,AUSS_Jac,MIA_Hidden,0.4000,0.2229,11,auss,0.9958,0.9939,0.6833,,,
10,AUSS_Jac,SPV_MIA,-0.0365,0.9151,11,auss,0.9238,0.9327,0.9907,,,
10,Batch_Cov_Trace,Steering,0.0214,0.9396,15,auss,0.9873,0.9577,0.9907,,,
10,Batch_Cov_Trace,ICL,-0.6216,0.0134,15,auss,0.0342,0.0217,0.1368,*,*,
10,Batch_Cov_Trace,GCG,-0.0470,0.8678,15,auss,0.9606,0.9546,0.9897,,,
10,Batch_Cov_Trace,MIA,0.0500,0.8595,15,auss,0.9988,1.0000,0.9897,,,
10,Batch_Cov_Trace,MIA_MinK,0.0000,1.0000,11,auss,1.0000,1.0000,1.0000,,,
10,Batch_Cov_Trace,MIA_Ref,-0.4000,0.2229,11,auss,0.9785,0.9390,0.6833,,,
10,Batch_Cov_Trace,MIA_Hidden,-0.1545,0.6500,11,auss,0.9958,0.9939,0.9786,,,
10,Batch_Cov_Trace,SPV_MIA,0.5662,0.0694,11,auss,0.1197,0.1145,0.3493,,,
10,Batch_Cov_TopEig,Steering,0.0357,0.8994,15,auss,0.9873,0.9577,0.9907,,,
10,Batch_Cov_TopEig,ICL,-0.6289,0.0120,15,auss,0.0332,0.0207,0.1346,*,*,
10,Batch_Cov_TopEig,GCG,-0.1940,0.4884,15,auss,0.9451,0.9546,0.9318,,,
10,Batch_Cov_TopEig,MIA,-0.2143,0.4431,15,auss,0.9988,1.0000,0.9051,,,
10,Batch_Cov_TopEig,MIA_MinK,-0.0636,0.8525,11,auss,0.9822,0.9762,0.9897,,,
10,Batch_Cov_TopEig,MIA_Ref,-0.4545,0.1601,11,auss,0.9785,0.9390,0.5680,,,
10,Batch_Cov_TopEig,MIA_Hidden,-0.2545,0.4500,11,auss,0.9958,0.9939,0.9101,,,
10,Batch_Cov_TopEig,SPV_MIA,0.4475,0.1676,11,auss,0.2322,0.2020,0.5807,,,
10,Reg_S_alpha_2,Steering,0.3407,0.2547,13,entropy,0.9873,0.9858,0.7334,,,
10,Reg_S_alpha_2,ICL,-0.4092,0.1650,13,entropy,0.2206,0.2885,0.5807,,,
10,Reg_S_alpha_2,GCG,-0.0159,0.9588,13,entropy,0.9792,0.9811,0.9916,,,
10,Reg_S_alpha_2,MIA,0.1538,0.6158,13,entropy,0.9988,0.8294,0.9786,,,
10,Reg_S_alpha_2,MIA_MinK,-0.1167,0.7650,9,entropy,0.9822,0.9120,0.9786,,,
10,Reg_S_alpha_2,MIA_Ref,-0.2500,0.5165,9,entropy,0.9785,0.9885,0.9373,,,
10,Reg_S_alpha_2,MIA_Hidden,0.5000,0.1705,9,entropy,0.9784,0.5922,0.5807,,,
10,Reg_S_alpha_2,SPV_MIA,0.1667,0.6682,9,entropy,0.7201,0.7171,0.9786,,,
10,Reg_MeanCos,Steering,-0.1813,0.5533,13,entropy,0.9873,0.9858,0.9522,,,
10,Reg_MeanCos,ICL,0.5079,0.0764,13,entropy,0.1221,0.1723,0.3567,,,
10,Reg_MeanCos,GCG,0.0766,0.8037,13,entropy,0.9451,0.9106,0.9786,,,
10,Reg_MeanCos,MIA,-0.4011,0.1744,13,entropy,0.9988,0.7011,0.5882,,,
10,Reg_MeanCos,MIA_MinK,-0.0167,0.9661,9,entropy,0.9828,0.9809,0.9916,,,
10,Reg_MeanCos,MIA_Ref,0.0500,0.8984,9,entropy,0.9821,1.0000,0.9907,,,
10,Reg_MeanCos,MIA_Hidden,-0.1833,0.6368,9,entropy,0.9958,0.9847,0.9786,,,
10,Reg_MeanCos,SPV_MIA,-0.8333,0.0053,9,entropy,0.0282,0.0236,0.0809,*,*,
10,Reg_MeanL2,Steering,-0.3022,0.3156,13,entropy,0.9873,0.9858,0.8094,,,
10,Reg_MeanL2,ICL,0.2963,0.3256,13,entropy,0.4036,0.4830,0.8163,,,
10,Reg_MeanL2,GCG,-0.0829,0.7877,13,entropy,0.9451,0.9080,0.9786,,,
10,Reg_MeanL2,MIA,-0.0659,0.8305,13,entropy,0.9988,0.9252,0.9786,,,
10,Reg_MeanL2,MIA_MinK,0.6667,0.0499,9,entropy,0.6582,0.4876,0.2877,,,
10,Reg_MeanL2,MIA_Ref,0.3167,0.4064,9,entropy,0.9785,0.9794,0.8709,,,
10,Reg_MeanL2,MIA_Hidden,-0.5333,0.1392,9,entropy,0.8354,0.4901,0.5195,,,
10,Reg_MeanL2,SPV_MIA,0.4167,0.2646,9,entropy,0.3441,0.3902,0.7422,,,
10,AnonDiff_S_alpha_2,Steering,0.1099,0.7208,13,entropy,0.9873,0.9858,0.9786,,,
10,AnonDiff_S_alpha_2,ICL,-0.6631,0.0135,13,entropy,0.0342,0.0787,0.1368,*,,
10,AnonDiff_S_alpha_2,GCG,-0.3541,0.2353,13,entropy,0.5531,0.4890,0.7043,,,
10,AnonDiff_S_alpha_2,MIA,0.1538,0.6158,13,entropy,0.9988,0.8294,0.9786,,,
10,AnonDiff_S_alpha_2,MIA_MinK,-0.2333,0.5457,9,entropy,0.9822,0.9120,0.9522,,,
10,AnonDiff_S_alpha_2,MIA_Ref,-0.3500,0.3558,9,entropy,0.9785,0.9794,0.8276,,,
10,AnonDiff_S_alpha_2,MIA_Hidden,0.2500,0.5165,9,entropy,0.9958,0.9847,0.9373,,,
10,AnonDiff_S_alpha_2,SPV_MIA,0.7500,0.0199,9,entropy,0.0560,0.0450,0.1709,,*,
10,AnonDiff_MeanCos,Steering,0.0055,0.9858,13,entropy,0.9877,0.9858,0.9974,,,
10,AnonDiff_MeanCos,ICL,0.7930,0.0012,13,entropy,0.0112,0.0269,0.0464,*,*,*
10,AnonDiff_MeanCos,GCG,0.4306,0.1418,13,entropy,0.4027,0.3344,0.5261,,,
10,AnonDiff_MeanCos,MIA,-0.1813,0.5533,13,entropy,0.9988,0.7939,0.9522,,,
10,AnonDiff_MeanCos,MIA_MinK,0.0000,1.0000,9,entropy,1.0000,1.0000,1.0000,,,
10,AnonDiff_MeanCos,MIA_Ref,0.4333,0.2440,9,entropy,0.9785,0.9794,0.7231,,,
10,AnonDiff_MeanCos,MIA_Hidden,-0.0500,0.8984,9,entropy,0.9958,0.9847,0.9907,,,
10,AnonDiff_MeanCos,SPV_MIA,-0.8000,0.0096,9,entropy,0.0379,0.0318,0.1182,*,*,
10,AnonDiff_MeanL2,Steering,-0.1154,0.7074,13,entropy,0.9873,0.9858,0.9786,,,
10,AnonDiff_MeanL2,ICL,0.3810,0.1991,13,entropy,0.2589,0.3264,0.6443,,,
10,AnonDiff_MeanL2,GCG,0.1467,0.6324,13,entropy,0.9451,0.8674,0.9786,,,
10,AnonDiff_MeanL2,MIA,-0.3571,0.2309,13,entropy,0.9988,0.7011,0.6972,,,
10,AnonDiff_MeanL2,MIA_MinK,0.4500,0.2242,9,entropy,0.9822,0.9120,0.6833,,,
10,AnonDiff_MeanL2,MIA_Ref,-0.1333,0.7324,9,entropy,0.9821,0.9885,0.9786,,,
10,AnonDiff_MeanL2,MIA_Hidden,-0.6667,0.0499,9,entropy,0.6422,0.3761,0.2877,,,
10,AnonDiff_MeanL2,SPV_MIA,-0.1833,0.6368,9,entropy,0.7064,0.7154,0.9786,,,
10,NormAnonDiff_S_alpha_2,Steering,0.0824,0.7890,13,entropy,0.9873,0.9858,0.9786,,,
10,NormAnonDiff_S_alpha_2,ICL,-0.6011,0.0298,13,entropy,0.0562,0.0937,0.2128,,,
10,NormAnonDiff_S_alpha_2,GCG,-0.2616,0.3880,13,entropy,0.7941,0.7265,0.8603,,,
10,NormAnonDiff_S_alpha_2,MIA,0.2363,0.4371,13,entropy,0.9988,0.7484,0.8935,,,
10,NormAnonDiff_S_alpha_2,MIA_MinK,-0.1833,0.6368,9,entropy,0.9822,0.9120,0.9786,,,
10,NormAnonDiff_S_alpha_2,MIA_Ref,-0.3667,0.3317,9,entropy,0.9785,0.9794,0.8176,,,
10,NormAnonDiff_S_alpha_2,MIA_Hidden,0.2667,0.4879,9,entropy,0.9958,0.9847,0.9318,,,
10,NormAnonDiff_S_alpha_2,SPV_MIA,0.6833,0.0424,9,entropy,0.0959,0.0842,0.2712,,,
10,NormAnonDiff_MeanCos,Steering,0.0055,0.9858,13,entropy,0.9877,0.9858,0.9974,,,
10,NormAnonDiff_MeanCos,ICL,0.7930,0.0012,13,entropy,0.0112,0.0269,0.0464,*,*,*
10,NormAnonDiff_MeanCos,GCG,0.4306,0.1418,13,entropy,0.4027,0.3344,0.5261,,,
10,NormAnonDiff_MeanCos,MIA,-0.1813,0.5533,13,entropy,0.9988,0.7939,0.9522,,,
10,NormAnonDiff_MeanCos,MIA_MinK,0.0000,1.0000,9,entropy,1.0000,1.0000,1.0000,,,
10,NormAnonDiff_MeanCos,MIA_Ref,0.4333,0.2440,9,entropy,0.9785,0.9794,0.7231,,,
10,NormAnonDiff_MeanCos,MIA_Hidden,-0.0500,0.8984,9,entropy,0.9958,0.9847,0.9907,,,
10,NormAnonDiff_MeanCos,SPV_MIA,-0.8000,0.0096,9,entropy,0.0379,0.0318,0.1182,*,*,
11,Centroid_Norm,Steering,0.0357,0.8994,15,auss,0.9873,0.9577,0.9907,,,
11,Centroid_Norm,ICL,0.7025,0.0035,15,auss,0.0137,0.0083,0.0628,*,**,
11,Centroid_Norm,GCG,-0.0196,0.9447,15,auss,0.9762,0.9705,0.9916,,,
11,Centroid_Norm,MIA,0.0107,0.9698,15,auss,0.9988,1.0000,0.9928,,,
11,Centroid_Norm,MIA_MinK,-0.0545,0.8734,11,auss,0.9822,0.9762,0.9897,,,
11,Centroid_Norm,MIA_Ref,0.3273,0.3259,11,auss,0.9785,0.9390,0.8163,,,
11,Centroid_Norm,MIA_Hidden,0.1091,0.7495,11,auss,0.9958,0.9939,0.9786,,,
11,Centroid_Norm,SPV_MIA,-0.7032,0.0158,11,auss,0.0470,0.0604,0.1464,*,,
11,Global_Coherence,Steering,0.0357,0.8994,15,auss,0.9873,0.9577,0.9907,,,
11,Global_Coherence,ICL,0.7025,0.0035,15,auss,0.0137,0.0083,0.0628,*,**,
11,Global_Coherence,GCG,-0.0196,0.9447,15,auss,0.9762,0.9705,0.9916,,,
11,Global_Coherence,MIA,0.0107,0.9698,15,auss,0.9988,1.0000,0.9928,,,
11,Global_Coherence,MIA_MinK,-0.0545,0.8734,11,auss,0.9822,0.9762,0.9897,,,
11,Global_Coherence,MIA_Ref,0.3273,0.3259,11,auss,0.9785,0.9390,0.8163,,,
11,Global_Coherence,MIA_Hidden,0.1091,0.7495,11,auss,0.9958,0.9939,0.9786,,,
11,Global_Coherence,SPV_MIA,-0.7032,0.0158,11,auss,0.0470,0.0604,0.1464,*,,
11,Batch_SecondMoment_TopEig,Steering,0.0643,0.8199,15,auss,0.9873,0.9577,0.9786,,,
11,Batch_SecondMoment_TopEig,ICL,0.6915,0.0043,15,auss,0.0167,0.0101,0.0735,*,*,
11,Batch_SecondMoment_TopEig,GCG,-0.0294,0.9172,15,auss,0.9762,0.9705,0.9907,,,
11,Batch_SecondMoment_TopEig,MIA,-0.0357,0.8994,15,auss,0.9988,1.0000,0.9907,,,
11,Batch_SecondMoment_TopEig,MIA_MinK,-0.0545,0.8734,11,auss,0.9822,0.9762,0.9897,,,
11,Batch_SecondMoment_TopEig,MIA_Ref,0.3273,0.3259,11,auss,0.9785,0.9390,0.8163,,,
11,Batch_SecondMoment_TopEig,MIA_Hidden,0.1091,0.7495,11,auss,0.9958,0.9939,0.9786,,,
11,Batch_SecondMoment_TopEig,SPV_MIA,-0.7032,0.0158,11,auss,0.0470,0.0604,0.1464,*,,
11,AUSS_L2,Steering,-0.0357,0.8994,15,auss,0.9873,0.9577,0.9907,,,
11,AUSS_L2,ICL,-0.7025,0.0035,15,auss,0.0137,0.0083,0.0628,*,**,
11,AUSS_L2,GCG,0.0196,0.9447,15,auss,0.9762,0.9705,0.9916,,,
11,AUSS_L2,MIA,-0.0107,0.9698,15,auss,0.9988,1.0000,0.9928,,,
11,AUSS_L2,MIA_MinK,0.0545,0.8734,11,auss,0.9822,0.9762,0.9897,,,
11,AUSS_L2,MIA_Ref,-0.3273,0.3259,11,auss,0.9785,0.9390,0.8163,,,
11,AUSS_L2,MIA_Hidden,-0.1091,0.7495,11,auss,0.9958,0.9939,0.9786,,,
11,AUSS_L2,SPV_MIA,0.7032,0.0158,11,auss,0.0470,0.0604,0.1464,*,,
11,AUSS_Cos2,Steering,-0.0536,0.8496,15,auss,0.9873,0.9577,0.9897,,,
11,AUSS_Cos2,ICL,-0.6731,0.0060,15,auss,0.0210,0.0128,0.0868,*,*,
11,AUSS_Cos2,GCG,0.0529,0.8514,15,auss,0.9606,0.9546,0.9897,,,
11,AUSS_Cos2,MIA,0.0393,0.8894,15,auss,0.9988,1.0000,0.9907,,,
11,AUSS_Cos2,MIA_MinK,0.0545,0.8734,11,auss,0.9822,0.9762,0.9897,,,
11,AUSS_Cos2,MIA_Ref,-0.3273,0.3259,11,auss,0.9785,0.9390,0.8163,,,
11,AUSS_Cos2,MIA_Hidden,-0.1091,0.7495,11,auss,0.9958,0.9939,0.9786,,,
11,AUSS_Cos2,SPV_MIA,0.7032,0.0158,11,auss,0.0470,0.0604,0.1464,*,,
11,AUSS_Jac,Steering,-0.1393,0.6205,15,auss,0.9873,0.9577,0.9786,,,
11,AUSS_Jac,ICL,-0.1582,0.5735,15,auss,0.6348,0.5845,0.9586,,,
11,AUSS_Jac,GCG,0.0431,0.8787,15,auss,0.9633,0.9626,0.9907,,,
11,AUSS_Jac,MIA,-0.0464,0.8695,15,auss,0.9988,1.0000,0.9897,,,
11,AUSS_Jac,MIA_MinK,-0.2636,0.4334,11,auss,0.9822,0.9762,0.8883,,,
11,AUSS_Jac,MIA_Ref,0.2727,0.4171,11,auss,0.9785,0.9390,0.8797,,,
11,AUSS_Jac,MIA_Hidden,0.2818,0.4011,11,auss,0.9958,0.9939,0.8709,,,
11,AUSS_Jac,SPV_MIA,-0.0457,0.8939,11,auss,0.9042,0.9147,0.9907,,,
11,Batch_Cov_Trace,Steering,-0.0357,0.8994,15,auss,0.9873,0.9577,0.9907,,,
11,Batch_Cov_Trace,ICL,-0.7025,0.0035,15,auss,0.0137,0.0083,0.0628,*,**,
11,Batch_Cov_Trace,GCG,0.0196,0.9447,15,auss,0.9762,0.9705,0.9916,,,
11,Batch_Cov_Trace,MIA,-0.0107,0.9698,15,auss,0.9988,1.0000,0.9928,,,
11,Batch_Cov_Trace,MIA_MinK,0.0545,0.8734,11,auss,0.9822,0.9762,0.9897,,,
11,Batch_Cov_Trace,MIA_Ref,-0.3273,0.3259,11,auss,0.9785,0.9390,0.8163,,,
11,Batch_Cov_Trace,MIA_Hidden,-0.1091,0.7495,11,auss,0.9958,0.9939,0.9786,,,
11,Batch_Cov_Trace,SPV_MIA,0.7032,0.0158,11,auss,0.0470,0.0604,0.1464,*,,
11,Batch_Cov_TopEig,Steering,0.0607,0.8298,15,auss,0.9873,0.9577,0.9786,,,
11,Batch_Cov_TopEig,ICL,-0.6731,0.0060,15,auss,0.0210,0.0128,0.0868,*,*,
11,Batch_Cov_TopEig,GCG,-0.1705,0.5435,15,auss,0.9451,0.9546,0.9522,,,
11,Batch_Cov_TopEig,MIA,-0.1821,0.5159,15,auss,0.9988,1.0000,0.9373,,,
11,Batch_Cov_TopEig,MIA_MinK,-0.0909,0.7904,11,auss,0.9822,0.9762,0.9786,,,
11,Batch_Cov_TopEig,MIA_Ref,-0.4455,0.1697,11,auss,0.9785,0.9390,0.5807,,,
11,Batch_Cov_TopEig,MIA_Hidden,-0.2636,0.4334,11,auss,0.9958,0.9939,0.8883,,,
11,Batch_Cov_TopEig,SPV_MIA,0.4932,0.1232,11,auss,0.1803,0.1595,0.4864,,,
11,Reg_S_alpha_2,Steering,0.2912,0.3344,13,entropy,0.9873,0.9858,0.8176,,,
11,Reg_S_alpha_2,ICL,-0.3217,0.2838,13,entropy,0.3559,0.4356,0.7717,,,
11,Reg_S_alpha_2,GCG,0.0064,0.9835,13,entropy,0.9986,0.9948,0.9974,,,
11,Reg_S_alpha_2,MIA,0.2033,0.5053,13,entropy,0.9988,0.7495,0.9373,,,
11,Reg_S_alpha_2,MIA_MinK,-0.4167,0.2646,9,entropy,0.9822,0.9120,0.7422,,,
11,Reg_S_alpha_2,MIA_Ref,-0.0667,0.8647,9,entropy,0.9821,1.0000,0.9897,,,
11,Reg_S_alpha_2,MIA_Hidden,0.6500,0.0581,9,entropy,0.6683,0.3850,0.3105,,,
11,Reg_S_alpha_2,SPV_MIA,-0.0667,0.8647,9,entropy,0.8797,0.8647,0.9897,,,
11,Reg_MeanCos,Steering,-0.1648,0.5905,13,entropy,0.9873,0.9858,0.9684,,,
11,Reg_MeanCos,ICL,0.4600,0.1138,13,entropy,0.1650,0.2225,0.4670,,,
11,Reg_MeanCos,GCG,0.0925,0.7637,13,entropy,0.9451,0.9080,0.9786,,,
11,Reg_MeanCos,MIA,-0.4451,0.1275,13,entropy,0.9988,0.7011,0.4924,,,
11,Reg_MeanCos,MIA_MinK,0.1833,0.6368,9,entropy,0.9822,0.9120,0.9786,,,
11,Reg_MeanCos,MIA_Ref,-0.1333,0.7324,9,entropy,0.9821,0.9885,0.9786,,,
11,Reg_MeanCos,MIA_Hidden,-0.4000,0.2861,9,entropy,0.9958,0.8210,0.7717,,,
11,Reg_MeanCos,SPV_MIA,-0.6833,0.0424,9,entropy,0.0959,0.0842,0.2712,,,
11,Reg_MeanL2,Steering,-0.3022,0.3156,13,entropy,0.9873,0.9858,0.8094,,,
11,Reg_MeanL2,ICL,0.2963,0.3256,13,entropy,0.4036,0.4830,0.8163,,,
11,Reg_MeanL2,GCG,-0.0829,0.7877,13,entropy,0.9451,0.9080,0.9786,,,
11,Reg_MeanL2,MIA,-0.0659,0.8305,13,entropy,0.9988,0.9252,0.9786,,,
11,Reg_MeanL2,MIA_MinK,0.6667,0.0499,9,entropy,0.6582,0.4876,0.2877,,,
11,Reg_MeanL2,MIA_Ref,0.3167,0.4064,9,entropy,0.9785,0.9794,0.8709,,,
11,Reg_MeanL2,MIA_Hidden,-0.5333,0.1392,9,entropy,0.8354,0.4901,0.5195,,,
11,Reg_MeanL2,SPV_MIA,0.4167,0.2646,9,entropy,0.3441,0.3902,0.7422,,,
11,AnonDiff_S_alpha_2,Steering,0.0824,0.7890,13,entropy,0.9873,0.9858,0.9786,,,
11,AnonDiff_S_alpha_2,ICL,-0.6434,0.0177,13,entropy,0.0407,0.0833,0.1588,*,,
11,AnonDiff_S_alpha_2,GCG,-0.3541,0.2353,13,entropy,0.5531,0.4890,0.7043,,,
11,AnonDiff_S_alpha_2,MIA,0.1648,0.5905,13,entropy,0.9988,0.8205,0.9684,,,
11,AnonDiff_S_alpha_2,MIA_MinK,-0.2833,0.4600,9,entropy,0.9822,0.9120,0.9136,,,
11,AnonDiff_S_alpha_2,MIA_Ref,-0.3333,0.3807,9,entropy,0.9785,0.9794,0.8545,,,
11,AnonDiff_S_alpha_2,MIA_Hidden,0.2000,0.6059,9,entropy,0.9958,0.9847,0.9731,,,
11,AnonDiff_S_alpha_2,SPV_MIA,0.7833,0.0125,9,entropy,0.0452,0.0371,0.1346,*,*,
11,AnonDiff_MeanCos,Steering,0.0604,0.8445,13,entropy,0.9873,0.9858,0.9892,,,
11,AnonDiff_MeanCos,ICL,0.8155,0.0007,13,entropy,0.0112,0.0269,0.0421,*,*,*
11,AnonDiff_MeanCos,GCG,0.5072,0.0769,13,entropy,0.3007,0.2615,0.3567,,,
11,AnonDiff_MeanCos,MIA,-0.2637,0.3839,13,entropy,0.9988,0.7292,0.8563,,,
11,AnonDiff_MeanCos,MIA_MinK,0.1500,0.7001,9,entropy,0.9822,0.9120,0.9786,,,
11,AnonDiff_MeanCos,MIA_Ref,0.3500,0.3558,9,entropy,0.9785,0.9794,0.8276,,,
11,AnonDiff_MeanCos,MIA_Hidden,-0.0333,0.9322,9,entropy,0.9958,0.9847,0.9907,,,
11,AnonDiff_MeanCos,SPV_MIA,-0.8667,0.0025,9,entropy,0.0164,0.0148,0.0527,*,*,
11,AnonDiff_MeanL2,Steering,-0.1154,0.7074,13,entropy,0.9873,0.9858,0.9786,,,
11,AnonDiff_MeanL2,ICL,0.3810,0.1991,13,entropy,0.2589,0.3264,0.6443,,,
11,AnonDiff_MeanL2,GCG,0.1467,0.6324,13,entropy,0.9451,0.8674,0.9786,,,
11,AnonDiff_MeanL2,MIA,-0.3571,0.2309,13,entropy,0.9988,0.7011,0.6972,,,
11,AnonDiff_MeanL2,MIA_MinK,0.4500,0.2242,9,entropy,0.9822,0.9120,0.6833,,,
11,AnonDiff_MeanL2,MIA_Ref,-0.1333,0.7324,9,entropy,0.9821,0.9885,0.9786,,,
11,AnonDiff_MeanL2,MIA_Hidden,-0.6667,0.0499,9,entropy,0.6422,0.3761,0.2877,,,
11,AnonDiff_MeanL2,SPV_MIA,-0.1833,0.6368,9,entropy,0.7064,0.7154,0.9786,,,
11,NormAnonDiff_S_alpha_2,Steering,0.1044,0.7343,13,entropy,0.9873,0.9858,0.9786,,,
11,NormAnonDiff_S_alpha_2,ICL,-0.6265,0.0220,13,entropy,0.0453,0.0865,0.1807,*,,
11,NormAnonDiff_S_alpha_2,GCG,-0.2775,0.3586,13,entropy,0.7666,0.7119,0.8337,,,
11,NormAnonDiff_S_alpha_2,MIA,0.2198,0.4706,13,entropy,0.9988,0.7484,0.9242,,,
11,NormAnonDiff_S_alpha_2,MIA_MinK,-0.2833,0.4600,9,entropy,0.9822,0.9120,0.9136,,,
11,NormAnonDiff_S_alpha_2,MIA_Ref,-0.3333,0.3807,9,entropy,0.9785,0.9794,0.8545,,,
11,NormAnonDiff_S_alpha_2,MIA_Hidden,0.2000,0.6059,9,entropy,0.9958,0.9847,0.9731,,,
11,NormAnonDiff_S_alpha_2,SPV_MIA,0.7833,0.0125,9,entropy,0.0452,0.0371,0.1346,*,*,
11,NormAnonDiff_MeanCos,Steering,0.0604,0.8445,13,entropy,0.9873,0.9858,0.9892,,,
11,NormAnonDiff_MeanCos,ICL,0.8155,0.0007,13,entropy,0.0112,0.0269,0.0421,*,*,*
11,NormAnonDiff_MeanCos,GCG,0.5072,0.0769,13,entropy,0.3007,0.2615,0.3567,,,
11,NormAnonDiff_MeanCos,MIA,-0.2637,0.3839,13,entropy,0.9988,0.7292,0.8563,,,
11,NormAnonDiff_MeanCos,MIA_MinK,0.1500,0.7001,9,entropy,0.9822,0.9120,0.9786,,,
11,NormAnonDiff_MeanCos,MIA_Ref,0.3500,0.3558,9,entropy,0.9785,0.9794,0.8276,,,
11,NormAnonDiff_MeanCos,MIA_Hidden,-0.0333,0.9322,9,entropy,0.9958,0.9847,0.9907,,,
11,NormAnonDiff_MeanCos,SPV_MIA,-0.8667,0.0025,9,entropy,0.0164,0.0148,0.0527,*,*,
12,Centroid_Norm,Steering,0.1643,0.5585,15,auss,0.9873,0.9577,0.9543,,,
12,Centroid_Norm,ICL,0.7466,0.0014,15,auss,0.0114,0.0069,0.0464,*,**,*
12,Centroid_Norm,GCG,0.0882,0.7546,15,auss,0.9451,0.9546,0.9786,,,
12,Centroid_Norm,MIA,-0.0214,0.9396,15,auss,0.9988,1.0000,0.9907,,,
12,Centroid_Norm,MIA_MinK,0.2000,0.5554,11,auss,0.9822,0.9762,0.9522,,,
12,Centroid_Norm,MIA_Ref,0.2273,0.5015,11,auss,0.9785,0.9390,0.9373,,,
12,Centroid_Norm,MIA_Hidden,-0.0636,0.8525,11,auss,0.9958,0.9939,0.9897,,,
12,Centroid_Norm,SPV_MIA,-0.6164,0.0434,11,auss,0.0959,0.0970,0.2712,,,
12,Global_Coherence,Steering,0.1643,0.5585,15,auss,0.9873,0.9577,0.9543,,,
12,Global_Coherence,ICL,0.7466,0.0014,15,auss,0.0114,0.0069,0.0464,*,**,*
12,Global_Coherence,GCG,0.0882,0.7546,15,auss,0.9451,0.9546,0.9786,,,
12,Global_Coherence,MIA,-0.0214,0.9396,15,auss,0.9988,1.0000,0.9907,,,
12,Global_Coherence,MIA_MinK,0.2000,0.5554,11,auss,0.9822,0.9762,0.9522,,,
12,Global_Coherence,MIA_Ref,0.2273,0.5015,11,auss,0.9785,0.9390,0.9373,,,
12,Global_Coherence,MIA_Hidden,-0.0636,0.8525,11,auss,0.9958,0.9939,0.9897,,,
12,Global_Coherence,SPV_MIA,-0.6164,0.0434,11,auss,0.0959,0.0970,0.2712,,,
12,Batch_SecondMoment_TopEig,Steering,0.1464,0.6025,15,auss,0.9873,0.9577,0.9731,,,
12,Batch_SecondMoment_TopEig,ICL,0.7761,0.0007,15,auss,0.0112,0.0069,0.0421,*,**,*
12,Batch_SecondMoment_TopEig,GCG,0.0647,0.8189,15,auss,0.9451,0.9546,0.9786,,,
12,Batch_SecondMoment_TopEig,MIA,-0.0893,0.7517,15,auss,0.9988,1.0000,0.9786,,,
12,Batch_SecondMoment_TopEig,MIA_MinK,0.2000,0.5554,11,auss,0.9822,0.9762,0.9522,,,
12,Batch_SecondMoment_TopEig,MIA_Ref,0.2273,0.5015,11,auss,0.9785,0.9390,0.9373,,,
12,Batch_SecondMoment_TopEig,MIA_Hidden,-0.0636,0.8525,11,auss,0.9958,0.9939,0.9897,,,
12,Batch_SecondMoment_TopEig,SPV_MIA,-0.6164,0.0434,11,auss,0.0959,0.0970,0.2712,,,
12,AUSS_L2,Steering,-0.1643,0.5585,15,auss,0.9873,0.9577,0.9543,,,
12,AUSS_L2,ICL,-0.7466,0.0014,15,auss,0.0114,0.0069,0.0464,*,**,*
12,AUSS_L2,GCG,-0.0882,0.7546,15,auss,0.9451,0.9546,0.9786,,,
12,AUSS_L2,MIA,0.0214,0.9396,15,auss,0.9988,1.0000,0.9907,,,
12,AUSS_L2,MIA_MinK,-0.2000,0.5554,11,auss,0.9822,0.9762,0.9522,,,
12,AUSS_L2,MIA_Ref,-0.2273,0.5015,11,auss,0.9785,0.9390,0.9373,,,
12,AUSS_L2,MIA_Hidden,0.0636,0.8525,11,auss,0.9958,0.9939,0.9897,,,
12,AUSS_L2,SPV_MIA,0.6164,0.0434,11,auss,0.0959,0.0970,0.2712,,,
12,AUSS_Cos2,Steering,-0.1464,0.6025,15,auss,0.9873,0.9577,0.9731,,,
12,AUSS_Cos2,ICL,-0.7761,0.0007,15,auss,0.0112,0.0069,0.0421,*,**,*
12,AUSS_Cos2,GCG,-0.0647,0.8189,15,auss,0.9451,0.9546,0.9786,,,
12,AUSS_Cos2,MIA,0.0893,0.7517,15,auss,0.9988,1.0000,0.9786,,,
12,AUSS_Cos2,MIA_MinK,-0.2000,0.5554,11,auss,0.9822,0.9762,0.9522,,,
12,AUSS_Cos2,MIA_Ref,-0.2273,0.5015,11,auss,0.9785,0.9390,0.9373,,,
12,AUSS_Cos2,MIA_Hidden,0.0636,0.8525,11,auss,0.9958,0.9939,0.9897,,,
12,AUSS_Cos2,SPV_MIA,0.6164,0.0434,11,auss,0.0959,0.0970,0.2712,,,
12,AUSS_Jac,Steering,-0.1250,0.6571,15,auss,0.9873,0.9577,0.9786,,,
12,AUSS_Jac,ICL,-0.0221,0.9378,15,auss,0.9449,0.9413,0.9907,,,
12,AUSS_Jac,GCG,0.1548,0.5817,15,auss,0.9451,0.9546,0.9662,,,
12,AUSS_Jac,MIA,-0.0107,0.9698,15,auss,0.9988,1.0000,0.9928,,,
12,AUSS_Jac,MIA_MinK,-0.2364,0.4841,11,auss,0.9822,0.9762,0.9318,,,
12,AUSS_Jac,MIA_Ref,0.3364,0.3118,11,auss,0.9785,0.9390,0.8031,,,
12,AUSS_Jac,MIA_Hidden,0.4545,0.1601,11,auss,0.9292,0.9939,0.5680,,,
12,AUSS_Jac,SPV_MIA,-0.0274,0.9363,11,auss,0.9416,0.9470,0.9907,,,
12,Batch_Cov_Trace,Steering,-0.1643,0.5585,15,auss,0.9873,0.9577,0.9543,,,
12,Batch_Cov_Trace,ICL,-0.7466,0.0014,15,auss,0.0114,0.0069,0.0464,*,**,*
12,Batch_Cov_Trace,GCG,-0.0882,0.7546,15,auss,0.9451,0.9546,0.9786,,,
12,Batch_Cov_Trace,MIA,0.0214,0.9396,15,auss,0.9988,1.0000,0.9907,,,
12,Batch_Cov_Trace,MIA_MinK,-0.2000,0.5554,11,auss,0.9822,0.9762,0.9522,,,
12,Batch_Cov_Trace,MIA_Ref,-0.2273,0.5015,11,auss,0.9785,0.9390,0.9373,,,
12,Batch_Cov_Trace,MIA_Hidden,0.0636,0.8525,11,auss,0.9958,0.9939,0.9897,,,
12,Batch_Cov_Trace,SPV_MIA,0.6164,0.0434,11,auss,0.0959,0.0970,0.2712,,,
12,Batch_Cov_TopEig,Steering,0.0179,0.9496,15,auss,0.9873,0.9642,0.9916,,,
12,Batch_Cov_TopEig,ICL,-0.6547,0.0081,15,auss,0.0262,0.0163,0.1047,*,*,
12,Batch_Cov_TopEig,GCG,-0.1940,0.4884,15,auss,0.9451,0.9546,0.9318,,,
12,Batch_Cov_TopEig,MIA,-0.1714,0.5413,15,auss,0.9988,1.0000,0.9514,,,
12,Batch_Cov_TopEig,MIA_MinK,-0.1182,0.7293,11,auss,0.9822,0.9762,0.9786,,,
12,Batch_Cov_TopEig,MIA_Ref,-0.4545,0.1601,11,auss,0.9785,0.9390,0.5680,,,
12,Batch_Cov_TopEig,MIA_Hidden,-0.1545,0.6500,11,auss,0.9958,0.9939,0.9786,,,
12,Batch_Cov_TopEig,SPV_MIA,0.4292,0.1877,11,auss,0.2561,0.2212,0.6175,,,
12,Reg_S_alpha_2,Steering,0.3352,0.2629,13,entropy,0.9873,0.9858,0.7422,,,
12,Reg_S_alpha_2,ICL,-0.3217,0.2838,13,entropy,0.3559,0.4356,0.7717,,,
12,Reg_S_alpha_2,GCG,0.0447,0.8848,13,entropy,0.9633,0.9613,0.9907,,,
12,Reg_S_alpha_2,MIA,0.1429,0.6415,13,entropy,0.9988,0.8468,0.9786,,,
12,Reg_S_alpha_2,MIA_MinK,-0.5167,0.1544,9,entropy,0.9822,0.9120,0.5545,,,
12,Reg_S_alpha_2,MIA_Ref,-0.2000,0.6059,9,entropy,0.9785,0.9885,0.9731,,,
12,Reg_S_alpha_2,MIA_Hidden,0.6667,0.0499,9,entropy,0.6422,0.3761,0.2877,,,
12,Reg_S_alpha_2,SPV_MIA,-0.1500,0.7001,9,entropy,0.7513,0.7439,0.9786,,,
12,Reg_MeanCos,Steering,-0.1319,0.6676,13,entropy,0.9873,0.9858,0.9786,,,
12,Reg_MeanCos,ICL,0.3866,0.1919,13,entropy,0.2527,0.3248,0.6265,,,
12,Reg_MeanCos,GCG,0.1308,0.6702,13,entropy,0.9451,0.8674,0.9786,,,
12,Reg_MeanCos,MIA,-0.3901,0.1876,13,entropy,0.9988,0.7011,0.6175,,,
12,Reg_MeanCos,MIA_MinK,0.3167,0.4064,9,entropy,0.9822,0.9120,0.8709,,,
12,Reg_MeanCos,MIA_Ref,-0.1833,0.6368,9,entropy,0.9821,0.9885,0.9786,,,
12,Reg_MeanCos,MIA_Hidden,-0.5667,0.1116,9,entropy,0.7756,0.4678,0.4614,,,
12,Reg_MeanCos,SPV_MIA,-0.3500,0.3558,9,entropy,0.4421,0.4970,0.8276,,,
12,Reg_MeanL2,Steering,-0.3022,0.3156,13,entropy,0.9873,0.9858,0.8094,,,
12,Reg_MeanL2,ICL,0.2963,0.3256,13,entropy,0.4036,0.4830,0.8163,,,
12,Reg_MeanL2,GCG,-0.0829,0.7877,13,entropy,0.9451,0.9080,0.9786,,,
12,Reg_MeanL2,MIA,-0.0659,0.8305,13,entropy,0.9988,0.9252,0.9786,,,
12,Reg_MeanL2,MIA_MinK,0.6667,0.0499,9,entropy,0.6582,0.4876,0.2877,,,
12,Reg_MeanL2,MIA_Ref,0.3167,0.4064,9,entropy,0.9785,0.9794,0.8709,,,
12,Reg_MeanL2,MIA_Hidden,-0.5333,0.1392,9,entropy,0.8354,0.4901,0.5195,,,
12,Reg_MeanL2,SPV_MIA,0.4167,0.2646,9,entropy,0.3441,0.3902,0.7422,,,
12,AnonDiff_S_alpha_2,Steering,0.1099,0.7208,13,entropy,0.9873,0.9858,0.9786,,,
12,AnonDiff_S_alpha_2,ICL,-0.5672,0.0432,13,entropy,0.0776,0.1189,0.2712,,,
12,AnonDiff_S_alpha_2,GCG,-0.3923,0.1848,13,entropy,0.4761,0.3967,0.6142,,,
12,AnonDiff_S_alpha_2,MIA,0.0604,0.8445,13,entropy,0.9988,0.9328,0.9892,,,
12,AnonDiff_S_alpha_2,MIA_MinK,-0.2833,0.4600,9,entropy,0.9822,0.9120,0.9136,,,
12,AnonDiff_S_alpha_2,MIA_Ref,-0.3333,0.3807,9,entropy,0.9785,0.9794,0.8545,,,
12,AnonDiff_S_alpha_2,MIA_Hidden,0.2000,0.6059,9,entropy,0.9958,0.9847,0.9731,,,
12,AnonDiff_S_alpha_2,SPV_MIA,0.7833,0.0125,9,entropy,0.0452,0.0371,0.1346,*,*,
12,AnonDiff_MeanCos,Steering,0.0934,0.7615,13,entropy,0.9873,0.9858,0.9786,,,
12,AnonDiff_MeanCos,ICL,0.7958,0.0011,13,entropy,0.0112,0.0269,0.0464,*,*,*
12,AnonDiff_MeanCos,GCG,0.5072,0.0769,13,entropy,0.3007,0.2615,0.3567,,,
12,AnonDiff_MeanCos,MIA,-0.2857,0.3440,13,entropy,0.9988,0.7292,0.8237,,,
12,AnonDiff_MeanCos,MIA_MinK,0.1167,0.7650,9,entropy,0.9822,0.9120,0.9786,,,
12,AnonDiff_MeanCos,MIA_Ref,0.2667,0.4879,9,entropy,0.9785,0.9885,0.9318,,,
12,AnonDiff_MeanCos,MIA_Hidden,0.0833,0.8312,9,entropy,0.9958,0.9847,0.9786,,,
12,AnonDiff_MeanCos,SPV_MIA,-0.8833,0.0016,9,entropy,0.0137,0.0120,0.0464,*,*,*
12,AnonDiff_MeanL2,Steering,-0.0714,0.8166,13,entropy,0.9873,0.9858,0.9786,,,
12,AnonDiff_MeanL2,ICL,0.2878,0.3403,13,entropy,0.4130,0.4830,0.8195,,,
12,AnonDiff_MeanL2,GCG,0.1308,0.6702,13,entropy,0.9451,0.8674,0.9786,,,
12,AnonDiff_MeanL2,MIA,-0.4011,0.1744,13,entropy,0.9988,0.7011,0.5882,,,
12,AnonDiff_MeanL2,MIA_MinK,0.3333,0.3807,9,entropy,0.9822,0.9120,0.8545,,,
12,AnonDiff_MeanL2,MIA_Ref,-0.2500,0.5165,9,entropy,0.9785,0.9885,0.9373,,,
12,AnonDiff_MeanL2,MIA_Hidden,-0.6333,0.0671,9,entropy,0.6683,0.3850,0.3406,,,
12,AnonDiff_MeanL2,SPV_MIA,-0.2167,0.5755,9,entropy,0.6620,0.6938,0.9586,,,
12,NormAnonDiff_S_alpha_2,Steering,0.0275,0.9290,13,entropy,0.9873,0.9858,0.9907,,,
12,NormAnonDiff_S_alpha_2,ICL,-0.6039,0.0288,13,entropy,0.0554,0.0937,0.2113,,,
12,NormAnonDiff_S_alpha_2,GCG,-0.3923,0.1848,13,entropy,0.4761,0.3967,0.6142,,,
12,NormAnonDiff_S_alpha_2,MIA,0.2692,0.3737,13,entropy,0.9988,0.7292,0.8542,,,
12,NormAnonDiff_S_alpha_2,MIA_MinK,-0.2167,0.5755,9,entropy,0.9822,0.9120,0.9586,,,
12,NormAnonDiff_S_alpha_2,MIA_Ref,-0.1667,0.6682,9,entropy,0.9821,0.9885,0.9786,,,
12,NormAnonDiff_S_alpha_2,MIA_Hidden,0.3667,0.3317,9,entropy,0.9958,0.8818,0.8176,,,
12,NormAnonDiff_S_alpha_2,SPV_MIA,0.7500,0.0199,9,entropy,0.0560,0.0450,0.1709,,*,
12,NormAnonDiff_MeanCos,Steering,0.0934,0.7615,13,entropy,0.9873,0.9858,0.9786,,,
12,NormAnonDiff_MeanCos,ICL,0.7958,0.0011,13,entropy,0.0112,0.0269,0.0464,*,*,*
12,NormAnonDiff_MeanCos,GCG,0.5072,0.0769,13,entropy,0.3007,0.2615,0.3567,,,
12,NormAnonDiff_MeanCos,MIA,-0.2857,0.3440,13,entropy,0.9988,0.7292,0.8237,,,
12,NormAnonDiff_MeanCos,MIA_MinK,0.1167,0.7650,9,entropy,0.9822,0.9120,0.9786,,,
12,NormAnonDiff_MeanCos,MIA_Ref,0.2667,0.4879,9,entropy,0.9785,0.9885,0.9318,,,
12,NormAnonDiff_MeanCos,MIA_Hidden,0.0833,0.8312,9,entropy,0.9958,0.9847,0.9786,,,
12,NormAnonDiff_MeanCos,SPV_MIA,-0.8833,0.0016,9,entropy,0.0137,0.0120,0.0464,*,*,*
13,Centroid_Norm,Steering,0.1786,0.5243,15,auss,0.9873,0.9577,0.9416,,,
13,Centroid_Norm,ICL,0.7614,0.0010,15,auss,0.0112,0.0069,0.0464,*,**,*
13,Centroid_Norm,GCG,0.1117,0.6919,15,auss,0.9451,0.9546,0.9786,,,
13,Centroid_Norm,MIA,-0.0143,0.9597,15,auss,0.9988,1.0000,0.9916,,,
13,Centroid_Norm,MIA_MinK,0.2000,0.5554,11,auss,0.9822,0.9762,0.9522,,,
13,Centroid_Norm,MIA_Ref,0.2273,0.5015,11,auss,0.9785,0.9390,0.9373,,,
13,Centroid_Norm,MIA_Hidden,-0.0636,0.8525,11,auss,0.9958,0.9939,0.9897,,,
13,Centroid_Norm,SPV_MIA,-0.6164,0.0434,11,auss,0.0959,0.0970,0.2712,,,
13,Global_Coherence,Steering,0.1786,0.5243,15,auss,0.9873,0.9577,0.9416,,,
13,Global_Coherence,ICL,0.7614,0.0010,15,auss,0.0112,0.0069,0.0464,*,**,*
13,Global_Coherence,GCG,0.1117,0.6919,15,auss,0.9451,0.9546,0.9786,,,
13,Global_Coherence,MIA,-0.0143,0.9597,15,auss,0.9988,1.0000,0.9916,,,
13,Global_Coherence,MIA_MinK,0.2000,0.5554,11,auss,0.9822,0.9762,0.9522,,,
13,Global_Coherence,MIA_Ref,0.2273,0.5015,11,auss,0.9785,0.9390,0.9373,,,
13,Global_Coherence,MIA_Hidden,-0.0636,0.8525,11,auss,0.9958,0.9939,0.9897,,,
13,Global_Coherence,SPV_MIA,-0.6164,0.0434,11,auss,0.0959,0.0970,0.2712,,,
13,Batch_SecondMoment_TopEig,Steering,0.1714,0.5413,15,auss,0.9873,0.9577,0.9514,,,
13,Batch_SecondMoment_TopEig,ICL,0.7834,0.0006,15,auss,0.0112,0.0069,0.0381,*,**,*
13,Batch_SecondMoment_TopEig,GCG,0.0882,0.7546,15,auss,0.9451,0.9546,0.9786,,,
13,Batch_SecondMoment_TopEig,MIA,-0.1000,0.7229,15,auss,0.9988,1.0000,0.9786,,,
13,Batch_SecondMoment_TopEig,MIA_MinK,0.2000,0.5554,11,auss,0.9822,0.9762,0.9522,,,
13,Batch_SecondMoment_TopEig,MIA_Ref,0.2273,0.5015,11,auss,0.9785,0.9390,0.9373,,,
13,Batch_SecondMoment_TopEig,MIA_Hidden,-0.0636,0.8525,11,auss,0.9958,0.9939,0.9897,,,
13,Batch_SecondMoment_TopEig,SPV_MIA,-0.6164,0.0434,11,auss,0.0959,0.0970,0.2712,,,
13,AUSS_L2,Steering,-0.1786,0.5243,15,auss,0.9873,0.9577,0.9416,,,
13,AUSS_L2,ICL,-0.7614,0.0010,15,auss,0.0112,0.0069,0.0464,*,**,*
13,AUSS_L2,GCG,-0.1117,0.6919,15,auss,0.9451,0.9546,0.9786,,,
13,AUSS_L2,MIA,0.0143,0.9597,15,auss,0.9988,1.0000,0.9916,,,
13,AUSS_L2,MIA_MinK,-0.2000,0.5554,11,auss,0.9822,0.9762,0.9522,,,
13,AUSS_L2,MIA_Ref,-0.2273,0.5015,11,auss,0.9785,0.9390,0.9373,,,
13,AUSS_L2,MIA_Hidden,0.0636,0.8525,11,auss,0.9958,0.9939,0.9897,,,
13,AUSS_L2,SPV_MIA,0.6164,0.0434,11,auss,0.0959,0.0970,0.2712,,,
13,AUSS_Cos2,Steering,-0.1714,0.5413,15,auss,0.9873,0.9577,0.9514,,,
13,AUSS_Cos2,ICL,-0.7834,0.0006,15,auss,0.0112,0.0069,0.0381,*,**,*
13,AUSS_Cos2,GCG,-0.0882,0.7546,15,auss,0.9451,0.9546,0.9786,,,
13,AUSS_Cos2,MIA,0.1000,0.7229,15,auss,0.9988,1.0000,0.9786,,,
13,AUSS_Cos2,MIA_MinK,-0.2000,0.5554,11,auss,0.9822,0.9762,0.9522,,,
13,AUSS_Cos2,MIA_Ref,-0.2273,0.5015,11,auss,0.9785,0.9390,0.9373,,,
13,AUSS_Cos2,MIA_Hidden,0.0636,0.8525,11,auss,0.9958,0.9939,0.9897,,,
13,AUSS_Cos2,SPV_MIA,0.6164,0.0434,11,auss,0.0959,0.0970,0.2712,,,
13,AUSS_Jac,Steering,-0.2179,0.4354,15,auss,0.9873,0.9577,0.8919,,,
13,AUSS_Jac,ICL,-0.0552,0.8452,15,auss,0.8615,0.8516,0.9897,,,
13,AUSS_Jac,GCG,0.1764,0.5295,15,auss,0.9451,0.9546,0.9473,,,
13,AUSS_Jac,MIA,-0.0179,0.9496,15,auss,0.9988,1.0000,0.9916,,,
13,AUSS_Jac,MIA_MinK,-0.3000,0.3701,11,auss,0.9822,0.9762,0.8482,,,
13,AUSS_Jac,MIA_Ref,0.2909,0.3855,11,auss,0.9785,0.9390,0.8583,,,
13,AUSS_Jac,MIA_Hidden,0.1909,0.5739,11,auss,0.9958,0.9939,0.9586,,,
13,AUSS_Jac,SPV_MIA,-0.2831,0.3989,11,auss,0.4933,0.4425,0.8709,,,
13,Batch_Cov_Trace,Steering,-0.1786,0.5243,15,auss,0.9873,0.9577,0.9416,,,
13,Batch_Cov_Trace,ICL,-0.7614,0.0010,15,auss,0.0112,0.0069,0.0464,*,**,*
13,Batch_Cov_Trace,GCG,-0.1117,0.6919,15,auss,0.9451,0.9546,0.9786,,,
13,Batch_Cov_Trace,MIA,0.0143,0.9597,15,auss,0.9988,1.0000,0.9916,,,
13,Batch_Cov_Trace,MIA_MinK,-0.2000,0.5554,11,auss,0.9822,0.9762,0.9522,,,
13,Batch_Cov_Trace,MIA_Ref,-0.2273,0.5015,11,auss,0.9785,0.9390,0.9373,,,
13,Batch_Cov_Trace,MIA_Hidden,0.0636,0.8525,11,auss,0.9958,0.9939,0.9897,,,
13,Batch_Cov_Trace,SPV_MIA,0.6164,0.0434,11,auss,0.0959,0.0970,0.2712,,,
13,Batch_Cov_TopEig,Steering,-0.0214,0.9396,15,auss,0.9873,0.9577,0.9907,,,
13,Batch_Cov_TopEig,ICL,-0.6878,0.0046,15,auss,0.0172,0.0104,0.0770,*,*,
13,Batch_Cov_TopEig,GCG,-0.1783,0.5249,15,auss,0.9451,0.9546,0.9418,,,
13,Batch_Cov_TopEig,MIA,-0.1714,0.5413,15,auss,0.9988,1.0000,0.9514,,,
13,Batch_Cov_TopEig,MIA_MinK,-0.1455,0.6696,11,auss,0.9822,0.9762,0.9786,,,
13,Batch_Cov_TopEig,MIA_Ref,-0.5091,0.1097,11,auss,0.9785,0.9390,0.4585,,,
13,Batch_Cov_TopEig,MIA_Hidden,-0.1273,0.7092,11,auss,0.9958,0.9939,0.9786,,,
13,Batch_Cov_TopEig,SPV_MIA,0.4064,0.2149,11,auss,0.2899,0.2510,0.6724,,,
13,Reg_S_alpha_2,Steering,0.3516,0.2387,13,entropy,0.9873,0.9858,0.7110,,,
13,Reg_S_alpha_2,ICL,-0.2850,0.3452,13,entropy,0.4171,0.4841,0.8258,,,
13,Reg_S_alpha_2,GCG,0.0989,0.7479,13,entropy,0.9451,0.9057,0.9786,,,
13,Reg_S_alpha_2,MIA,0.1484,0.6286,13,entropy,0.9988,0.8424,0.9786,,,
13,Reg_S_alpha_2,MIA_MinK,-0.4167,0.2646,9,entropy,0.9822,0.9120,0.7422,,,
13,Reg_S_alpha_2,MIA_Ref,-0.1500,0.7001,9,entropy,0.9821,0.9885,0.9786,,,
13,Reg_S_alpha_2,MIA_Hidden,0.5833,0.0992,9,entropy,0.7174,0.4364,0.4279,,,
13,Reg_S_alpha_2,SPV_MIA,-0.2167,0.5755,9,entropy,0.6620,0.6938,0.9586,,,
13,Reg_MeanCos,Steering,-0.0934,0.7615,13,entropy,0.9873,0.9858,0.9786,,,
13,Reg_MeanCos,ICL,0.3443,0.2494,13,entropy,0.3173,0.3896,0.7334,,,
13,Reg_MeanCos,GCG,0.1308,0.6702,13,entropy,0.9451,0.8674,0.9786,,,
13,Reg_MeanCos,MIA,-0.4121,0.1618,13,entropy,0.9988,0.7011,0.5727,,,
13,Reg_MeanCos,MIA_MinK,0.3333,0.3807,9,entropy,0.9822,0.9120,0.8545,,,
13,Reg_MeanCos,MIA_Ref,-0.2500,0.5165,9,entropy,0.9785,0.9885,0.9373,,,
13,Reg_MeanCos,MIA_Hidden,-0.6333,0.0671,9,entropy,0.6683,0.3850,0.3406,,,
13,Reg_MeanCos,SPV_MIA,-0.2167,0.5755,9,entropy,0.6620,0.6938,0.9586,,,
13,Reg_MeanL2,Steering,-0.2363,0.4371,13,entropy,0.9873,0.9858,0.8935,,,
13,Reg_MeanL2,ICL,0.2822,0.3502,13,entropy,0.4203,0.4841,0.8276,,,
13,Reg_MeanL2,GCG,-0.0447,0.8848,13,entropy,0.9633,0.9613,0.9907,,,
13,Reg_MeanL2,MIA,-0.0934,0.7615,13,entropy,0.9988,0.9219,0.9786,,,
13,Reg_MeanL2,MIA_MinK,0.6667,0.0499,9,entropy,0.6582,0.4876,0.2877,,,
13,Reg_MeanL2,MIA_Ref,0.3167,0.4064,9,entropy,0.9785,0.9794,0.8709,,,
13,Reg_MeanL2,MIA_Hidden,-0.5333,0.1392,9,entropy,0.8354,0.4901,0.5195,,,
13,Reg_MeanL2,SPV_MIA,0.4167,0.2646,9,entropy,0.3441,0.3902,0.7422,,,
13,AnonDiff_S_alpha_2,Steering,0.1484,0.6286,13,entropy,0.9873,0.9858,0.9786,,,
13,AnonDiff_S_alpha_2,ICL,-0.5898,0.0339,13,entropy,0.0632,0.1028,0.2357,,,
13,AnonDiff_S_alpha_2,GCG,-0.4083,0.1660,13,entropy,0.4383,0.3681,0.5807,,,
13,AnonDiff_S_alpha_2,MIA,0.0714,0.8166,13,entropy,0.9988,0.9252,0.9786,,,
13,AnonDiff_S_alpha_2,MIA_MinK,-0.4167,0.2646,9,entropy,0.9822,0.9120,0.7422,,,
13,AnonDiff_S_alpha_2,MIA_Ref,-0.2667,0.4879,9,entropy,0.9785,0.9885,0.9318,,,
13,AnonDiff_S_alpha_2,MIA_Hidden,0.3500,0.3558,9,entropy,0.9958,0.9032,0.8276,,,
13,AnonDiff_S_alpha_2,SPV_MIA,0.8000,0.0096,9,entropy,0.0379,0.0318,0.1182,*,*,
13,AnonDiff_MeanCos,Steering,0.1264,0.6808,13,entropy,0.9873,0.9858,0.9786,,,
13,AnonDiff_MeanCos,ICL,0.7760,0.0018,13,entropy,0.0114,0.0300,0.0471,*,*,*
13,AnonDiff_MeanCos,GCG,0.5072,0.0769,13,entropy,0.3007,0.2615,0.3567,,,
13,AnonDiff_MeanCos,MIA,-0.3736,0.2086,13,entropy,0.9988,0.7011,0.6649,,,
13,AnonDiff_MeanCos,MIA_MinK,0.1667,0.6682,9,entropy,0.9822,0.9120,0.9786,,,
13,AnonDiff_MeanCos,MIA_Ref,0.1167,0.7650,9,entropy,0.9821,0.9885,0.9786,,,
13,AnonDiff_MeanCos,MIA_Hidden,-0.0167,0.9661,9,entropy,0.9958,0.9847,0.9916,,,
13,AnonDiff_MeanCos,SPV_MIA,-0.9167,0.0005,9,entropy,0.0064,0.0061,0.0369,**,**,*
13,AnonDiff_MeanL2,Steering,-0.0714,0.8166,13,entropy,0.9873,0.9858,0.9786,,,
13,AnonDiff_MeanL2,ICL,0.2878,0.3403,13,entropy,0.4130,0.4830,0.8195,,,
13,AnonDiff_MeanL2,GCG,0.1308,0.6702,13,entropy,0.9451,0.8674,0.9786,,,
13,AnonDiff_MeanL2,MIA,-0.4011,0.1744,13,entropy,0.9988,0.7011,0.5882,,,
13,AnonDiff_MeanL2,MIA_MinK,0.3333,0.3807,9,entropy,0.9822,0.9120,0.8545,,,
13,AnonDiff_MeanL2,MIA_Ref,-0.2500,0.5165,9,entropy,0.9785,0.9885,0.9373,,,
13,AnonDiff_MeanL2,MIA_Hidden,-0.6333,0.0671,9,entropy,0.6683,0.3850,0.3406,,,
13,AnonDiff_MeanL2,SPV_MIA,-0.2167,0.5755,9,entropy,0.6620,0.6938,0.9586,,,
13,NormAnonDiff_S_alpha_2,Steering,-0.0769,0.8028,13,entropy,0.9873,0.9858,0.9786,,,
13,NormAnonDiff_S_alpha_2,ICL,-0.6773,0.0110,13,entropy,0.0327,0.0787,0.1325,*,,
13,NormAnonDiff_S_alpha_2,GCG,-0.4849,0.0931,13,entropy,0.3140,0.2615,0.4082,,,
13,NormAnonDiff_S_alpha_2,MIA,0.3297,0.2713,13,entropy,0.9988,0.7011,0.7465,,,
13,NormAnonDiff_S_alpha_2,MIA_MinK,-0.2167,0.5755,9,entropy,0.9822,0.9120,0.9586,,,
13,NormAnonDiff_S_alpha_2,MIA_Ref,-0.0333,0.9322,9,entropy,0.9920,1.0000,0.9907,,,
13,NormAnonDiff_S_alpha_2,MIA_Hidden,0.2833,0.4600,9,entropy,0.9958,0.9847,0.9136,,,
13,NormAnonDiff_S_alpha_2,SPV_MIA,0.7500,0.0199,9,entropy,0.0560,0.0450,0.1709,,*,
13,NormAnonDiff_MeanCos,Steering,0.1264,0.6808,13,entropy,0.9873,0.9858,0.9786,,,
13,NormAnonDiff_MeanCos,ICL,0.7760,0.0018,13,entropy,0.0114,0.0300,0.0471,*,*,*
13,NormAnonDiff_MeanCos,GCG,0.5072,0.0769,13,entropy,0.3007,0.2615,0.3567,,,
13,NormAnonDiff_MeanCos,MIA,-0.3736,0.2086,13,entropy,0.9988,0.7011,0.6649,,,
13,NormAnonDiff_MeanCos,MIA_MinK,0.1667,0.6682,9,entropy,0.9822,0.9120,0.9786,,,
13,NormAnonDiff_MeanCos,MIA_Ref,0.1167,0.7650,9,entropy,0.9821,0.9885,0.9786,,,
13,NormAnonDiff_MeanCos,MIA_Hidden,-0.0167,0.9661,9,entropy,0.9958,0.9847,0.9916,,,
13,NormAnonDiff_MeanCos,SPV_MIA,-0.9167,0.0005,9,entropy,0.0064,0.0061,0.0369,**,**,*
14,Centroid_Norm,Steering,0.2929,0.2895,15,auss,0.9873,0.9577,0.7778,,,
14,Centroid_Norm,ICL,0.6878,0.0046,15,auss,0.0172,0.0104,0.0770,*,*,
14,Centroid_Norm,GCG,0.1019,0.7178,15,auss,0.9451,0.9546,0.9786,,,
14,Centroid_Norm,MIA,-0.1143,0.6851,15,auss,0.9988,1.0000,0.9786,,,
14,Centroid_Norm,MIA_MinK,0.0455,0.8944,11,auss,0.9822,0.9762,0.9907,,,
14,Centroid_Norm,MIA_Ref,0.0455,0.8944,11,auss,0.9821,0.9445,0.9907,,,
14,Centroid_Norm,MIA_Hidden,0.1091,0.7495,11,auss,0.9958,0.9939,0.9786,,,
14,Centroid_Norm,SPV_MIA,-0.5845,0.0590,11,auss,0.1041,0.1018,0.3133,,,
14,Global_Coherence,Steering,0.2929,0.2895,15,auss,0.9873,0.9577,0.7778,,,
14,Global_Coherence,ICL,0.6878,0.0046,15,auss,0.0172,0.0104,0.0770,*,*,
14,Global_Coherence,GCG,0.1019,0.7178,15,auss,0.9451,0.9546,0.9786,,,
14,Global_Coherence,MIA,-0.1143,0.6851,15,auss,0.9988,1.0000,0.9786,,,
14,Global_Coherence,MIA_MinK,0.0455,0.8944,11,auss,0.9822,0.9762,0.9907,,,
14,Global_Coherence,MIA_Ref,0.0455,0.8944,11,auss,0.9821,0.9445,0.9907,,,
14,Global_Coherence,MIA_Hidden,0.1091,0.7495,11,auss,0.9958,0.9939,0.9786,,,
14,Global_Coherence,SPV_MIA,-0.5845,0.0590,11,auss,0.1041,0.1018,0.3133,,,
14,Batch_SecondMoment_TopEig,Steering,0.2821,0.3083,15,auss,0.9873,0.9577,0.8031,,,
14,Batch_SecondMoment_TopEig,ICL,0.7283,0.0021,15,auss,0.0114,0.0069,0.0491,*,**,*
14,Batch_SecondMoment_TopEig,GCG,0.1117,0.6919,15,auss,0.9451,0.9546,0.9786,,,
14,Batch_SecondMoment_TopEig,MIA,-0.1643,0.5585,15,auss,0.9988,1.0000,0.9543,,,
14,Batch_SecondMoment_TopEig,MIA_MinK,0.1364,0.6893,11,auss,0.9822,0.9762,0.9786,,,
14,Batch_SecondMoment_TopEig,MIA_Ref,0.0545,0.8734,11,auss,0.9821,0.9434,0.9897,,,
14,Batch_SecondMoment_TopEig,MIA_Hidden,0.0364,0.9155,11,auss,0.9958,0.9939,0.9907,,,
14,Batch_SecondMoment_TopEig,SPV_MIA,-0.5982,0.0519,11,auss,0.0980,0.0970,0.2892,,,
14,AUSS_L2,Steering,-0.2929,0.2895,15,auss,0.9873,0.9577,0.7778,,,
14,AUSS_L2,ICL,-0.6878,0.0046,15,auss,0.0172,0.0104,0.0770,*,*,
14,AUSS_L2,GCG,-0.1019,0.7178,15,auss,0.9451,0.9546,0.9786,,,
14,AUSS_L2,MIA,0.1143,0.6851,15,auss,0.9988,1.0000,0.9786,,,
14,AUSS_L2,MIA_MinK,-0.0455,0.8944,11,auss,0.9822,0.9762,0.9907,,,
14,AUSS_L2,MIA_Ref,-0.0455,0.8944,11,auss,0.9821,0.9445,0.9907,,,
14,AUSS_L2,MIA_Hidden,-0.1091,0.7495,11,auss,0.9958,0.9939,0.9786,,,
14,AUSS_L2,SPV_MIA,0.5845,0.0590,11,auss,0.1041,0.1018,0.3133,,,
14,AUSS_Cos2,Steering,-0.2821,0.3083,15,auss,0.9873,0.9577,0.8031,,,
14,AUSS_Cos2,ICL,-0.7283,0.0021,15,auss,0.0114,0.0069,0.0491,*,**,*
14,AUSS_Cos2,GCG,-0.1117,0.6919,15,auss,0.9451,0.9546,0.9786,,,
14,AUSS_Cos2,MIA,0.1643,0.5585,15,auss,0.9988,1.0000,0.9543,,,
14,AUSS_Cos2,MIA_MinK,-0.1364,0.6893,11,auss,0.9822,0.9762,0.9786,,,
14,AUSS_Cos2,MIA_Ref,-0.0545,0.8734,11,auss,0.9821,0.9434,0.9897,,,
14,AUSS_Cos2,MIA_Hidden,-0.0364,0.9155,11,auss,0.9958,0.9939,0.9907,,,
14,AUSS_Cos2,SPV_MIA,0.5982,0.0519,11,auss,0.0980,0.0970,0.2892,,,
14,AUSS_Jac,Steering,-0.1714,0.5413,15,auss,0.9873,0.9577,0.9514,,,
14,AUSS_Jac,ICL,-0.1287,0.6475,15,auss,0.6991,0.6575,0.9786,,,
14,AUSS_Jac,GCG,0.1548,0.5817,15,auss,0.9451,0.9546,0.9662,,,
14,AUSS_Jac,MIA,-0.0179,0.9496,15,auss,0.9988,1.0000,0.9916,,,
14,AUSS_Jac,MIA_MinK,-0.3364,0.3118,11,auss,0.9822,0.9762,0.8031,,,
14,AUSS_Jac,MIA_Ref,0.2091,0.5372,11,auss,0.9785,0.9434,0.9499,,,
14,AUSS_Jac,MIA_Hidden,0.0636,0.8525,11,auss,0.9958,0.9939,0.9897,,,
14,AUSS_Jac,SPV_MIA,-0.0731,0.8310,11,auss,0.8489,0.8637,0.9786,,,
14,Batch_Cov_Trace,Steering,-0.2929,0.2895,15,auss,0.9873,0.9577,0.7778,,,
14,Batch_Cov_Trace,ICL,-0.6878,0.0046,15,auss,0.0172,0.0104,0.0770,*,*,
14,Batch_Cov_Trace,GCG,-0.1019,0.7178,15,auss,0.9451,0.9546,0.9786,,,
14,Batch_Cov_Trace,MIA,0.1143,0.6851,15,auss,0.9988,1.0000,0.9786,,,
14,Batch_Cov_Trace,MIA_MinK,-0.0455,0.8944,11,auss,0.9822,0.9762,0.9907,,,
14,Batch_Cov_Trace,MIA_Ref,-0.0455,0.8944,11,auss,0.9821,0.9445,0.9907,,,
14,Batch_Cov_Trace,MIA_Hidden,-0.1091,0.7495,11,auss,0.9958,0.9939,0.9786,,,
14,Batch_Cov_Trace,SPV_MIA,0.5845,0.0590,11,auss,0.1041,0.1018,0.3133,,,
14,Batch_Cov_TopEig,Steering,-0.1000,0.7229,15,auss,0.9873,0.9577,0.9786,,,
14,Batch_Cov_TopEig,ICL,-0.6547,0.0081,15,auss,0.0262,0.0163,0.1047,*,*,
14,Batch_Cov_TopEig,GCG,-0.2469,0.3750,15,auss,0.7912,0.8461,0.8545,,,
14,Batch_Cov_TopEig,MIA,-0.0643,0.8199,15,auss,0.9988,1.0000,0.9786,,,
14,Batch_Cov_TopEig,MIA_MinK,-0.1364,0.6893,11,auss,0.9822,0.9762,0.9786,,,
14,Batch_Cov_TopEig,MIA_Ref,-0.3455,0.2981,11,auss,0.9785,0.9390,0.7835,,,
14,Batch_Cov_TopEig,MIA_Hidden,-0.1909,0.5739,11,auss,0.9958,0.9939,0.9586,,,
14,Batch_Cov_TopEig,SPV_MIA,0.4703,0.1443,11,auss,0.2071,0.1810,0.5305,,,
14,Reg_S_alpha_2,Steering,0.3077,0.3064,13,entropy,0.9873,0.9858,0.8031,,,
14,Reg_S_alpha_2,ICL,-0.2850,0.3452,13,entropy,0.4171,0.4841,0.8258,,,
14,Reg_S_alpha_2,GCG,0.0606,0.8441,13,entropy,0.9605,0.9402,0.9892,,,
14,Reg_S_alpha_2,MIA,0.2088,0.4936,13,entropy,0.9988,0.7495,0.9350,,,
14,Reg_S_alpha_2,MIA_MinK,-0.3167,0.4064,9,entropy,0.9822,0.9120,0.8709,,,
14,Reg_S_alpha_2,MIA_Ref,-0.0167,0.9661,9,entropy,1.0000,1.0000,0.9916,,,
14,Reg_S_alpha_2,MIA_Hidden,0.5667,0.1116,9,entropy,0.7756,0.4678,0.4614,,,
14,Reg_S_alpha_2,SPV_MIA,-0.1333,0.7324,9,entropy,0.7657,0.7642,0.9786,,,
14,Reg_MeanCos,Steering,-0.0714,0.8166,13,entropy,0.9873,0.9858,0.9786,,,
14,Reg_MeanCos,ICL,0.3753,0.2063,13,entropy,0.2657,0.3302,0.6603,,,
14,Reg_MeanCos,GCG,0.2616,0.3880,13,entropy,0.7941,0.7265,0.8603,,,
14,Reg_MeanCos,MIA,-0.3736,0.2086,13,entropy,0.9988,0.7011,0.6649,,,
14,Reg_MeanCos,MIA_MinK,0.3333,0.3807,9,entropy,0.9822,0.9120,0.8545,,,
14,Reg_MeanCos,MIA_Ref,-0.2500,0.5165,9,entropy,0.9785,0.9885,0.9373,,,
14,Reg_MeanCos,MIA_Hidden,-0.6333,0.0671,9,entropy,0.6683,0.3850,0.3406,,,
14,Reg_MeanCos,SPV_MIA,-0.2167,0.5755,9,entropy,0.6620,0.6938,0.9586,,,
14,Reg_MeanL2,Steering,-0.2418,0.4262,13,entropy,0.9873,0.9858,0.8883,,,
14,Reg_MeanL2,ICL,0.2822,0.3502,13,entropy,0.4203,0.4841,0.8276,,,
14,Reg_MeanL2,GCG,-0.0447,0.8848,13,entropy,0.9633,0.9613,0.9907,,,
14,Reg_MeanL2,MIA,-0.0824,0.7890,13,entropy,0.9988,0.9252,0.9786,,,
14,Reg_MeanL2,MIA_MinK,0.7500,0.0199,9,entropy,0.6582,0.4876,0.1709,,,
14,Reg_MeanL2,MIA_Ref,0.3833,0.3085,9,entropy,0.9785,0.9794,0.8031,,,
14,Reg_MeanL2,MIA_Hidden,-0.6000,0.0876,9,entropy,0.6972,0.4131,0.3993,,,
14,Reg_MeanL2,SPV_MIA,0.4000,0.2861,9,entropy,0.3676,0.4105,0.7717,,,
14,AnonDiff_S_alpha_2,Steering,-0.0055,0.9858,13,entropy,0.9877,0.9858,0.9974,,,
14,AnonDiff_S_alpha_2,ICL,-0.6067,0.0279,13,entropy,0.0540,0.0933,0.2072,,,
14,AnonDiff_S_alpha_2,GCG,-0.4849,0.0931,13,entropy,0.3140,0.2615,0.4082,,,
14,AnonDiff_S_alpha_2,MIA,0.1703,0.5780,13,entropy,0.9988,0.8073,0.9612,,,
14,AnonDiff_S_alpha_2,MIA_MinK,-0.3000,0.4328,9,entropy,0.9822,0.9120,0.8883,,,
14,AnonDiff_S_alpha_2,MIA_Ref,-0.1000,0.7980,9,entropy,0.9821,0.9885,0.9786,,,
14,AnonDiff_S_alpha_2,MIA_Hidden,0.1833,0.6368,9,entropy,0.9958,0.9847,0.9786,,,
14,AnonDiff_S_alpha_2,SPV_MIA,0.8333,0.0053,9,entropy,0.0282,0.0236,0.0809,*,*,
14,AnonDiff_MeanCos,Steering,0.1868,0.5411,13,entropy,0.9873,0.9858,0.9514,,,
14,AnonDiff_MeanCos,ICL,0.7563,0.0028,13,entropy,0.0121,0.0305,0.0538,*,*,
14,AnonDiff_MeanCos,GCG,0.5072,0.0769,13,entropy,0.3007,0.2615,0.3567,,,
14,AnonDiff_MeanCos,MIA,-0.3846,0.1944,13,entropy,0.9988,0.7011,0.6317,,,
14,AnonDiff_MeanCos,MIA_MinK,0.1000,0.7980,9,entropy,0.9822,0.9120,0.9786,,,
14,AnonDiff_MeanCos,MIA_Ref,0.1000,0.7980,9,entropy,0.9821,0.9885,0.9786,,,
14,AnonDiff_MeanCos,MIA_Hidden,0.0833,0.8312,9,entropy,0.9958,0.9847,0.9786,,,
14,AnonDiff_MeanCos,SPV_MIA,-0.8333,0.0053,9,entropy,0.0282,0.0236,0.0809,*,*,
14,AnonDiff_MeanL2,Steering,-0.0714,0.8166,13,entropy,0.9873,0.9858,0.9786,,,
14,AnonDiff_MeanL2,ICL,0.2878,0.3403,13,entropy,0.4130,0.4830,0.8195,,,
14,AnonDiff_MeanL2,GCG,0.1308,0.6702,13,entropy,0.9451,0.8674,0.9786,,,
14,AnonDiff_MeanL2,MIA,-0.4011,0.1744,13,entropy,0.9988,0.7011,0.5882,,,
14,AnonDiff_MeanL2,MIA_MinK,0.3333,0.3807,9,entropy,0.9822,0.9120,0.8545,,,
14,AnonDiff_MeanL2,MIA_Ref,-0.2500,0.5165,9,entropy,0.9785,0.9885,0.9373,,,
14,AnonDiff_MeanL2,MIA_Hidden,-0.6333,0.0671,9,entropy,0.6683,0.3850,0.3406,,,
14,AnonDiff_MeanL2,SPV_MIA,-0.2167,0.5755,9,entropy,0.6620,0.6938,0.9586,,,
14,NormAnonDiff_S_alpha_2,Steering,-0.1264,0.6808,13,entropy,0.9873,0.9858,0.9786,,,
14,NormAnonDiff_S_alpha_2,ICL,-0.6575,0.0146,13,entropy,0.0362,0.0787,0.1440,*,,
14,NormAnonDiff_S_alpha_2,GCG,-0.4849,0.0931,13,entropy,0.3140,0.2615,0.4082,,,
14,NormAnonDiff_S_alpha_2,MIA,0.3846,0.1944,13,entropy,0.9988,0.7011,0.6317,,,
14,NormAnonDiff_S_alpha_2,MIA_MinK,-0.1667,0.6682,9,entropy,0.9822,0.9120,0.9786,,,
14,NormAnonDiff_S_alpha_2,MIA_Ref,0.0833,0.8312,9,entropy,0.9821,0.9885,0.9786,,,
14,NormAnonDiff_S_alpha_2,MIA_Hidden,0.2500,0.5165,9,entropy,0.9958,0.9847,0.9373,,,
14,NormAnonDiff_S_alpha_2,SPV_MIA,0.7167,0.0298,9,entropy,0.0736,0.0610,0.2128,,,
14,NormAnonDiff_MeanCos,Steering,0.1868,0.5411,13,entropy,0.9873,0.9858,0.9514,,,
14,NormAnonDiff_MeanCos,ICL,0.7563,0.0028,13,entropy,0.0121,0.0305,0.0538,*,*,
14,NormAnonDiff_MeanCos,GCG,0.5072,0.0769,13,entropy,0.3007,0.2615,0.3567,,,
14,NormAnonDiff_MeanCos,MIA,-0.3846,0.1944,13,entropy,0.9988,0.7011,0.6317,,,
14,NormAnonDiff_MeanCos,MIA_MinK,0.1000,0.7980,9,entropy,0.9822,0.9120,0.9786,,,
14,NormAnonDiff_MeanCos,MIA_Ref,0.1000,0.7980,9,entropy,0.9821,0.9885,0.9786,,,
14,NormAnonDiff_MeanCos,MIA_Hidden,0.0833,0.8312,9,entropy,0.9958,0.9847,0.9786,,,
14,NormAnonDiff_MeanCos,SPV_MIA,-0.8333,0.0053,9,entropy,0.0282,0.0236,0.0809,*,*,
15,Centroid_Norm,Steering,0.3036,0.2714,15,auss,0.9873,0.9577,0.7465,,,
15,Centroid_Norm,ICL,0.6584,0.0076,15,auss,0.0250,0.0156,0.0993,*,*,
15,Centroid_Norm,GCG,0.1019,0.7178,15,auss,0.9451,0.9546,0.9786,,,
15,Centroid_Norm,MIA,-0.0893,0.7517,15,auss,0.9988,1.0000,0.9786,,,
15,Centroid_Norm,MIA_MinK,-0.0273,0.9366,11,auss,0.9822,0.9762,0.9907,,,
15,Centroid_Norm,MIA_Ref,0.1000,0.7699,11,auss,0.9821,0.9434,0.9786,,,
15,Centroid_Norm,MIA_Hidden,0.1273,0.7092,11,auss,0.9958,0.9939,0.9786,,,
15,Centroid_Norm,SPV_MIA,-0.5616,0.0722,11,auss,0.1229,0.1145,0.3567,,,
15,Global_Coherence,Steering,0.3036,0.2714,15,auss,0.9873,0.9577,0.7465,,,
15,Global_Coherence,ICL,0.6584,0.0076,15,auss,0.0250,0.0156,0.0993,*,*,
15,Global_Coherence,GCG,0.1019,0.7178,15,auss,0.9451,0.9546,0.9786,,,
15,Global_Coherence,MIA,-0.0893,0.7517,15,auss,0.9988,1.0000,0.9786,,,
15,Global_Coherence,MIA_MinK,-0.0273,0.9366,11,auss,0.9822,0.9762,0.9907,,,
15,Global_Coherence,MIA_Ref,0.1000,0.7699,11,auss,0.9821,0.9434,0.9786,,,
15,Global_Coherence,MIA_Hidden,0.1273,0.7092,11,auss,0.9958,0.9939,0.9786,,,
15,Global_Coherence,SPV_MIA,-0.5616,0.0722,11,auss,0.1229,0.1145,0.3567,,,
15,Batch_SecondMoment_TopEig,Steering,0.2679,0.3344,15,auss,0.9873,0.9577,0.8176,,,
15,Batch_SecondMoment_TopEig,ICL,0.7172,0.0026,15,auss,0.0121,0.0073,0.0531,*,**,
15,Batch_SecondMoment_TopEig,GCG,0.1117,0.6919,15,auss,0.9451,0.9546,0.9786,,,
15,Batch_SecondMoment_TopEig,MIA,-0.1071,0.7039,15,auss,0.9988,1.0000,0.9786,,,
15,Batch_SecondMoment_TopEig,MIA_MinK,0.1364,0.6893,11,auss,0.9822,0.9762,0.9786,,,
15,Batch_SecondMoment_TopEig,MIA_Ref,0.0545,0.8734,11,auss,0.9821,0.9434,0.9897,,,
15,Batch_SecondMoment_TopEig,MIA_Hidden,0.0364,0.9155,11,auss,0.9958,0.9939,0.9907,,,
15,Batch_SecondMoment_TopEig,SPV_MIA,-0.5982,0.0519,11,auss,0.0980,0.0970,0.2892,,,
15,AUSS_L2,Steering,-0.3036,0.2714,15,auss,0.9873,0.9577,0.7465,,,
15,AUSS_L2,ICL,-0.6584,0.0076,15,auss,0.0250,0.0156,0.0993,*,*,
15,AUSS_L2,GCG,-0.1019,0.7178,15,auss,0.9451,0.9546,0.9786,,,
15,AUSS_L2,MIA,0.0893,0.7517,15,auss,0.9988,1.0000,0.9786,,,
15,AUSS_L2,MIA_MinK,0.0273,0.9366,11,auss,0.9822,0.9762,0.9907,,,
15,AUSS_L2,MIA_Ref,-0.1000,0.7699,11,auss,0.9821,0.9434,0.9786,,,
15,AUSS_L2,MIA_Hidden,-0.1273,0.7092,11,auss,0.9958,0.9939,0.9786,,,
15,AUSS_L2,SPV_MIA,0.5616,0.0722,11,auss,0.1229,0.1145,0.3567,,,
15,AUSS_Cos2,Steering,-0.2821,0.3083,15,auss,0.9873,0.9577,0.8031,,,
15,AUSS_Cos2,ICL,-0.7283,0.0021,15,auss,0.0114,0.0069,0.0491,*,**,*
15,AUSS_Cos2,GCG,-0.1117,0.6919,15,auss,0.9451,0.9546,0.9786,,,
15,AUSS_Cos2,MIA,0.1643,0.5585,15,auss,0.9988,1.0000,0.9543,,,
15,AUSS_Cos2,MIA_MinK,-0.1364,0.6893,11,auss,0.9822,0.9762,0.9786,,,
15,AUSS_Cos2,MIA_Ref,-0.0545,0.8734,11,auss,0.9821,0.9434,0.9897,,,
15,AUSS_Cos2,MIA_Hidden,-0.0364,0.9155,11,auss,0.9958,0.9939,0.9907,,,
15,AUSS_Cos2,SPV_MIA,0.5982,0.0519,11,auss,0.0980,0.0970,0.2892,,,
15,AUSS_Jac,Steering,-0.1821,0.5159,15,auss,0.9873,0.9577,0.9373,,,
15,AUSS_Jac,ICL,-0.1765,0.5291,15,auss,0.6008,0.5435,0.9473,,,
15,AUSS_Jac,GCG,0.1117,0.6919,15,auss,0.9451,0.9546,0.9786,,,
15,AUSS_Jac,MIA,-0.0179,0.9496,15,auss,0.9988,1.0000,0.9916,,,
15,AUSS_Jac,MIA_MinK,-0.4182,0.2006,11,auss,0.9822,0.9762,0.6482,,,
15,AUSS_Jac,MIA_Ref,0.1364,0.6893,11,auss,0.9821,0.9434,0.9786,,,
15,AUSS_Jac,MIA_Hidden,0.2273,0.5015,11,auss,0.9958,0.9939,0.9373,,,
15,AUSS_Jac,SPV_MIA,-0.1553,0.6485,11,auss,0.7149,0.7046,0.9786,,,
15,Batch_Cov_Trace,Steering,-0.3036,0.2714,15,auss,0.9873,0.9577,0.7465,,,
15,Batch_Cov_Trace,ICL,-0.6584,0.0076,15,auss,0.0250,0.0156,0.0993,*,*,
15,Batch_Cov_Trace,GCG,-0.1019,0.7178,15,auss,0.9451,0.9546,0.9786,,,
15,Batch_Cov_Trace,MIA,0.0893,0.7517,15,auss,0.9988,1.0000,0.9786,,,
15,Batch_Cov_Trace,MIA_MinK,0.0273,0.9366,11,auss,0.9822,0.9762,0.9907,,,
15,Batch_Cov_Trace,MIA_Ref,-0.1000,0.7699,11,auss,0.9821,0.9434,0.9786,,,
15,Batch_Cov_Trace,MIA_Hidden,-0.1273,0.7092,11,auss,0.9958,0.9939,0.9786,,,
15,Batch_Cov_Trace,SPV_MIA,0.5616,0.0722,11,auss,0.1229,0.1145,0.3567,,,
15,Batch_Cov_TopEig,Steering,-0.0500,0.8595,15,auss,0.9873,0.9577,0.9897,,,
15,Batch_Cov_TopEig,ICL,-0.6584,0.0076,15,auss,0.0250,0.0156,0.0993,*,*,
15,Batch_Cov_TopEig,GCG,-0.2136,0.4446,15,auss,0.8939,0.9546,0.9077,,,
15,Batch_Cov_TopEig,MIA,-0.0893,0.7517,15,auss,0.9988,1.0000,0.9786,,,
15,Batch_Cov_TopEig,MIA_MinK,-0.1273,0.7092,11,auss,0.9822,0.9762,0.9786,,,
15,Batch_Cov_TopEig,MIA_Ref,-0.4273,0.1899,11,auss,0.9785,0.9390,0.6215,,,
15,Batch_Cov_TopEig,MIA_Hidden,-0.2545,0.4500,11,auss,0.9958,0.9939,0.9101,,,
15,Batch_Cov_TopEig,SPV_MIA,0.5069,0.1116,11,auss,0.1733,0.1567,0.4614,,,
15,Reg_S_alpha_2,Steering,0.2857,0.3440,13,entropy,0.9873,0.9858,0.8237,,,
15,Reg_S_alpha_2,ICL,-0.2483,0.4133,13,entropy,0.4850,0.5483,0.8797,,,
15,Reg_S_alpha_2,GCG,0.0766,0.8037,13,entropy,0.9451,0.9106,0.9786,,,
15,Reg_S_alpha_2,MIA,0.2637,0.3839,13,entropy,0.9988,0.7292,0.8563,,,
15,Reg_S_alpha_2,MIA_MinK,-0.2000,0.6059,9,entropy,0.9822,0.9120,0.9731,,,
15,Reg_S_alpha_2,MIA_Ref,0.1000,0.7980,9,entropy,0.9821,0.9885,0.9786,,,
15,Reg_S_alpha_2,MIA_Hidden,0.5333,0.1392,9,entropy,0.8354,0.4901,0.5195,,,
15,Reg_S_alpha_2,SPV_MIA,-0.1000,0.7980,9,entropy,0.8229,0.8134,0.9786,,,
15,Reg_MeanCos,Steering,-0.0714,0.8166,13,entropy,0.9873,0.9858,0.9786,,,
15,Reg_MeanCos,ICL,0.3753,0.2063,13,entropy,0.2657,0.3302,0.6603,,,
15,Reg_MeanCos,GCG,0.2616,0.3880,13,entropy,0.7941,0.7265,0.8603,,,
15,Reg_MeanCos,MIA,-0.3736,0.2086,13,entropy,0.9988,0.7011,0.6649,,,
15,Reg_MeanCos,MIA_MinK,0.3333,0.3807,9,entropy,0.9822,0.9120,0.8545,,,
15,Reg_MeanCos,MIA_Ref,-0.2500,0.5165,9,entropy,0.9785,0.9885,0.9373,,,
15,Reg_MeanCos,MIA_Hidden,-0.6333,0.0671,9,entropy,0.6683,0.3850,0.3406,,,
15,Reg_MeanCos,SPV_MIA,-0.2167,0.5755,9,entropy,0.6620,0.6938,0.9586,,,
15,Reg_MeanL2,Steering,-0.2418,0.4262,13,entropy,0.9873,0.9858,0.8883,,,
15,Reg_MeanL2,ICL,0.2822,0.3502,13,entropy,0.4203,0.4841,0.8276,,,
15,Reg_MeanL2,GCG,-0.0447,0.8848,13,entropy,0.9633,0.9613,0.9907,,,
15,Reg_MeanL2,MIA,-0.0824,0.7890,13,entropy,0.9988,0.9252,0.9786,,,
15,Reg_MeanL2,MIA_MinK,0.7500,0.0199,9,entropy,0.6582,0.4876,0.1709,,,
15,Reg_MeanL2,MIA_Ref,0.3833,0.3085,9,entropy,0.9785,0.9794,0.8031,,,
15,Reg_MeanL2,MIA_Hidden,-0.6000,0.0876,9,entropy,0.6972,0.4131,0.3993,,,
15,Reg_MeanL2,SPV_MIA,0.4000,0.2861,9,entropy,0.3676,0.4105,0.7717,,,
15,AnonDiff_S_alpha_2,Steering,-0.0055,0.9858,13,entropy,0.9877,0.9858,0.9974,,,
15,AnonDiff_S_alpha_2,ICL,-0.6067,0.0279,13,entropy,0.0540,0.0933,0.2072,,,
15,AnonDiff_S_alpha_2,GCG,-0.4849,0.0931,13,entropy,0.3140,0.2615,0.4082,,,
15,AnonDiff_S_alpha_2,MIA,0.1703,0.5780,13,entropy,0.9988,0.8073,0.9612,,,
15,AnonDiff_S_alpha_2,MIA_MinK,-0.3000,0.4328,9,entropy,0.9822,0.9120,0.8883,,,
15,AnonDiff_S_alpha_2,MIA_Ref,-0.1000,0.7980,9,entropy,0.9821,0.9885,0.9786,,,
15,AnonDiff_S_alpha_2,MIA_Hidden,0.1833,0.6368,9,entropy,0.9958,0.9847,0.9786,,,
15,AnonDiff_S_alpha_2,SPV_MIA,0.8333,0.0053,9,entropy,0.0282,0.0236,0.0809,*,*,
15,AnonDiff_MeanCos,Steering,0.1868,0.5411,13,entropy,0.9873,0.9858,0.9514,,,
15,AnonDiff_MeanCos,ICL,0.7563,0.0028,13,entropy,0.0121,0.0305,0.0538,*,*,
15,AnonDiff_MeanCos,GCG,0.5072,0.0769,13,entropy,0.3007,0.2615,0.3567,,,
15,AnonDiff_MeanCos,MIA,-0.3846,0.1944,13,entropy,0.9988,0.7011,0.6317,,,
15,AnonDiff_MeanCos,MIA_MinK,0.1000,0.7980,9,entropy,0.9822,0.9120,0.9786,,,
15,AnonDiff_MeanCos,MIA_Ref,0.1000,0.7980,9,entropy,0.9821,0.9885,0.9786,,,
15,AnonDiff_MeanCos,MIA_Hidden,0.0833,0.8312,9,entropy,0.9958,0.9847,0.9786,,,
15,AnonDiff_MeanCos,SPV_MIA,-0.8333,0.0053,9,entropy,0.0282,0.0236,0.0809,*,*,
15,AnonDiff_MeanL2,Steering,-0.0714,0.8166,13,entropy,0.9873,0.9858,0.9786,,,
15,AnonDiff_MeanL2,ICL,0.2878,0.3403,13,entropy,0.4130,0.4830,0.8195,,,
15,AnonDiff_MeanL2,GCG,0.1308,0.6702,13,entropy,0.9451,0.8674,0.9786,,,
15,AnonDiff_MeanL2,MIA,-0.4011,0.1744,13,entropy,0.9988,0.7011,0.5882,,,
15,AnonDiff_MeanL2,MIA_MinK,0.3333,0.3807,9,entropy,0.9822,0.9120,0.8545,,,
15,AnonDiff_MeanL2,MIA_Ref,-0.2500,0.5165,9,entropy,0.9785,0.9885,0.9373,,,
15,AnonDiff_MeanL2,MIA_Hidden,-0.6333,0.0671,9,entropy,0.6683,0.3850,0.3406,,,
15,AnonDiff_MeanL2,SPV_MIA,-0.2167,0.5755,9,entropy,0.6620,0.6938,0.9586,,,
15,NormAnonDiff_S_alpha_2,Steering,-0.0989,0.7479,13,entropy,0.9873,0.9858,0.9786,,,
15,NormAnonDiff_S_alpha_2,ICL,-0.6660,0.0130,13,entropy,0.0342,0.0787,0.1368,*,,
15,NormAnonDiff_S_alpha_2,GCG,-0.4849,0.0931,13,entropy,0.3140,0.2615,0.4082,,,
15,NormAnonDiff_S_alpha_2,MIA,0.4121,0.1618,13,entropy,0.9988,0.7011,0.5727,,,
15,NormAnonDiff_S_alpha_2,MIA_MinK,-0.2167,0.5755,9,entropy,0.9822,0.9120,0.9586,,,
15,NormAnonDiff_S_alpha_2,MIA_Ref,0.1000,0.7980,9,entropy,0.9821,0.9885,0.9786,,,
15,NormAnonDiff_S_alpha_2,MIA_Hidden,0.2333,0.5457,9,entropy,0.9958,0.9847,0.9522,,,
15,NormAnonDiff_S_alpha_2,SPV_MIA,0.7833,0.0125,9,entropy,0.0452,0.0371,0.1346,*,*,
15,NormAnonDiff_MeanCos,Steering,0.1868,0.5411,13,entropy,0.9873,0.9858,0.9514,,,
15,NormAnonDiff_MeanCos,ICL,0.7563,0.0028,13,entropy,0.0121,0.0305,0.0538,*,*,
15,NormAnonDiff_MeanCos,GCG,0.5072,0.0769,13,entropy,0.3007,0.2615,0.3567,,,
15,NormAnonDiff_MeanCos,MIA,-0.3846,0.1944,13,entropy,0.9988,0.7011,0.6317,,,
15,NormAnonDiff_MeanCos,MIA_MinK,0.1000,0.7980,9,entropy,0.9822,0.9120,0.9786,,,
15,NormAnonDiff_MeanCos,MIA_Ref,0.1000,0.7980,9,entropy,0.9821,0.9885,0.9786,,,
15,NormAnonDiff_MeanCos,MIA_Hidden,0.0833,0.8312,9,entropy,0.9958,0.9847,0.9786,,,
15,NormAnonDiff_MeanCos,SPV_MIA,-0.8333,0.0053,9,entropy,0.0282,0.0236,0.0809,*,*,
16,Centroid_Norm,Steering,0.2607,0.3480,15,auss,0.9873,0.9577,0.8276,,,
16,Centroid_Norm,ICL,0.7393,0.0016,15,auss,0.0114,0.0069,0.0464,*,**,*
16,Centroid_Norm,GCG,0.0882,0.7546,15,auss,0.9451,0.9546,0.9786,,,
16,Centroid_Norm,MIA,-0.1929,0.4910,15,auss,0.9988,1.0000,0.9318,,,
16,Centroid_Norm,MIA_MinK,0.1364,0.6893,11,auss,0.9822,0.9762,0.9786,,,
16,Centroid_Norm,MIA_Ref,0.0545,0.8734,11,auss,0.9821,0.9434,0.9897,,,
16,Centroid_Norm,MIA_Hidden,0.0364,0.9155,11,auss,0.9958,0.9939,0.9907,,,
16,Centroid_Norm,SPV_MIA,-0.5982,0.0519,11,auss,0.0980,0.0970,0.2892,,,
16,Global_Coherence,Steering,0.2607,0.3480,15,auss,0.9873,0.9577,0.8276,,,
16,Global_Coherence,ICL,0.7393,0.0016,15,auss,0.0114,0.0069,0.0464,*,**,*
16,Global_Coherence,GCG,0.0882,0.7546,15,auss,0.9451,0.9546,0.9786,,,
16,Global_Coherence,MIA,-0.1929,0.4910,15,auss,0.9988,1.0000,0.9318,,,
16,Global_Coherence,MIA_MinK,0.1364,0.6893,11,auss,0.9822,0.9762,0.9786,,,
16,Global_Coherence,MIA_Ref,0.0545,0.8734,11,auss,0.9821,0.9434,0.9897,,,
16,Global_Coherence,MIA_Hidden,0.0364,0.9155,11,auss,0.9958,0.9939,0.9907,,,
16,Global_Coherence,SPV_MIA,-0.5982,0.0519,11,auss,0.0980,0.0970,0.2892,,,
16,Batch_SecondMoment_TopEig,Steering,0.2607,0.3480,15,auss,0.9873,0.9577,0.8276,,,
16,Batch_SecondMoment_TopEig,ICL,0.7393,0.0016,15,auss,0.0114,0.0069,0.0464,*,**,*
16,Batch_SecondMoment_TopEig,GCG,0.0882,0.7546,15,auss,0.9451,0.9546,0.9786,,,
16,Batch_SecondMoment_TopEig,MIA,-0.1929,0.4910,15,auss,0.9988,1.0000,0.9318,,,
16,Batch_SecondMoment_TopEig,MIA_MinK,0.1364,0.6893,11,auss,0.9822,0.9762,0.9786,,,
16,Batch_SecondMoment_TopEig,MIA_Ref,0.0545,0.8734,11,auss,0.9821,0.9434,0.9897,,,
16,Batch_SecondMoment_TopEig,MIA_Hidden,0.0364,0.9155,11,auss,0.9958,0.9939,0.9907,,,
16,Batch_SecondMoment_TopEig,SPV_MIA,-0.5982,0.0519,11,auss,0.0980,0.0970,0.2892,,,
16,AUSS_L2,Steering,-0.2607,0.3480,15,auss,0.9873,0.9577,0.8276,,,
16,AUSS_L2,ICL,-0.7393,0.0016,15,auss,0.0114,0.0069,0.0464,*,**,*
16,AUSS_L2,GCG,-0.0882,0.7546,15,auss,0.9451,0.9546,0.9786,,,
16,AUSS_L2,MIA,0.1929,0.4910,15,auss,0.9988,1.0000,0.9318,,,
16,AUSS_L2,MIA_MinK,-0.1364,0.6893,11,auss,0.9822,0.9762,0.9786,,,
16,AUSS_L2,MIA_Ref,-0.0545,0.8734,11,auss,0.9821,0.9434,0.9897,,,
16,AUSS_L2,MIA_Hidden,-0.0364,0.9155,11,auss,0.9958,0.9939,0.9907,,,
16,AUSS_L2,SPV_MIA,0.5982,0.0519,11,auss,0.0980,0.0970,0.2892,,,
16,AUSS_Cos2,Steering,-0.2607,0.3480,15,auss,0.9873,0.9577,0.8276,,,
16,AUSS_Cos2,ICL,-0.7393,0.0016,15,auss,0.0114,0.0069,0.0464,*,**,*
16,AUSS_Cos2,GCG,-0.0882,0.7546,15,auss,0.9451,0.9546,0.9786,,,
16,AUSS_Cos2,MIA,0.1929,0.4910,15,auss,0.9988,1.0000,0.9318,,,
16,AUSS_Cos2,MIA_MinK,-0.1364,0.6893,11,auss,0.9822,0.9762,0.9786,,,
16,AUSS_Cos2,MIA_Ref,-0.0545,0.8734,11,auss,0.9821,0.9434,0.9897,,,
16,AUSS_Cos2,MIA_Hidden,-0.0364,0.9155,11,auss,0.9958,0.9939,0.9907,,,
16,AUSS_Cos2,SPV_MIA,0.5982,0.0519,11,auss,0.0980,0.0970,0.2892,,,
16,AUSS_Jac,Steering,-0.1679,0.5499,15,auss,0.9873,0.9577,0.9522,,,
16,AUSS_Jac,ICL,-0.2354,0.3984,15,auss,0.4732,0.4190,0.8709,,,
16,AUSS_Jac,GCG,0.0745,0.7920,15,auss,0.9451,0.9546,0.9786,,,
16,AUSS_Jac,MIA,0.0357,0.8994,15,auss,0.9988,1.0000,0.9907,,,
16,AUSS_Jac,MIA_MinK,-0.2818,0.4011,11,auss,0.9822,0.9762,0.8709,,,
16,AUSS_Jac,MIA_Ref,0.2364,0.4841,11,auss,0.9785,0.9390,0.9318,,,
16,AUSS_Jac,MIA_Hidden,0.3273,0.3259,11,auss,0.9958,0.9939,0.8163,,,
16,AUSS_Jac,SPV_MIA,-0.0639,0.8519,11,auss,0.8683,0.8819,0.9897,,,
16,Batch_Cov_Trace,Steering,-0.2607,0.3480,15,auss,0.9873,0.9577,0.8276,,,
16,Batch_Cov_Trace,ICL,-0.7393,0.0016,15,auss,0.0114,0.0069,0.0464,*,**,*
16,Batch_Cov_Trace,GCG,-0.0882,0.7546,15,auss,0.9451,0.9546,0.9786,,,
16,Batch_Cov_Trace,MIA,0.1929,0.4910,15,auss,0.9988,1.0000,0.9318,,,
16,Batch_Cov_Trace,MIA_MinK,-0.1364,0.6893,11,auss,0.9822,0.9762,0.9786,,,
16,Batch_Cov_Trace,MIA_Ref,-0.0545,0.8734,11,auss,0.9821,0.9434,0.9897,,,
16,Batch_Cov_Trace,MIA_Hidden,-0.0364,0.9155,11,auss,0.9958,0.9939,0.9907,,,
16,Batch_Cov_Trace,SPV_MIA,0.5982,0.0519,11,auss,0.0980,0.0970,0.2892,,,
16,Batch_Cov_TopEig,Steering,-0.1357,0.6296,15,auss,0.9873,0.9577,0.9786,,,
16,Batch_Cov_TopEig,ICL,-0.6289,0.0120,15,auss,0.0332,0.0207,0.1346,*,*,
16,Batch_Cov_TopEig,GCG,-0.0803,0.7759,15,auss,0.9451,0.9546,0.9786,,,
16,Batch_Cov_TopEig,MIA,-0.1250,0.6571,15,auss,0.9988,1.0000,0.9786,,,
16,Batch_Cov_TopEig,MIA_MinK,-0.0727,0.8317,11,auss,0.9822,0.9762,0.9786,,,
16,Batch_Cov_TopEig,MIA_Ref,-0.4636,0.1509,11,auss,0.9785,0.9390,0.5434,,,
16,Batch_Cov_TopEig,MIA_Hidden,-0.3909,0.2345,11,auss,0.9958,0.9939,0.7036,,,
16,Batch_Cov_TopEig,SPV_MIA,0.4475,0.1676,11,auss,0.2322,0.2020,0.5807,,,
16,Reg_S_alpha_2,Steering,0.2967,0.3249,13,entropy,0.9873,0.9858,0.8163,,,
16,Reg_S_alpha_2,ICL,-0.1016,0.7412,13,entropy,0.7643,0.7749,0.9786,,,
16,Reg_S_alpha_2,GCG,0.1244,0.6855,13,entropy,0.9451,0.8674,0.9786,,,
16,Reg_S_alpha_2,MIA,0.2033,0.5053,13,entropy,0.9988,0.7495,0.9373,,,
16,Reg_S_alpha_2,MIA_MinK,-0.1000,0.7980,9,entropy,0.9822,0.9120,0.9786,,,
16,Reg_S_alpha_2,MIA_Ref,0.2333,0.5457,9,entropy,0.9785,0.9885,0.9522,,,
16,Reg_S_alpha_2,MIA_Hidden,0.3167,0.4064,9,entropy,0.9958,0.9847,0.8709,,,
16,Reg_S_alpha_2,SPV_MIA,-0.1667,0.6682,9,entropy,0.7201,0.7171,0.9786,,,
16,Reg_MeanCos,Steering,-0.0659,0.8305,13,entropy,0.9873,0.9858,0.9786,,,
16,Reg_MeanCos,ICL,0.2935,0.3305,13,entropy,0.4086,0.4830,0.8176,,,
16,Reg_MeanCos,GCG,0.2456,0.4186,13,entropy,0.8468,0.7674,0.8814,,,
16,Reg_MeanCos,MIA,-0.3187,0.2886,13,entropy,0.9988,0.7011,0.7774,,,
16,Reg_MeanCos,MIA_MinK,0.2667,0.4879,9,entropy,0.9822,0.9120,0.9318,,,
16,Reg_MeanCos,MIA_Ref,-0.4167,0.2646,9,entropy,0.9785,0.9794,0.7422,,,
16,Reg_MeanCos,MIA_Hidden,-0.4500,0.2242,9,entropy,0.9958,0.7047,0.6833,,,
16,Reg_MeanCos,SPV_MIA,-0.2500,0.5165,9,entropy,0.6124,0.6619,0.9373,,,
16,Reg_MeanL2,Steering,-0.2253,0.4593,13,entropy,0.9873,0.9858,0.9136,,,
16,Reg_MeanL2,ICL,0.2455,0.4188,13,entropy,0.4903,0.5528,0.8815,,,
16,Reg_MeanL2,GCG,-0.0064,0.9835,13,entropy,0.9986,0.9948,0.9974,,,
16,Reg_MeanL2,MIA,-0.0769,0.8028,13,entropy,0.9988,0.9252,0.9786,,,
16,Reg_MeanL2,MIA_MinK,0.7000,0.0358,9,entropy,0.6582,0.4876,0.2392,,,
16,Reg_MeanL2,MIA_Ref,0.3667,0.3317,9,entropy,0.9785,0.9794,0.8176,,,
16,Reg_MeanL2,MIA_Hidden,-0.6167,0.0769,9,entropy,0.6972,0.4131,0.3567,,,
16,Reg_MeanL2,SPV_MIA,0.2833,0.4600,9,entropy,0.5623,0.6260,0.9136,,,
16,AnonDiff_S_alpha_2,Steering,-0.0385,0.9007,13,entropy,0.9873,0.9858,0.9907,,,
16,AnonDiff_S_alpha_2,ICL,-0.5220,0.0672,13,entropy,0.1117,0.1644,0.3406,,,
16,AnonDiff_S_alpha_2,GCG,-0.4849,0.0931,13,entropy,0.3140,0.2615,0.4082,,,
16,AnonDiff_S_alpha_2,MIA,0.1923,0.5291,13,entropy,0.9988,0.7717,0.9473,,,
16,AnonDiff_S_alpha_2,MIA_MinK,-0.3833,0.3085,9,entropy,0.9822,0.9120,0.8031,,,
16,AnonDiff_S_alpha_2,MIA_Ref,0.0667,0.8647,9,entropy,0.9821,1.0000,0.9897,,,
16,AnonDiff_S_alpha_2,MIA_Hidden,0.2167,0.5755,9,entropy,0.9958,0.9847,0.9586,,,
16,AnonDiff_S_alpha_2,SPV_MIA,0.7167,0.0298,9,entropy,0.0736,0.0610,0.2128,,,
16,AnonDiff_MeanCos,Steering,0.1758,0.5656,13,entropy,0.9873,0.9858,0.9586,,,
16,AnonDiff_MeanCos,ICL,0.7563,0.0028,13,entropy,0.0121,0.0305,0.0538,*,*,
16,AnonDiff_MeanCos,GCG,0.5072,0.0769,13,entropy,0.3007,0.2615,0.3567,,,
16,AnonDiff_MeanCos,MIA,-0.4286,0.1440,13,entropy,0.9988,0.7011,0.5305,,,
16,AnonDiff_MeanCos,MIA_MinK,0.1167,0.7650,9,entropy,0.9822,0.9120,0.9786,,,
16,AnonDiff_MeanCos,MIA_Ref,0.0000,1.0000,9,entropy,1.0000,1.0000,1.0000,,,
16,AnonDiff_MeanCos,MIA_Hidden,0.0167,0.9661,9,entropy,0.9958,0.9847,0.9916,,,
16,AnonDiff_MeanCos,SPV_MIA,-0.8833,0.0016,9,entropy,0.0137,0.0120,0.0464,*,*,*
16,AnonDiff_MeanL2,Steering,-0.0549,0.8585,13,entropy,0.9873,0.9858,0.9897,,,
16,AnonDiff_MeanL2,ICL,0.2878,0.3403,13,entropy,0.4130,0.4830,0.8195,,,
16,AnonDiff_MeanL2,GCG,0.1308,0.6702,13,entropy,0.9451,0.8674,0.9786,,,
16,AnonDiff_MeanL2,MIA,-0.4341,0.1383,13,entropy,0.9988,0.7011,0.5195,,,
16,AnonDiff_MeanL2,MIA_MinK,0.3167,0.4064,9,entropy,0.9822,0.9120,0.8709,,,
16,AnonDiff_MeanL2,MIA_Ref,-0.2833,0.4600,9,entropy,0.9785,0.9794,0.9136,,,
16,AnonDiff_MeanL2,MIA_Hidden,-0.7167,0.0298,9,entropy,0.5979,0.3680,0.2128,,,
16,AnonDiff_MeanL2,SPV_MIA,-0.1667,0.6682,9,entropy,0.7201,0.7171,0.9786,,,
16,NormAnonDiff_S_alpha_2,Steering,-0.0824,0.7890,13,entropy,0.9873,0.9858,0.9786,,,
16,NormAnonDiff_S_alpha_2,ICL,-0.6744,0.0115,13,entropy,0.0327,0.0787,0.1325,*,,
16,NormAnonDiff_S_alpha_2,GCG,-0.4849,0.0931,13,entropy,0.3140,0.2615,0.4082,,,
16,NormAnonDiff_S_alpha_2,MIA,0.3956,0.1809,13,entropy,0.9988,0.7011,0.6021,,,
16,NormAnonDiff_S_alpha_2,MIA_MinK,-0.2167,0.5755,9,entropy,0.9822,0.9120,0.9586,,,
16,NormAnonDiff_S_alpha_2,MIA_Ref,0.1000,0.7980,9,entropy,0.9821,0.9885,0.9786,,,
16,NormAnonDiff_S_alpha_2,MIA_Hidden,0.2333,0.5457,9,entropy,0.9958,0.9847,0.9522,,,
16,NormAnonDiff_S_alpha_2,SPV_MIA,0.7833,0.0125,9,entropy,0.0452,0.0371,0.1346,*,*,
16,NormAnonDiff_MeanCos,Steering,0.1758,0.5656,13,entropy,0.9873,0.9858,0.9586,,,
16,NormAnonDiff_MeanCos,ICL,0.7563,0.0028,13,entropy,0.0121,0.0305,0.0538,*,*,
16,NormAnonDiff_MeanCos,GCG,0.5072,0.0769,13,entropy,0.3007,0.2615,0.3567,,,
16,NormAnonDiff_MeanCos,MIA,-0.4286,0.1440,13,entropy,0.9988,0.7011,0.5305,,,
16,NormAnonDiff_MeanCos,MIA_MinK,0.1167,0.7650,9,entropy,0.9822,0.9120,0.9786,,,
16,NormAnonDiff_MeanCos,MIA_Ref,0.0000,1.0000,9,entropy,1.0000,1.0000,1.0000,,,
16,NormAnonDiff_MeanCos,MIA_Hidden,0.0167,0.9661,9,entropy,0.9958,0.9847,0.9916,,,
16,NormAnonDiff_MeanCos,SPV_MIA,-0.8833,0.0016,9,entropy,0.0137,0.0120,0.0464,*,*,*
17,Centroid_Norm,Steering,0.2321,0.4051,15,auss,0.9873,0.9577,0.8709,,,
17,Centroid_Norm,ICL,0.7172,0.0026,15,auss,0.0121,0.0073,0.0531,*,**,
17,Centroid_Norm,GCG,0.0882,0.7546,15,auss,0.9451,0.9546,0.9786,,,
17,Centroid_Norm,MIA,-0.0786,0.7808,15,auss,0.9988,1.0000,0.9786,,,
17,Centroid_Norm,MIA_MinK,0.1364,0.6893,11,auss,0.9822,0.9762,0.9786,,,
17,Centroid_Norm,MIA_Ref,0.0545,0.8734,11,auss,0.9821,0.9434,0.9897,,,
17,Centroid_Norm,MIA_Hidden,0.0364,0.9155,11,auss,0.9958,0.9939,0.9907,,,
17,Centroid_Norm,SPV_MIA,-0.5982,0.0519,11,auss,0.0980,0.0970,0.2892,,,
17,Global_Coherence,Steering,0.2321,0.4051,15,auss,0.9873,0.9577,0.8709,,,
17,Global_Coherence,ICL,0.7172,0.0026,15,auss,0.0121,0.0073,0.0531,*,**,
17,Global_Coherence,GCG,0.0882,0.7546,15,auss,0.9451,0.9546,0.9786,,,
17,Global_Coherence,MIA,-0.0786,0.7808,15,auss,0.9988,1.0000,0.9786,,,
17,Global_Coherence,MIA_MinK,0.1364,0.6893,11,auss,0.9822,0.9762,0.9786,,,
17,Global_Coherence,MIA_Ref,0.0545,0.8734,11,auss,0.9821,0.9434,0.9897,,,
17,Global_Coherence,MIA_Hidden,0.0364,0.9155,11,auss,0.9958,0.9939,0.9907,,,
17,Global_Coherence,SPV_MIA,-0.5982,0.0519,11,auss,0.0980,0.0970,0.2892,,,
17,Batch_SecondMoment_TopEig,Steering,0.2679,0.3344,15,auss,0.9873,0.9577,0.8176,,,
17,Batch_SecondMoment_TopEig,ICL,0.7172,0.0026,15,auss,0.0121,0.0073,0.0531,*,**,
17,Batch_SecondMoment_TopEig,GCG,0.1117,0.6919,15,auss,0.9451,0.9546,0.9786,,,
17,Batch_SecondMoment_TopEig,MIA,-0.1071,0.7039,15,auss,0.9988,1.0000,0.9786,,,
17,Batch_SecondMoment_TopEig,MIA_MinK,0.1364,0.6893,11,auss,0.9822,0.9762,0.9786,,,
17,Batch_SecondMoment_TopEig,MIA_Ref,0.0545,0.8734,11,auss,0.9821,0.9434,0.9897,,,
17,Batch_SecondMoment_TopEig,MIA_Hidden,0.0364,0.9155,11,auss,0.9958,0.9939,0.9907,,,
17,Batch_SecondMoment_TopEig,SPV_MIA,-0.5982,0.0519,11,auss,0.0980,0.0970,0.2892,,,
17,AUSS_L2,Steering,-0.2321,0.4051,15,auss,0.9873,0.9577,0.8709,,,
17,AUSS_L2,ICL,-0.7172,0.0026,15,auss,0.0121,0.0073,0.0531,*,**,
17,AUSS_L2,GCG,-0.0882,0.7546,15,auss,0.9451,0.9546,0.9786,,,
17,AUSS_L2,MIA,0.0786,0.7808,15,auss,0.9988,1.0000,0.9786,,,
17,AUSS_L2,MIA_MinK,-0.1364,0.6893,11,auss,0.9822,0.9762,0.9786,,,
17,AUSS_L2,MIA_Ref,-0.0545,0.8734,11,auss,0.9821,0.9434,0.9897,,,
17,AUSS_L2,MIA_Hidden,-0.0364,0.9155,11,auss,0.9958,0.9939,0.9907,,,
17,AUSS_L2,SPV_MIA,0.5982,0.0519,11,auss,0.0980,0.0970,0.2892,,,
17,AUSS_Cos2,Steering,-0.2821,0.3083,15,auss,0.9873,0.9577,0.8031,,,
17,AUSS_Cos2,ICL,-0.7283,0.0021,15,auss,0.0114,0.0069,0.0491,*,**,*
17,AUSS_Cos2,GCG,-0.1117,0.6919,15,auss,0.9451,0.9546,0.9786,,,
17,AUSS_Cos2,MIA,0.1643,0.5585,15,auss,0.9988,1.0000,0.9543,,,
17,AUSS_Cos2,MIA_MinK,-0.1364,0.6893,11,auss,0.9822,0.9762,0.9786,,,
17,AUSS_Cos2,MIA_Ref,-0.0545,0.8734,11,auss,0.9821,0.9434,0.9897,,,
17,AUSS_Cos2,MIA_Hidden,-0.0364,0.9155,11,auss,0.9958,0.9939,0.9907,,,
17,AUSS_Cos2,SPV_MIA,0.5982,0.0519,11,auss,0.0980,0.0970,0.2892,,,
17,AUSS_Jac,Steering,-0.1821,0.5159,15,auss,0.9873,0.9577,0.9373,,,
17,AUSS_Jac,ICL,-0.2170,0.4372,15,auss,0.5096,0.4562,0.8935,,,
17,AUSS_Jac,GCG,0.0803,0.7759,15,auss,0.9451,0.9546,0.9786,,,
17,AUSS_Jac,MIA,-0.0036,0.9899,15,auss,1.0000,1.0000,1.0000,,,
17,AUSS_Jac,MIA_MinK,-0.3000,0.3701,11,auss,0.9822,0.9762,0.8482,,,
17,AUSS_Jac,MIA_Ref,0.1091,0.7495,11,auss,0.9821,0.9434,0.9786,,,
17,AUSS_Jac,MIA_Hidden,0.2364,0.4841,11,auss,0.9958,0.9939,0.9318,,,
17,AUSS_Jac,SPV_MIA,-0.0548,0.8729,11,auss,0.8863,0.9001,0.9897,,,
17,Batch_Cov_Trace,Steering,-0.2321,0.4051,15,auss,0.9873,0.9577,0.8709,,,
17,Batch_Cov_Trace,ICL,-0.7172,0.0026,15,auss,0.0121,0.0073,0.0531,*,**,
17,Batch_Cov_Trace,GCG,-0.0882,0.7546,15,auss,0.9451,0.9546,0.9786,,,
17,Batch_Cov_Trace,MIA,0.0786,0.7808,15,auss,0.9988,1.0000,0.9786,,,
17,Batch_Cov_Trace,MIA_MinK,-0.1364,0.6893,11,auss,0.9822,0.9762,0.9786,,,
17,Batch_Cov_Trace,MIA_Ref,-0.0545,0.8734,11,auss,0.9821,0.9434,0.9897,,,
17,Batch_Cov_Trace,MIA_Hidden,-0.0364,0.9155,11,auss,0.9958,0.9939,0.9907,,,
17,Batch_Cov_Trace,SPV_MIA,0.5982,0.0519,11,auss,0.0980,0.0970,0.2892,,,
17,Batch_Cov_TopEig,Steering,-0.1357,0.6296,15,auss,0.9873,0.9577,0.9786,,,
17,Batch_Cov_TopEig,ICL,-0.5995,0.0182,15,auss,0.0415,0.0274,0.1626,*,*,
17,Batch_Cov_TopEig,GCG,-0.1685,0.5482,15,auss,0.9451,0.9546,0.9522,,,
17,Batch_Cov_TopEig,MIA,-0.1500,0.5936,15,auss,0.9988,1.0000,0.9689,,,
17,Batch_Cov_TopEig,MIA_MinK,-0.1273,0.7092,11,auss,0.9822,0.9762,0.9786,,,
17,Batch_Cov_TopEig,MIA_Ref,-0.4000,0.2229,11,auss,0.9785,0.9390,0.6833,,,
17,Batch_Cov_TopEig,MIA_Hidden,-0.3455,0.2981,11,auss,0.9958,0.9939,0.7835,,,
17,Batch_Cov_TopEig,SPV_MIA,0.4703,0.1443,11,auss,0.2071,0.1810,0.5305,,,
17,Reg_S_alpha_2,Steering,0.0220,0.9432,13,entropy,0.9873,0.9858,0.9916,,,
17,Reg_S_alpha_2,ICL,-0.0536,0.8619,13,entropy,0.8735,0.8785,0.9897,,,
17,Reg_S_alpha_2,GCG,-0.0829,0.7877,13,entropy,0.9451,0.9080,0.9786,,,
17,Reg_S_alpha_2,MIA,0.3407,0.2547,13,entropy,0.9988,0.7011,0.7334,,,
17,Reg_S_alpha_2,MIA_MinK,-0.1500,0.7001,9,entropy,0.9822,0.9120,0.9786,,,
17,Reg_S_alpha_2,MIA_Ref,0.5333,0.1392,9,entropy,0.9785,0.9794,0.5195,,,
17,Reg_S_alpha_2,MIA_Hidden,0.1667,0.6682,9,entropy,0.9958,0.9847,0.9786,,,
17,Reg_S_alpha_2,SPV_MIA,0.1333,0.7324,9,entropy,0.7657,0.7642,0.9786,,,
17,Reg_MeanCos,Steering,0.0055,0.9858,13,entropy,0.9877,0.9858,0.9974,,,
17,Reg_MeanCos,ICL,0.1834,0.5486,13,entropy,0.6150,0.6800,0.9522,,,
17,Reg_MeanCos,GCG,0.2456,0.4186,13,entropy,0.8468,0.7674,0.8814,,,
17,Reg_MeanCos,MIA,-0.3242,0.2799,13,entropy,0.9988,0.7011,0.7672,,,
17,Reg_MeanCos,MIA_MinK,0.3167,0.4064,9,entropy,0.9822,0.9120,0.8709,,,
17,Reg_MeanCos,MIA_Ref,-0.4333,0.2440,9,entropy,0.9785,0.9794,0.7231,,,
17,Reg_MeanCos,MIA_Hidden,-0.4000,0.2861,9,entropy,0.9958,0.8210,0.7717,,,
17,Reg_MeanCos,SPV_MIA,-0.2833,0.4600,9,entropy,0.5623,0.6260,0.9136,,,
17,Reg_MeanL2,Steering,-0.2198,0.4706,13,entropy,0.9873,0.9858,0.9242,,,
17,Reg_MeanL2,ICL,0.2258,0.4583,13,entropy,0.5330,0.6020,0.9136,,,
17,Reg_MeanL2,GCG,-0.0447,0.8848,13,entropy,0.9633,0.9613,0.9907,,,
17,Reg_MeanL2,MIA,-0.0714,0.8166,13,entropy,0.9988,0.9252,0.9786,,,
17,Reg_MeanL2,MIA_MinK,0.7500,0.0199,9,entropy,0.6582,0.4876,0.1709,,,
17,Reg_MeanL2,MIA_Ref,0.3833,0.3085,9,entropy,0.9785,0.9794,0.8031,,,
17,Reg_MeanL2,MIA_Hidden,-0.6000,0.0876,9,entropy,0.6972,0.4131,0.3993,,,
17,Reg_MeanL2,SPV_MIA,0.4000,0.2861,9,entropy,0.3676,0.4105,0.7717,,,
17,AnonDiff_S_alpha_2,Steering,-0.0769,0.8028,13,entropy,0.9873,0.9858,0.9786,,,
17,AnonDiff_S_alpha_2,ICL,-0.4967,0.0843,13,entropy,0.1332,0.1854,0.3881,,,
17,AnonDiff_S_alpha_2,GCG,-0.4306,0.1418,13,entropy,0.4027,0.3344,0.5261,,,
17,AnonDiff_S_alpha_2,MIA,0.3022,0.3156,13,entropy,0.9988,0.7292,0.8094,,,
17,AnonDiff_S_alpha_2,MIA_MinK,-0.3667,0.3317,9,entropy,0.9822,0.9120,0.8176,,,
17,AnonDiff_S_alpha_2,MIA_Ref,0.3500,0.3558,9,entropy,0.9785,0.9794,0.8276,,,
17,AnonDiff_S_alpha_2,MIA_Hidden,0.1667,0.6682,9,entropy,0.9958,0.9847,0.9786,,,
17,AnonDiff_S_alpha_2,SPV_MIA,0.6333,0.0671,9,entropy,0.1173,0.1189,0.3406,,,
17,AnonDiff_MeanCos,Steering,0.1813,0.5533,13,entropy,0.9873,0.9858,0.9522,,,
17,AnonDiff_MeanCos,ICL,0.7083,0.0067,13,entropy,0.0233,0.0583,0.0952,*,,
17,AnonDiff_MeanCos,GCG,0.5072,0.0769,13,entropy,0.3007,0.2615,0.3567,,,
17,AnonDiff_MeanCos,MIA,-0.4011,0.1744,13,entropy,0.9988,0.7011,0.5882,,,
17,AnonDiff_MeanCos,MIA_MinK,0.1167,0.7650,9,entropy,0.9822,0.9120,0.9786,,,
17,AnonDiff_MeanCos,MIA_Ref,0.0000,1.0000,9,entropy,1.0000,1.0000,1.0000,,,
17,AnonDiff_MeanCos,MIA_Hidden,0.0167,0.9661,9,entropy,0.9958,0.9847,0.9916,,,
17,AnonDiff_MeanCos,SPV_MIA,-0.8833,0.0016,9,entropy,0.0137,0.0120,0.0464,*,*,*
17,AnonDiff_MeanL2,Steering,-0.0549,0.8585,13,entropy,0.9873,0.9858,0.9897,,,
17,AnonDiff_MeanL2,ICL,0.2878,0.3403,13,entropy,0.4130,0.4830,0.8195,,,
17,AnonDiff_MeanL2,GCG,0.1308,0.6702,13,entropy,0.9451,0.8674,0.9786,,,
17,AnonDiff_MeanL2,MIA,-0.4341,0.1383,13,entropy,0.9988,0.7011,0.5195,,,
17,AnonDiff_MeanL2,MIA_MinK,0.3167,0.4064,9,entropy,0.9822,0.9120,0.8709,,,
17,AnonDiff_MeanL2,MIA_Ref,-0.2833,0.4600,9,entropy,0.9785,0.9794,0.9136,,,
17,AnonDiff_MeanL2,MIA_Hidden,-0.7167,0.0298,9,entropy,0.5979,0.3680,0.2128,,,
17,AnonDiff_MeanL2,SPV_MIA,-0.1667,0.6682,9,entropy,0.7201,0.7171,0.9786,,,
17,NormAnonDiff_S_alpha_2,Steering,-0.1648,0.5905,13,entropy,0.9873,0.9858,0.9684,,,
17,NormAnonDiff_S_alpha_2,ICL,-0.6123,0.0261,13,entropy,0.0516,0.0919,0.1979,,,
17,NormAnonDiff_S_alpha_2,GCG,-0.5614,0.0459,13,entropy,0.2945,0.2615,0.2813,,,
17,NormAnonDiff_S_alpha_2,MIA,0.3736,0.2086,13,entropy,0.9988,0.7011,0.6649,,,
17,NormAnonDiff_S_alpha_2,MIA_MinK,-0.2167,0.5755,9,entropy,0.9822,0.9120,0.9586,,,
17,NormAnonDiff_S_alpha_2,MIA_Ref,0.1000,0.7980,9,entropy,0.9821,0.9885,0.9786,,,
17,NormAnonDiff_S_alpha_2,MIA_Hidden,0.2333,0.5457,9,entropy,0.9958,0.9847,0.9522,,,
17,NormAnonDiff_S_alpha_2,SPV_MIA,0.7833,0.0125,9,entropy,0.0452,0.0371,0.1346,*,*,
17,NormAnonDiff_MeanCos,Steering,0.1813,0.5533,13,entropy,0.9873,0.9858,0.9522,,,
17,NormAnonDiff_MeanCos,ICL,0.7083,0.0067,13,entropy,0.0233,0.0583,0.0952,*,,
17,NormAnonDiff_MeanCos,GCG,0.5072,0.0769,13,entropy,0.3007,0.2615,0.3567,,,
17,NormAnonDiff_MeanCos,MIA,-0.4011,0.1744,13,entropy,0.9988,0.7011,0.5882,,,
17,NormAnonDiff_MeanCos,MIA_MinK,0.1167,0.7650,9,entropy,0.9822,0.9120,0.9786,,,
17,NormAnonDiff_MeanCos,MIA_Ref,0.0000,1.0000,9,entropy,1.0000,1.0000,1.0000,,,
17,NormAnonDiff_MeanCos,MIA_Hidden,0.0167,0.9661,9,entropy,0.9958,0.9847,0.9916,,,
17,NormAnonDiff_MeanCos,SPV_MIA,-0.8833,0.0016,9,entropy,0.0137,0.0120,0.0464,*,*,*
18,Centroid_Norm,Steering,0.2321,0.4051,15,auss,0.9873,0.9577,0.8709,,,
18,Centroid_Norm,ICL,0.7135,0.0028,15,auss,0.0121,0.0075,0.0538,*,**,
18,Centroid_Norm,GCG,0.0647,0.8189,15,auss,0.9451,0.9546,0.9786,,,
18,Centroid_Norm,MIA,-0.1429,0.6115,15,auss,0.9988,1.0000,0.9774,,,
18,Centroid_Norm,MIA_MinK,0.1364,0.6893,11,auss,0.9822,0.9762,0.9786,,,
18,Centroid_Norm,MIA_Ref,0.0545,0.8734,11,auss,0.9821,0.9434,0.9897,,,
18,Centroid_Norm,MIA_Hidden,0.0364,0.9155,11,auss,0.9958,0.9939,0.9907,,,
18,Centroid_Norm,SPV_MIA,-0.5982,0.0519,11,auss,0.0980,0.0970,0.2892,,,
18,Global_Coherence,Steering,0.2321,0.4051,15,auss,0.9873,0.9577,0.8709,,,
18,Global_Coherence,ICL,0.7135,0.0028,15,auss,0.0121,0.0075,0.0538,*,**,
18,Global_Coherence,GCG,0.0647,0.8189,15,auss,0.9451,0.9546,0.9786,,,
18,Global_Coherence,MIA,-0.1429,0.6115,15,auss,0.9988,1.0000,0.9774,,,
18,Global_Coherence,MIA_MinK,0.1364,0.6893,11,auss,0.9822,0.9762,0.9786,,,
18,Global_Coherence,MIA_Ref,0.0545,0.8734,11,auss,0.9821,0.9434,0.9897,,,
18,Global_Coherence,MIA_Hidden,0.0364,0.9155,11,auss,0.9958,0.9939,0.9907,,,
18,Global_Coherence,SPV_MIA,-0.5982,0.0519,11,auss,0.0980,0.0970,0.2892,,,
18,Batch_SecondMoment_TopEig,Steering,0.2357,0.3977,15,auss,0.9873,0.9577,0.8709,,,
18,Batch_SecondMoment_TopEig,ICL,0.7319,0.0019,15,auss,0.0114,0.0069,0.0483,*,**,*
18,Batch_SecondMoment_TopEig,GCG,0.0647,0.8189,15,auss,0.9451,0.9546,0.9786,,,
18,Batch_SecondMoment_TopEig,MIA,-0.1821,0.5159,15,auss,0.9988,1.0000,0.9373,,,
18,Batch_SecondMoment_TopEig,MIA_MinK,0.1364,0.6893,11,auss,0.9822,0.9762,0.9786,,,
18,Batch_SecondMoment_TopEig,MIA_Ref,0.0545,0.8734,11,auss,0.9821,0.9434,0.9897,,,
18,Batch_SecondMoment_TopEig,MIA_Hidden,0.0364,0.9155,11,auss,0.9958,0.9939,0.9907,,,
18,Batch_SecondMoment_TopEig,SPV_MIA,-0.5982,0.0519,11,auss,0.0980,0.0970,0.2892,,,
18,AUSS_L2,Steering,-0.2321,0.4051,15,auss,0.9873,0.9577,0.8709,,,
18,AUSS_L2,ICL,-0.7135,0.0028,15,auss,0.0121,0.0075,0.0538,*,**,
18,AUSS_L2,GCG,-0.0647,0.8189,15,auss,0.9451,0.9546,0.9786,,,
18,AUSS_L2,MIA,0.1429,0.6115,15,auss,0.9988,1.0000,0.9774,,,
18,AUSS_L2,MIA_MinK,-0.1364,0.6893,11,auss,0.9822,0.9762,0.9786,,,
18,AUSS_L2,MIA_Ref,-0.0545,0.8734,11,auss,0.9821,0.9434,0.9897,,,
18,AUSS_L2,MIA_Hidden,-0.0364,0.9155,11,auss,0.9958,0.9939,0.9907,,,
18,AUSS_L2,SPV_MIA,0.5982,0.0519,11,auss,0.0980,0.0970,0.2892,,,
18,AUSS_Cos2,Steering,-0.2357,0.3977,15,auss,0.9873,0.9577,0.8709,,,
18,AUSS_Cos2,ICL,-0.7319,0.0019,15,auss,0.0114,0.0069,0.0483,*,**,*
18,AUSS_Cos2,GCG,-0.0647,0.8189,15,auss,0.9451,0.9546,0.9786,,,
18,AUSS_Cos2,MIA,0.1821,0.5159,15,auss,0.9988,1.0000,0.9373,,,
18,AUSS_Cos2,MIA_MinK,-0.1364,0.6893,11,auss,0.9822,0.9762,0.9786,,,
18,AUSS_Cos2,MIA_Ref,-0.0545,0.8734,11,auss,0.9821,0.9434,0.9897,,,
18,AUSS_Cos2,MIA_Hidden,-0.0364,0.9155,11,auss,0.9958,0.9939,0.9907,,,
18,AUSS_Cos2,SPV_MIA,0.5982,0.0519,11,auss,0.0980,0.0970,0.2892,,,
18,AUSS_Jac,Steering,-0.2214,0.4277,15,auss,0.9873,0.9577,0.8883,,,
18,AUSS_Jac,ICL,-0.1986,0.4779,15,auss,0.5522,0.4948,0.9318,,,
18,AUSS_Jac,GCG,0.0647,0.8189,15,auss,0.9451,0.9546,0.9786,,,
18,AUSS_Jac,MIA,0.0321,0.9095,15,auss,0.9988,1.0000,0.9907,,,
18,AUSS_Jac,MIA_MinK,-0.3182,0.3403,11,auss,0.9822,0.9762,0.8195,,,
18,AUSS_Jac,MIA_Ref,0.2182,0.5192,11,auss,0.9785,0.9434,0.9373,,,
18,AUSS_Jac,MIA_Hidden,0.2455,0.4669,11,auss,0.9958,0.9939,0.9203,,,
18,AUSS_Jac,SPV_MIA,-0.1187,0.7281,11,auss,0.7657,0.7628,0.9786,,,
18,Batch_Cov_Trace,Steering,-0.2321,0.4051,15,auss,0.9873,0.9577,0.8709,,,
18,Batch_Cov_Trace,ICL,-0.7135,0.0028,15,auss,0.0121,0.0075,0.0538,*,**,
18,Batch_Cov_Trace,GCG,-0.0647,0.8189,15,auss,0.9451,0.9546,0.9786,,,
18,Batch_Cov_Trace,MIA,0.1429,0.6115,15,auss,0.9988,1.0000,0.9774,,,
18,Batch_Cov_Trace,MIA_MinK,-0.1364,0.6893,11,auss,0.9822,0.9762,0.9786,,,
18,Batch_Cov_Trace,MIA_Ref,-0.0545,0.8734,11,auss,0.9821,0.9434,0.9897,,,
18,Batch_Cov_Trace,MIA_Hidden,-0.0364,0.9155,11,auss,0.9958,0.9939,0.9907,,,
18,Batch_Cov_Trace,SPV_MIA,0.5982,0.0519,11,auss,0.0980,0.0970,0.2892,,,
18,Batch_Cov_TopEig,Steering,-0.1250,0.6571,15,auss,0.9873,0.9577,0.9786,,,
18,Batch_Cov_TopEig,ICL,-0.5995,0.0182,15,auss,0.0415,0.0274,0.1626,*,*,
18,Batch_Cov_TopEig,GCG,-0.0666,0.8135,15,auss,0.9451,0.9546,0.9786,,,
18,Batch_Cov_TopEig,MIA,-0.2071,0.4588,15,auss,0.9988,1.0000,0.9136,,,
18,Batch_Cov_TopEig,MIA_MinK,-0.0545,0.8734,11,auss,0.9822,0.9762,0.9897,,,
18,Batch_Cov_TopEig,MIA_Ref,-0.4364,0.1797,11,auss,0.9785,0.9390,0.6003,,,
18,Batch_Cov_TopEig,MIA_Hidden,-0.4000,0.2229,11,auss,0.9958,0.9939,0.6833,,,
18,Batch_Cov_TopEig,SPV_MIA,0.4064,0.2149,11,auss,0.2899,0.2510,0.6724,,,
18,Reg_S_alpha_2,Steering,0.0220,0.9432,13,entropy,0.9873,0.9858,0.9916,,,
18,Reg_S_alpha_2,ICL,-0.0536,0.8619,13,entropy,0.8735,0.8785,0.9897,,,
18,Reg_S_alpha_2,GCG,-0.0829,0.7877,13,entropy,0.9451,0.9080,0.9786,,,
18,Reg_S_alpha_2,MIA,0.3407,0.2547,13,entropy,0.9988,0.7011,0.7334,,,
18,Reg_S_alpha_2,MIA_MinK,-0.1500,0.7001,9,entropy,0.9822,0.9120,0.9786,,,
18,Reg_S_alpha_2,MIA_Ref,0.5333,0.1392,9,entropy,0.9785,0.9794,0.5195,,,
18,Reg_S_alpha_2,MIA_Hidden,0.1667,0.6682,9,entropy,0.9958,0.9847,0.9786,,,
18,Reg_S_alpha_2,SPV_MIA,0.1333,0.7324,9,entropy,0.7657,0.7642,0.9786,,,
18,Reg_MeanCos,Steering,-0.0165,0.9574,13,entropy,0.9873,0.9858,0.9916,,,
18,Reg_MeanCos,ICL,0.2173,0.4758,13,entropy,0.5521,0.6218,0.9318,,,
18,Reg_MeanCos,GCG,0.2456,0.4186,13,entropy,0.8468,0.7674,0.8814,,,
18,Reg_MeanCos,MIA,-0.3187,0.2886,13,entropy,0.9988,0.7011,0.7774,,,
18,Reg_MeanCos,MIA_MinK,0.3167,0.4064,9,entropy,0.9822,0.9120,0.8709,,,
18,Reg_MeanCos,MIA_Ref,-0.4333,0.2440,9,entropy,0.9785,0.9794,0.7231,,,
18,Reg_MeanCos,MIA_Hidden,-0.4000,0.2861,9,entropy,0.9958,0.8210,0.7717,,,
18,Reg_MeanCos,SPV_MIA,-0.2833,0.4600,9,entropy,0.5623,0.6260,0.9136,,,
18,Reg_MeanL2,Steering,-0.2637,0.3839,13,entropy,0.9873,0.9858,0.8563,,,
18,Reg_MeanL2,ICL,0.1834,0.5486,13,entropy,0.6150,0.6800,0.9522,,,
18,Reg_MeanL2,GCG,-0.0829,0.7877,13,entropy,0.9451,0.9080,0.9786,,,
18,Reg_MeanL2,MIA,-0.0330,0.9149,13,entropy,0.9988,0.9618,0.9907,,,
18,Reg_MeanL2,MIA_MinK,0.7500,0.0199,9,entropy,0.6582,0.4876,0.1709,,,
18,Reg_MeanL2,MIA_Ref,0.3833,0.3085,9,entropy,0.9785,0.9794,0.8031,,,
18,Reg_MeanL2,MIA_Hidden,-0.6000,0.0876,9,entropy,0.6972,0.4131,0.3993,,,
18,Reg_MeanL2,SPV_MIA,0.4000,0.2861,9,entropy,0.3676,0.4105,0.7717,,,
18,AnonDiff_S_alpha_2,Steering,0.0165,0.9574,13,entropy,0.9873,0.9858,0.9916,,,
18,AnonDiff_S_alpha_2,ICL,-0.5108,0.0745,13,entropy,0.1199,0.1710,0.3567,,,
18,AnonDiff_S_alpha_2,GCG,-0.4083,0.1660,13,entropy,0.4383,0.3681,0.5807,,,
18,AnonDiff_S_alpha_2,MIA,0.2253,0.4593,13,entropy,0.9988,0.7484,0.9136,,,
18,AnonDiff_S_alpha_2,MIA_MinK,-0.4833,0.1875,9,entropy,0.9822,0.9120,0.6175,,,
18,AnonDiff_S_alpha_2,MIA_Ref,0.3167,0.4064,9,entropy,0.9785,0.9794,0.8709,,,
18,AnonDiff_S_alpha_2,MIA_Hidden,0.2500,0.5165,9,entropy,0.9958,0.9847,0.9373,,,
18,AnonDiff_S_alpha_2,SPV_MIA,0.6000,0.0876,9,entropy,0.1424,0.1522,0.3993,,,
18,AnonDiff_MeanCos,Steering,0.1648,0.5905,13,entropy,0.9873,0.9858,0.9684,,,
18,AnonDiff_MeanCos,ICL,0.7224,0.0053,13,entropy,0.0190,0.0537,0.0809,*,,
18,AnonDiff_MeanCos,GCG,0.5072,0.0769,13,entropy,0.3007,0.2615,0.3567,,,
18,AnonDiff_MeanCos,MIA,-0.4066,0.1680,13,entropy,0.9988,0.7011,0.5807,,,
18,AnonDiff_MeanCos,MIA_MinK,0.1167,0.7650,9,entropy,0.9822,0.9120,0.9786,,,
18,AnonDiff_MeanCos,MIA_Ref,0.0000,1.0000,9,entropy,1.0000,1.0000,1.0000,,,
18,AnonDiff_MeanCos,MIA_Hidden,0.0167,0.9661,9,entropy,0.9958,0.9847,0.9916,,,
18,AnonDiff_MeanCos,SPV_MIA,-0.8833,0.0016,9,entropy,0.0137,0.0120,0.0464,*,*,*
18,AnonDiff_MeanL2,Steering,-0.0769,0.8028,13,entropy,0.9873,0.9858,0.9786,,,
18,AnonDiff_MeanL2,ICL,0.3245,0.2793,13,entropy,0.3520,0.4338,0.7662,,,
18,AnonDiff_MeanL2,GCG,0.1467,0.6324,13,entropy,0.9451,0.8674,0.9786,,,
18,AnonDiff_MeanL2,MIA,-0.3791,0.2014,13,entropy,0.9988,0.7011,0.6484,,,
18,AnonDiff_MeanL2,MIA_MinK,0.4333,0.2440,9,entropy,0.9822,0.9120,0.7231,,,
18,AnonDiff_MeanL2,MIA_Ref,-0.1667,0.6682,9,entropy,0.9821,0.9885,0.9786,,,
18,AnonDiff_MeanL2,MIA_Hidden,-0.7500,0.0199,9,entropy,0.5979,0.3680,0.1709,,,
18,AnonDiff_MeanL2,SPV_MIA,-0.1333,0.7324,9,entropy,0.7657,0.7642,0.9786,,,
18,NormAnonDiff_S_alpha_2,Steering,-0.1429,0.6415,13,entropy,0.9873,0.9858,0.9786,,,
18,NormAnonDiff_S_alpha_2,ICL,-0.5926,0.0328,13,entropy,0.0617,0.1019,0.2295,,,
18,NormAnonDiff_S_alpha_2,GCG,-0.5231,0.0666,13,entropy,0.3007,0.2615,0.3406,,,
18,NormAnonDiff_S_alpha_2,MIA,0.3791,0.2014,13,entropy,0.9988,0.7011,0.6484,,,
18,NormAnonDiff_S_alpha_2,MIA_MinK,-0.3000,0.4328,9,entropy,0.9822,0.9120,0.8883,,,
18,NormAnonDiff_S_alpha_2,MIA_Ref,0.1500,0.7001,9,entropy,0.9821,0.9885,0.9786,,,
18,NormAnonDiff_S_alpha_2,MIA_Hidden,0.2000,0.6059,9,entropy,0.9958,0.9847,0.9731,,,
18,NormAnonDiff_S_alpha_2,SPV_MIA,0.7667,0.0159,9,entropy,0.0470,0.0383,0.1464,*,*,
18,NormAnonDiff_MeanCos,Steering,0.1648,0.5905,13,entropy,0.9873,0.9858,0.9684,,,
18,NormAnonDiff_MeanCos,ICL,0.7224,0.0053,13,entropy,0.0190,0.0537,0.0809,*,,
18,NormAnonDiff_MeanCos,GCG,0.5072,0.0769,13,entropy,0.3007,0.2615,0.3567,,,
18,NormAnonDiff_MeanCos,MIA,-0.4066,0.1680,13,entropy,0.9988,0.7011,0.5807,,,
18,NormAnonDiff_MeanCos,MIA_MinK,0.1167,0.7650,9,entropy,0.9822,0.9120,0.9786,,,
18,NormAnonDiff_MeanCos,MIA_Ref,0.0000,1.0000,9,entropy,1.0000,1.0000,1.0000,,,
18,NormAnonDiff_MeanCos,MIA_Hidden,0.0167,0.9661,9,entropy,0.9958,0.9847,0.9916,,,
18,NormAnonDiff_MeanCos,SPV_MIA,-0.8833,0.0016,9,entropy,0.0137,0.0120,0.0464,*,*,*
19,Centroid_Norm,Steering,0.1464,0.6025,15,auss,0.9873,0.9577,0.9731,,,
19,Centroid_Norm,ICL,0.7871,0.0005,15,auss,0.0112,0.0069,0.0369,*,**,*
19,Centroid_Norm,GCG,0.0745,0.7920,15,auss,0.9451,0.9546,0.9786,,,
19,Centroid_Norm,MIA,-0.0929,0.7420,15,auss,0.9988,1.0000,0.9786,,,
19,Centroid_Norm,MIA_MinK,0.2091,0.5372,11,auss,0.9822,0.9762,0.9499,,,
19,Centroid_Norm,MIA_Ref,0.2364,0.4841,11,auss,0.9785,0.9390,0.9318,,,
19,Centroid_Norm,MIA_Hidden,-0.0273,0.9366,11,auss,0.9958,0.9939,0.9907,,,
19,Centroid_Norm,SPV_MIA,-0.6621,0.0265,11,auss,0.0672,0.0822,0.1981,,,
19,Global_Coherence,Steering,0.1464,0.6025,15,auss,0.9873,0.9577,0.9731,,,
19,Global_Coherence,ICL,0.7871,0.0005,15,auss,0.0112,0.0069,0.0369,*,**,*
19,Global_Coherence,GCG,0.0745,0.7920,15,auss,0.9451,0.9546,0.9786,,,
19,Global_Coherence,MIA,-0.0929,0.7420,15,auss,0.9988,1.0000,0.9786,,,
19,Global_Coherence,MIA_MinK,0.2091,0.5372,11,auss,0.9822,0.9762,0.9499,,,
19,Global_Coherence,MIA_Ref,0.2364,0.4841,11,auss,0.9785,0.9390,0.9318,,,
19,Global_Coherence,MIA_Hidden,-0.0273,0.9366,11,auss,0.9958,0.9939,0.9907,,,
19,Global_Coherence,SPV_MIA,-0.6621,0.0265,11,auss,0.0672,0.0822,0.1981,,,
19,Batch_SecondMoment_TopEig,Steering,0.1464,0.6025,15,auss,0.9873,0.9577,0.9731,,,
19,Batch_SecondMoment_TopEig,ICL,0.7871,0.0005,15,auss,0.0112,0.0069,0.0369,*,**,*
19,Batch_SecondMoment_TopEig,GCG,0.0745,0.7920,15,auss,0.9451,0.9546,0.9786,,,
19,Batch_SecondMoment_TopEig,MIA,-0.0929,0.7420,15,auss,0.9988,1.0000,0.9786,,,
19,Batch_SecondMoment_TopEig,MIA_MinK,0.2091,0.5372,11,auss,0.9822,0.9762,0.9499,,,
19,Batch_SecondMoment_TopEig,MIA_Ref,0.2364,0.4841,11,auss,0.9785,0.9390,0.9318,,,
19,Batch_SecondMoment_TopEig,MIA_Hidden,-0.0273,0.9366,11,auss,0.9958,0.9939,0.9907,,,
19,Batch_SecondMoment_TopEig,SPV_MIA,-0.6621,0.0265,11,auss,0.0672,0.0822,0.1981,,,
19,AUSS_L2,Steering,-0.1464,0.6025,15,auss,0.9873,0.9577,0.9731,,,
19,AUSS_L2,ICL,-0.7871,0.0005,15,auss,0.0112,0.0069,0.0369,*,**,*
19,AUSS_L2,GCG,-0.0745,0.7920,15,auss,0.9451,0.9546,0.9786,,,
19,AUSS_L2,MIA,0.0929,0.7420,15,auss,0.9988,1.0000,0.9786,,,
19,AUSS_L2,MIA_MinK,-0.2091,0.5372,11,auss,0.9822,0.9762,0.9499,,,
19,AUSS_L2,MIA_Ref,-0.2364,0.4841,11,auss,0.9785,0.9390,0.9318,,,
19,AUSS_L2,MIA_Hidden,0.0273,0.9366,11,auss,0.9958,0.9939,0.9907,,,
19,AUSS_L2,SPV_MIA,0.6621,0.0265,11,auss,0.0672,0.0822,0.1981,,,
19,AUSS_Cos2,Steering,-0.1464,0.6025,15,auss,0.9873,0.9577,0.9731,,,
19,AUSS_Cos2,ICL,-0.7871,0.0005,15,auss,0.0112,0.0069,0.0369,*,**,*
19,AUSS_Cos2,GCG,-0.0745,0.7920,15,auss,0.9451,0.9546,0.9786,,,
19,AUSS_Cos2,MIA,0.0929,0.7420,15,auss,0.9988,1.0000,0.9786,,,
19,AUSS_Cos2,MIA_MinK,-0.2091,0.5372,11,auss,0.9822,0.9762,0.9499,,,
19,AUSS_Cos2,MIA_Ref,-0.2364,0.4841,11,auss,0.9785,0.9390,0.9318,,,
19,AUSS_Cos2,MIA_Hidden,0.0273,0.9366,11,auss,0.9958,0.9939,0.9907,,,
19,AUSS_Cos2,SPV_MIA,0.6621,0.0265,11,auss,0.0672,0.0822,0.1981,,,
19,AUSS_Jac,Steering,-0.2536,0.3618,15,auss,0.9873,0.9577,0.8361,,,
19,AUSS_Jac,ICL,-0.1986,0.4779,15,auss,0.5522,0.4948,0.9318,,,
19,AUSS_Jac,GCG,0.0412,0.8842,15,auss,0.9633,0.9646,0.9907,,,
19,AUSS_Jac,MIA,0.0250,0.9295,15,auss,0.9988,1.0000,0.9907,,,
19,AUSS_Jac,MIA_MinK,-0.3273,0.3259,11,auss,0.9822,0.9762,0.8163,,,
19,AUSS_Jac,MIA_Ref,0.2636,0.4334,11,auss,0.9785,0.9390,0.8883,,,
19,AUSS_Jac,MIA_Hidden,0.3273,0.3259,11,auss,0.9958,0.9939,0.8163,,,
19,AUSS_Jac,SPV_MIA,-0.0457,0.8939,11,auss,0.9042,0.9147,0.9907,,,
19,Batch_Cov_Trace,Steering,-0.1464,0.6025,15,auss,0.9873,0.9577,0.9731,,,
19,Batch_Cov_Trace,ICL,-0.7871,0.0005,15,auss,0.0112,0.0069,0.0369,*,**,*
19,Batch_Cov_Trace,GCG,-0.0745,0.7920,15,auss,0.9451,0.9546,0.9786,,,
19,Batch_Cov_Trace,MIA,0.0929,0.7420,15,auss,0.9988,1.0000,0.9786,,,
19,Batch_Cov_Trace,MIA_MinK,-0.2091,0.5372,11,auss,0.9822,0.9762,0.9499,,,
19,Batch_Cov_Trace,MIA_Ref,-0.2364,0.4841,11,auss,0.9785,0.9390,0.9318,,,
19,Batch_Cov_Trace,MIA_Hidden,0.0273,0.9366,11,auss,0.9958,0.9939,0.9907,,,
19,Batch_Cov_Trace,SPV_MIA,0.6621,0.0265,11,auss,0.0672,0.0822,0.1981,,,
19,Batch_Cov_TopEig,Steering,-0.1893,0.4993,15,auss,0.9873,0.9577,0.9373,,,
19,Batch_Cov_TopEig,ICL,-0.5848,0.0220,15,auss,0.0453,0.0306,0.1807,*,*,
19,Batch_Cov_TopEig,GCG,-0.0176,0.9503,15,auss,0.9792,0.9724,0.9916,,,
19,Batch_Cov_TopEig,MIA,-0.1071,0.7039,15,auss,0.9988,1.0000,0.9786,,,
19,Batch_Cov_TopEig,MIA_MinK,-0.0273,0.9366,11,auss,0.9822,0.9762,0.9907,,,
19,Batch_Cov_TopEig,MIA_Ref,-0.4000,0.2229,11,auss,0.9785,0.9390,0.6833,,,
19,Batch_Cov_TopEig,MIA_Hidden,-0.3636,0.2716,11,auss,0.9958,0.9939,0.7465,,,
19,Batch_Cov_TopEig,SPV_MIA,0.5069,0.1116,11,auss,0.1733,0.1567,0.4614,,,
19,Reg_S_alpha_2,Steering,0.0220,0.9432,13,entropy,0.9873,0.9858,0.9916,,,
19,Reg_S_alpha_2,ICL,-0.1242,0.6861,13,entropy,0.7260,0.7579,0.9786,,,
19,Reg_S_alpha_2,GCG,-0.1372,0.6550,13,entropy,0.9451,0.8674,0.9786,,,
19,Reg_S_alpha_2,MIA,0.3407,0.2547,13,entropy,0.9988,0.7011,0.7334,,,
19,Reg_S_alpha_2,MIA_MinK,-0.1667,0.6682,9,entropy,0.9822,0.9120,0.9786,,,
19,Reg_S_alpha_2,MIA_Ref,0.5500,0.1250,9,entropy,0.9785,0.9794,0.4879,,,
19,Reg_S_alpha_2,MIA_Hidden,0.1833,0.6368,9,entropy,0.9958,0.9847,0.9786,,,
19,Reg_S_alpha_2,SPV_MIA,0.1833,0.6368,9,entropy,0.7064,0.7154,0.9786,,,
19,Reg_MeanCos,Steering,-0.0055,0.9858,13,entropy,0.9877,0.9858,0.9974,,,
19,Reg_MeanCos,ICL,0.1608,0.5996,13,entropy,0.6596,0.7144,0.9731,,,
19,Reg_MeanCos,GCG,0.1914,0.5311,13,entropy,0.9451,0.8655,0.9473,,,
19,Reg_MeanCos,MIA,-0.3352,0.2629,13,entropy,0.9988,0.7011,0.7422,,,
19,Reg_MeanCos,MIA_MinK,0.2667,0.4879,9,entropy,0.9822,0.9120,0.9318,,,
19,Reg_MeanCos,MIA_Ref,-0.5000,0.1705,9,entropy,0.9785,0.9794,0.5807,,,
19,Reg_MeanCos,MIA_Hidden,-0.2667,0.4879,9,entropy,0.9958,0.9847,0.9318,,,
19,Reg_MeanCos,SPV_MIA,-0.2500,0.5165,9,entropy,0.6124,0.6619,0.9373,,,
19,Reg_MeanL2,Steering,-0.2473,0.4154,13,entropy,0.9873,0.9858,0.8797,,,
19,Reg_MeanL2,ICL,0.1834,0.5486,13,entropy,0.6150,0.6800,0.9522,,,
19,Reg_MeanL2,GCG,-0.0829,0.7877,13,entropy,0.9451,0.9080,0.9786,,,
19,Reg_MeanL2,MIA,-0.0659,0.8305,13,entropy,0.9988,0.9252,0.9786,,,
19,Reg_MeanL2,MIA_MinK,0.7333,0.0246,9,entropy,0.6582,0.4876,0.1893,,,
19,Reg_MeanL2,MIA_Ref,0.3500,0.3558,9,entropy,0.9785,0.9794,0.8276,,,
19,Reg_MeanL2,MIA_Hidden,-0.6833,0.0424,9,entropy,0.6403,0.3761,0.2712,,,
19,Reg_MeanL2,SPV_MIA,0.4500,0.2242,9,entropy,0.2997,0.3503,0.6833,,,
19,AnonDiff_S_alpha_2,Steering,0.0824,0.7890,13,entropy,0.9873,0.9858,0.9786,,,
19,AnonDiff_S_alpha_2,ICL,-0.4797,0.0971,13,entropy,0.1504,0.2013,0.4217,,,
19,AnonDiff_S_alpha_2,GCG,-0.3700,0.2133,13,entropy,0.5364,0.4542,0.6724,,,
19,AnonDiff_S_alpha_2,MIA,0.1758,0.5656,13,entropy,0.9988,0.7985,0.9586,,,
19,AnonDiff_S_alpha_2,MIA_MinK,-0.6667,0.0499,9,entropy,0.6582,0.4876,0.2877,,,
19,AnonDiff_S_alpha_2,MIA_Ref,0.1000,0.7980,9,entropy,0.9821,0.9885,0.9786,,,
19,AnonDiff_S_alpha_2,MIA_Hidden,0.4667,0.2054,9,entropy,0.9958,0.6845,0.6582,,,
19,AnonDiff_S_alpha_2,SPV_MIA,0.4667,0.2054,9,entropy,0.2795,0.3306,0.6582,,,
19,AnonDiff_MeanCos,Steering,0.1374,0.6545,13,entropy,0.9873,0.9858,0.9786,,,
19,AnonDiff_MeanCos,ICL,0.6914,0.0089,13,entropy,0.0282,0.0688,0.1138,*,,
19,AnonDiff_MeanCos,GCG,0.5072,0.0769,13,entropy,0.3007,0.2615,0.3567,,,
19,AnonDiff_MeanCos,MIA,-0.3626,0.2233,13,entropy,0.9988,0.7011,0.6833,,,
19,AnonDiff_MeanCos,MIA_MinK,0.0833,0.8312,9,entropy,0.9822,0.9259,0.9786,,,
19,AnonDiff_MeanCos,MIA_Ref,0.0833,0.8312,9,entropy,0.9821,0.9885,0.9786,,,
19,AnonDiff_MeanCos,MIA_Hidden,-0.0500,0.8984,9,entropy,0.9958,0.9847,0.9907,,,
19,AnonDiff_MeanCos,SPV_MIA,-0.9333,0.0002,9,entropy,0.0064,0.0035,0.0369,**,**,*
19,AnonDiff_MeanL2,Steering,-0.0549,0.8585,13,entropy,0.9873,0.9858,0.9897,,,
19,AnonDiff_MeanL2,ICL,0.2878,0.3403,13,entropy,0.4130,0.4830,0.8195,,,
19,AnonDiff_MeanL2,GCG,0.1308,0.6702,13,entropy,0.9451,0.8674,0.9786,,,
19,AnonDiff_MeanL2,MIA,-0.4341,0.1383,13,entropy,0.9988,0.7011,0.5195,,,
19,AnonDiff_MeanL2,MIA_MinK,0.3167,0.4064,9,entropy,0.9822,0.9120,0.8709,,,
19,AnonDiff_MeanL2,MIA_Ref,-0.2833,0.4600,9,entropy,0.9785,0.9794,0.9136,,,
19,AnonDiff_MeanL2,MIA_Hidden,-0.7167,0.0298,9,entropy,0.5979,0.3680,0.2128,,,
19,AnonDiff_MeanL2,SPV_MIA,-0.1667,0.6682,9,entropy,0.7201,0.7171,0.9786,,,
19,NormAnonDiff_S_alpha_2,Steering,-0.0440,0.8866,13,entropy,0.9873,0.9858,0.9907,,,
19,NormAnonDiff_S_alpha_2,ICL,-0.5841,0.0361,13,entropy,0.0663,0.1046,0.2392,,,
19,NormAnonDiff_S_alpha_2,GCG,-0.5231,0.0666,13,entropy,0.3007,0.2615,0.3406,,,
19,NormAnonDiff_S_alpha_2,MIA,0.2363,0.4371,13,entropy,0.9988,0.7484,0.8935,,,
19,NormAnonDiff_S_alpha_2,MIA_MinK,-0.3500,0.3558,9,entropy,0.9822,0.9120,0.8276,,,
19,NormAnonDiff_S_alpha_2,MIA_Ref,0.0333,0.9322,9,entropy,0.9920,1.0000,0.9907,,,
19,NormAnonDiff_S_alpha_2,MIA_Hidden,0.2333,0.5457,9,entropy,0.9958,0.9847,0.9522,,,
19,NormAnonDiff_S_alpha_2,SPV_MIA,0.8000,0.0096,9,entropy,0.0379,0.0318,0.1182,*,*,
19,NormAnonDiff_MeanCos,Steering,0.1374,0.6545,13,entropy,0.9873,0.9858,0.9786,,,
19,NormAnonDiff_MeanCos,ICL,0.6914,0.0089,13,entropy,0.0282,0.0688,0.1138,*,,
19,NormAnonDiff_MeanCos,GCG,0.5072,0.0769,13,entropy,0.3007,0.2615,0.3567,,,
19,NormAnonDiff_MeanCos,MIA,-0.3626,0.2233,13,entropy,0.9988,0.7011,0.6833,,,
19,NormAnonDiff_MeanCos,MIA_MinK,0.0833,0.8312,9,entropy,0.9822,0.9259,0.9786,,,
19,NormAnonDiff_MeanCos,MIA_Ref,0.0833,0.8312,9,entropy,0.9821,0.9885,0.9786,,,
19,NormAnonDiff_MeanCos,MIA_Hidden,-0.0500,0.8984,9,entropy,0.9958,0.9847,0.9907,,,
19,NormAnonDiff_MeanCos,SPV_MIA,-0.9333,0.0002,9,entropy,0.0064,0.0035,0.0369,**,**,*
20,Centroid_Norm,Steering,0.2107,0.4510,15,auss,0.9873,0.9577,0.9101,,,
20,Centroid_Norm,ICL,0.7503,0.0013,15,auss,0.0112,0.0069,0.0464,*,**,*
20,Centroid_Norm,GCG,0.1607,0.5673,15,auss,0.9451,0.9546,0.9586,,,
20,Centroid_Norm,MIA,0.0214,0.9396,15,auss,0.9988,1.0000,0.9907,,,
20,Centroid_Norm,MIA_MinK,0.1091,0.7495,11,auss,0.9822,0.9762,0.9786,,,
20,Centroid_Norm,MIA_Ref,0.3000,0.3701,11,auss,0.9785,0.9390,0.8482,,,
20,Centroid_Norm,MIA_Hidden,-0.0182,0.9577,11,auss,0.9958,0.9939,0.9916,,,
20,Centroid_Norm,SPV_MIA,-0.5936,0.0542,11,auss,0.1004,0.0980,0.2988,,,
20,Global_Coherence,Steering,0.2107,0.4510,15,auss,0.9873,0.9577,0.9101,,,
20,Global_Coherence,ICL,0.7503,0.0013,15,auss,0.0112,0.0069,0.0464,*,**,*
20,Global_Coherence,GCG,0.1607,0.5673,15,auss,0.9451,0.9546,0.9586,,,
20,Global_Coherence,MIA,0.0214,0.9396,15,auss,0.9988,1.0000,0.9907,,,
20,Global_Coherence,MIA_MinK,0.1091,0.7495,11,auss,0.9822,0.9762,0.9786,,,
20,Global_Coherence,MIA_Ref,0.3000,0.3701,11,auss,0.9785,0.9390,0.8482,,,
20,Global_Coherence,MIA_Hidden,-0.0182,0.9577,11,auss,0.9958,0.9939,0.9916,,,
20,Global_Coherence,SPV_MIA,-0.5936,0.0542,11,auss,0.1004,0.0980,0.2988,,,
20,Batch_SecondMoment_TopEig,Steering,0.2000,0.4748,15,auss,0.9873,0.9577,0.9318,,,
20,Batch_SecondMoment_TopEig,ICL,0.7797,0.0006,15,auss,0.0112,0.0069,0.0414,*,**,*
20,Batch_SecondMoment_TopEig,GCG,0.1607,0.5673,15,auss,0.9451,0.9546,0.9586,,,
20,Batch_SecondMoment_TopEig,MIA,-0.0036,0.9899,15,auss,1.0000,1.0000,1.0000,,,
20,Batch_SecondMoment_TopEig,MIA_MinK,0.1818,0.5926,11,auss,0.9822,0.9762,0.9684,,,
20,Batch_SecondMoment_TopEig,MIA_Ref,0.2455,0.4669,11,auss,0.9785,0.9390,0.9203,,,
20,Batch_SecondMoment_TopEig,MIA_Hidden,-0.0364,0.9155,11,auss,0.9958,0.9939,0.9907,,,
20,Batch_SecondMoment_TopEig,SPV_MIA,-0.6164,0.0434,11,auss,0.0959,0.0970,0.2712,,,
20,AUSS_L2,Steering,-0.2107,0.4510,15,auss,0.9873,0.9577,0.9101,,,
20,AUSS_L2,ICL,-0.7503,0.0013,15,auss,0.0112,0.0069,0.0464,*,**,*
20,AUSS_L2,GCG,-0.1607,0.5673,15,auss,0.9451,0.9546,0.9586,,,
20,AUSS_L2,MIA,-0.0214,0.9396,15,auss,0.9988,1.0000,0.9907,,,
20,AUSS_L2,MIA_MinK,-0.1091,0.7495,11,auss,0.9822,0.9762,0.9786,,,
20,AUSS_L2,MIA_Ref,-0.3000,0.3701,11,auss,0.9785,0.9390,0.8482,,,
20,AUSS_L2,MIA_Hidden,0.0182,0.9577,11,auss,0.9958,0.9939,0.9916,,,
20,AUSS_L2,SPV_MIA,0.5936,0.0542,11,auss,0.1004,0.0980,0.2988,,,
20,AUSS_Cos2,Steering,-0.1893,0.4993,15,auss,0.9873,0.9577,0.9373,,,
20,AUSS_Cos2,ICL,-0.7650,0.0009,15,auss,0.0112,0.0069,0.0464,*,**,*
20,AUSS_Cos2,GCG,-0.1215,0.6662,15,auss,0.9451,0.9546,0.9786,,,
20,AUSS_Cos2,MIA,0.0357,0.8994,15,auss,0.9988,1.0000,0.9907,,,
20,AUSS_Cos2,MIA_MinK,-0.1818,0.5926,11,auss,0.9822,0.9762,0.9684,,,
20,AUSS_Cos2,MIA_Ref,-0.2455,0.4669,11,auss,0.9785,0.9390,0.9203,,,
20,AUSS_Cos2,MIA_Hidden,0.0364,0.9155,11,auss,0.9958,0.9939,0.9907,,,
20,AUSS_Cos2,SPV_MIA,0.6164,0.0434,11,auss,0.0959,0.0970,0.2712,,,
20,AUSS_Jac,Steering,-0.2286,0.4126,15,auss,0.9873,0.9577,0.8797,,,
20,AUSS_Jac,ICL,-0.2170,0.4372,15,auss,0.5096,0.4562,0.8935,,,
20,AUSS_Jac,GCG,-0.0216,0.9392,15,auss,0.9762,0.9705,0.9907,,,
20,AUSS_Jac,MIA,-0.0179,0.9496,15,auss,0.9988,1.0000,0.9916,,,
20,AUSS_Jac,MIA_MinK,-0.4455,0.1697,11,auss,0.9822,0.9762,0.5807,,,
20,AUSS_Jac,MIA_Ref,0.1091,0.7495,11,auss,0.9821,0.9434,0.9786,,,
20,AUSS_Jac,MIA_Hidden,0.3727,0.2589,11,auss,0.9958,0.9939,0.7422,,,
20,AUSS_Jac,SPV_MIA,0.0091,0.9787,11,auss,0.9806,0.9825,0.9952,,,
20,Batch_Cov_Trace,Steering,-0.2107,0.4510,15,auss,0.9873,0.9577,0.9101,,,
20,Batch_Cov_Trace,ICL,-0.7503,0.0013,15,auss,0.0112,0.0069,0.0464,*,**,*
20,Batch_Cov_Trace,GCG,-0.1607,0.5673,15,auss,0.9451,0.9546,0.9586,,,
20,Batch_Cov_Trace,MIA,-0.0214,0.9396,15,auss,0.9988,1.0000,0.9907,,,
20,Batch_Cov_Trace,MIA_MinK,-0.1091,0.7495,11,auss,0.9822,0.9762,0.9786,,,
20,Batch_Cov_Trace,MIA_Ref,-0.3000,0.3701,11,auss,0.9785,0.9390,0.8482,,,
20,Batch_Cov_Trace,MIA_Hidden,0.0182,0.9577,11,auss,0.9958,0.9939,0.9916,,,
20,Batch_Cov_Trace,SPV_MIA,0.5936,0.0542,11,auss,0.1004,0.0980,0.2988,,,
20,Batch_Cov_TopEig,Steering,-0.2786,0.3147,15,auss,0.9873,0.9577,0.8094,,,
20,Batch_Cov_TopEig,ICL,-0.5701,0.0265,15,auss,0.0520,0.0361,0.1981,,*,
20,Batch_Cov_TopEig,GCG,-0.1587,0.5720,15,auss,0.9451,0.9546,0.9586,,,
20,Batch_Cov_TopEig,MIA,-0.1107,0.6945,15,auss,0.9988,1.0000,0.9786,,,
20,Batch_Cov_TopEig,MIA_MinK,-0.0455,0.8944,11,auss,0.9822,0.9762,0.9907,,,
20,Batch_Cov_TopEig,MIA_Ref,-0.4455,0.1697,11,auss,0.9785,0.9390,0.5807,,,
20,Batch_Cov_TopEig,MIA_Hidden,-0.3727,0.2589,11,auss,0.9958,0.9939,0.7422,,,
20,Batch_Cov_TopEig,SPV_MIA,0.4292,0.1877,11,auss,0.2561,0.2212,0.6175,,,
20,Reg_S_alpha_2,Steering,-0.0330,0.9149,13,entropy,0.9873,0.9858,0.9907,,,
20,Reg_S_alpha_2,ICL,-0.1298,0.6725,13,entropy,0.7219,0.7553,0.9786,,,
20,Reg_S_alpha_2,GCG,-0.0829,0.7877,13,entropy,0.9451,0.9080,0.9786,,,
20,Reg_S_alpha_2,MIA,0.4725,0.1030,13,entropy,0.9988,0.7011,0.4416,,,
20,Reg_S_alpha_2,MIA_MinK,-0.1667,0.6682,9,entropy,0.9822,0.9120,0.9786,,,
20,Reg_S_alpha_2,MIA_Ref,0.5500,0.1250,9,entropy,0.9785,0.9794,0.4879,,,
20,Reg_S_alpha_2,MIA_Hidden,0.1833,0.6368,9,entropy,0.9958,0.9847,0.9786,,,
20,Reg_S_alpha_2,SPV_MIA,0.1833,0.6368,9,entropy,0.7064,0.7154,0.9786,,,
20,Reg_MeanCos,Steering,0.0220,0.9432,13,entropy,0.9873,0.9858,0.9916,,,
20,Reg_MeanCos,ICL,0.1750,0.5675,13,entropy,0.6295,0.6873,0.9586,,,
20,Reg_MeanCos,GCG,0.1914,0.5311,13,entropy,0.9451,0.8655,0.9473,,,
20,Reg_MeanCos,MIA,-0.3846,0.1944,13,entropy,0.9988,0.7011,0.6317,,,
20,Reg_MeanCos,MIA_MinK,0.2667,0.4879,9,entropy,0.9822,0.9120,0.9318,,,
20,Reg_MeanCos,MIA_Ref,-0.5000,0.1705,9,entropy,0.9785,0.9794,0.5807,,,
20,Reg_MeanCos,MIA_Hidden,-0.2667,0.4879,9,entropy,0.9958,0.9847,0.9318,,,
20,Reg_MeanCos,SPV_MIA,-0.2500,0.5165,9,entropy,0.6124,0.6619,0.9373,,,
20,Reg_MeanL2,Steering,-0.2473,0.4154,13,entropy,0.9873,0.9858,0.8797,,,
20,Reg_MeanL2,ICL,0.1834,0.5486,13,entropy,0.6150,0.6800,0.9522,,,
20,Reg_MeanL2,GCG,-0.0829,0.7877,13,entropy,0.9451,0.9080,0.9786,,,
20,Reg_MeanL2,MIA,-0.0659,0.8305,13,entropy,0.9988,0.9252,0.9786,,,
20,Reg_MeanL2,MIA_MinK,0.7333,0.0246,9,entropy,0.6582,0.4876,0.1893,,,
20,Reg_MeanL2,MIA_Ref,0.3500,0.3558,9,entropy,0.9785,0.9794,0.8276,,,
20,Reg_MeanL2,MIA_Hidden,-0.6833,0.0424,9,entropy,0.6403,0.3761,0.2712,,,
20,Reg_MeanL2,SPV_MIA,0.4500,0.2242,9,entropy,0.2997,0.3503,0.6833,,,
20,AnonDiff_S_alpha_2,Steering,0.0220,0.9432,13,entropy,0.9873,0.9858,0.9916,,,
20,AnonDiff_S_alpha_2,ICL,-0.6208,0.0236,13,entropy,0.0478,0.0888,0.1853,*,,
20,AnonDiff_S_alpha_2,GCG,-0.5008,0.0813,13,entropy,0.3140,0.2615,0.3753,,,
20,AnonDiff_S_alpha_2,MIA,0.0659,0.8305,13,entropy,0.9988,0.9252,0.9786,,,
20,AnonDiff_S_alpha_2,MIA_MinK,-0.2833,0.4600,9,entropy,0.9822,0.9120,0.9136,,,
20,AnonDiff_S_alpha_2,MIA_Ref,-0.2000,0.6059,9,entropy,0.9785,0.9885,0.9731,,,
20,AnonDiff_S_alpha_2,MIA_Hidden,0.1167,0.7650,9,entropy,0.9958,0.9847,0.9786,,,
20,AnonDiff_S_alpha_2,SPV_MIA,0.7833,0.0125,9,entropy,0.0452,0.0371,0.1346,*,*,
20,AnonDiff_MeanCos,Steering,0.1593,0.6031,13,entropy,0.9873,0.9858,0.9731,,,
20,AnonDiff_MeanCos,ICL,0.6547,0.0152,13,entropy,0.0366,0.0787,0.1464,*,,
20,AnonDiff_MeanCos,GCG,0.4912,0.0882,13,entropy,0.3140,0.2615,0.4004,,,
20,AnonDiff_MeanCos,MIA,-0.4176,0.1557,13,entropy,0.9988,0.7011,0.5563,,,
20,AnonDiff_MeanCos,MIA_MinK,-0.0333,0.9322,9,entropy,0.9822,0.9803,0.9907,,,
20,AnonDiff_MeanCos,MIA_Ref,-0.0333,0.9322,9,entropy,0.9920,1.0000,0.9907,,,
20,AnonDiff_MeanCos,MIA_Hidden,-0.0167,0.9661,9,entropy,0.9958,0.9847,0.9916,,,
20,AnonDiff_MeanCos,SPV_MIA,-0.9667,0.0000,9,entropy,0.0019,0.0009,0.0130,**,**,*
20,AnonDiff_MeanL2,Steering,-0.0549,0.8585,13,entropy,0.9873,0.9858,0.9897,,,
20,AnonDiff_MeanL2,ICL,0.2878,0.3403,13,entropy,0.4130,0.4830,0.8195,,,
20,AnonDiff_MeanL2,GCG,0.1308,0.6702,13,entropy,0.9451,0.8674,0.9786,,,
20,AnonDiff_MeanL2,MIA,-0.4341,0.1383,13,entropy,0.9988,0.7011,0.5195,,,
20,AnonDiff_MeanL2,MIA_MinK,0.3167,0.4064,9,entropy,0.9822,0.9120,0.8709,,,
20,AnonDiff_MeanL2,MIA_Ref,-0.2833,0.4600,9,entropy,0.9785,0.9794,0.9136,,,
20,AnonDiff_MeanL2,MIA_Hidden,-0.7167,0.0298,9,entropy,0.5979,0.3680,0.2128,,,
20,AnonDiff_MeanL2,SPV_MIA,-0.1667,0.6682,9,entropy,0.7201,0.7171,0.9786,,,
20,NormAnonDiff_S_alpha_2,Steering,-0.0989,0.7479,13,entropy,0.9873,0.9858,0.9786,,,
20,NormAnonDiff_S_alpha_2,ICL,-0.7139,0.0061,13,entropy,0.0214,0.0577,0.0889,*,,
20,NormAnonDiff_S_alpha_2,GCG,-0.5997,0.0303,13,entropy,0.2666,0.2516,0.2147,,,
20,NormAnonDiff_S_alpha_2,MIA,0.2582,0.3943,13,entropy,0.9988,0.7370,0.8709,,,
20,NormAnonDiff_S_alpha_2,MIA_MinK,-0.2667,0.4879,9,entropy,0.9822,0.9120,0.9318,,,
20,NormAnonDiff_S_alpha_2,MIA_Ref,-0.0167,0.9661,9,entropy,1.0000,1.0000,0.9916,,,
20,NormAnonDiff_S_alpha_2,MIA_Hidden,0.2667,0.4879,9,entropy,0.9958,0.9847,0.9318,,,
20,NormAnonDiff_S_alpha_2,SPV_MIA,0.8167,0.0072,9,entropy,0.0300,0.0261,0.0960,*,*,
20,NormAnonDiff_MeanCos,Steering,0.1593,0.6031,13,entropy,0.9873,0.9858,0.9731,,,
20,NormAnonDiff_MeanCos,ICL,0.6547,0.0152,13,entropy,0.0366,0.0787,0.1464,*,,
20,NormAnonDiff_MeanCos,GCG,0.4912,0.0882,13,entropy,0.3140,0.2615,0.4004,,,
20,NormAnonDiff_MeanCos,MIA,-0.4176,0.1557,13,entropy,0.9988,0.7011,0.5563,,,
20,NormAnonDiff_MeanCos,MIA_MinK,-0.0333,0.9322,9,entropy,0.9822,0.9803,0.9907,,,
20,NormAnonDiff_MeanCos,MIA_Ref,-0.0333,0.9322,9,entropy,0.9920,1.0000,0.9907,,,
20,NormAnonDiff_MeanCos,MIA_Hidden,-0.0167,0.9661,9,entropy,0.9958,0.9847,0.9916,,,
20,NormAnonDiff_MeanCos,SPV_MIA,-0.9667,0.0000,9,entropy,0.0019,0.0009,0.0130,**,**,*
21,Centroid_Norm,Steering,0.2679,0.3344,15,auss,0.9873,0.9577,0.8176,,,
21,Centroid_Norm,ICL,0.6841,0.0049,15,auss,0.0179,0.0107,0.0789,*,*,
21,Centroid_Norm,GCG,0.1176,0.6764,15,auss,0.9451,0.9546,0.9786,,,
21,Centroid_Norm,MIA,-0.0643,0.8199,15,auss,0.9988,1.0000,0.9786,,,
21,Centroid_Norm,MIA_MinK,-0.0273,0.9366,11,auss,0.9822,0.9762,0.9907,,,
21,Centroid_Norm,MIA_Ref,0.3364,0.3118,11,auss,0.9785,0.9390,0.8031,,,
21,Centroid_Norm,MIA_Hidden,0.0818,0.8110,11,auss,0.9958,0.9939,0.9786,,,
21,Centroid_Norm,SPV_MIA,-0.6027,0.0497,11,auss,0.0980,0.0970,0.2877,,,
21,Global_Coherence,Steering,0.2679,0.3344,15,auss,0.9873,0.9577,0.8176,,,
21,Global_Coherence,ICL,0.6841,0.0049,15,auss,0.0179,0.0107,0.0789,*,*,
21,Global_Coherence,GCG,0.1176,0.6764,15,auss,0.9451,0.9546,0.9786,,,
21,Global_Coherence,MIA,-0.0643,0.8199,15,auss,0.9988,1.0000,0.9786,,,
21,Global_Coherence,MIA_MinK,-0.0273,0.9366,11,auss,0.9822,0.9762,0.9907,,,
21,Global_Coherence,MIA_Ref,0.3364,0.3118,11,auss,0.9785,0.9390,0.8031,,,
21,Global_Coherence,MIA_Hidden,0.0818,0.8110,11,auss,0.9958,0.9939,0.9786,,,
21,Global_Coherence,SPV_MIA,-0.6027,0.0497,11,auss,0.0980,0.0970,0.2877,,,
21,Batch_SecondMoment_TopEig,Steering,0.2607,0.3480,15,auss,0.9873,0.9577,0.8276,,,
21,Batch_SecondMoment_TopEig,ICL,0.6326,0.0114,15,auss,0.0327,0.0204,0.1325,*,*,
21,Batch_SecondMoment_TopEig,GCG,0.0627,0.8243,15,auss,0.9461,0.9546,0.9786,,,
21,Batch_SecondMoment_TopEig,MIA,-0.0786,0.7808,15,auss,0.9988,1.0000,0.9786,,,
21,Batch_SecondMoment_TopEig,MIA_MinK,-0.0818,0.8110,11,auss,0.9822,0.9762,0.9786,,,
21,Batch_SecondMoment_TopEig,MIA_Ref,0.3091,0.3550,11,auss,0.9785,0.9390,0.8276,,,
21,Batch_SecondMoment_TopEig,MIA_Hidden,0.0727,0.8317,11,auss,0.9958,0.9939,0.9786,,,
21,Batch_SecondMoment_TopEig,SPV_MIA,-0.5890,0.0565,11,auss,0.1040,0.1009,0.3074,,,
21,AUSS_L2,Steering,-0.2679,0.3344,15,auss,0.9873,0.9577,0.8176,,,
21,AUSS_L2,ICL,-0.6841,0.0049,15,auss,0.0179,0.0107,0.0789,*,*,
21,AUSS_L2,GCG,-0.1176,0.6764,15,auss,0.9451,0.9546,0.9786,,,
21,AUSS_L2,MIA,0.0643,0.8199,15,auss,0.9988,1.0000,0.9786,,,
21,AUSS_L2,MIA_MinK,0.0273,0.9366,11,auss,0.9822,0.9762,0.9907,,,
21,AUSS_L2,MIA_Ref,-0.3364,0.3118,11,auss,0.9785,0.9390,0.8031,,,
21,AUSS_L2,MIA_Hidden,-0.0818,0.8110,11,auss,0.9958,0.9939,0.9786,,,
21,AUSS_L2,SPV_MIA,0.6027,0.0497,11,auss,0.0980,0.0970,0.2877,,,
21,AUSS_Cos2,Steering,-0.2643,0.3412,15,auss,0.9873,0.9577,0.8207,,,
21,AUSS_Cos2,ICL,-0.6510,0.0086,15,auss,0.0276,0.0171,0.1107,*,*,
21,AUSS_Cos2,GCG,-0.0627,0.8243,15,auss,0.9461,0.9546,0.9786,,,
21,AUSS_Cos2,MIA,0.1179,0.6757,15,auss,0.9988,1.0000,0.9786,,,
21,AUSS_Cos2,MIA_MinK,0.0818,0.8110,11,auss,0.9822,0.9762,0.9786,,,
21,AUSS_Cos2,MIA_Ref,-0.3091,0.3550,11,auss,0.9785,0.9390,0.8276,,,
21,AUSS_Cos2,MIA_Hidden,-0.0727,0.8317,11,auss,0.9958,0.9939,0.9786,,,
21,AUSS_Cos2,SPV_MIA,0.5890,0.0565,11,auss,0.1040,0.1009,0.3074,,,
21,AUSS_Jac,Steering,-0.4036,0.1358,15,auss,0.9873,0.9577,0.5167,,,
21,AUSS_Jac,ICL,-0.0110,0.9689,15,auss,0.9726,0.9689,0.9928,,,
21,AUSS_Jac,GCG,0.0157,0.9558,15,auss,0.9792,0.9742,0.9916,,,
21,AUSS_Jac,MIA,0.1929,0.4910,15,auss,0.9988,1.0000,0.9318,,,
21,AUSS_Jac,MIA_MinK,-0.0909,0.7904,11,auss,0.9822,0.9762,0.9786,,,
21,AUSS_Jac,MIA_Ref,0.3818,0.2466,11,auss,0.9785,0.9390,0.7270,,,
21,AUSS_Jac,MIA_Hidden,0.1909,0.5739,11,auss,0.9958,0.9939,0.9586,,,
21,AUSS_Jac,SPV_MIA,-0.1644,0.6291,11,auss,0.7064,0.6891,0.9786,,,
21,Batch_Cov_Trace,Steering,-0.2679,0.3344,15,auss,0.9873,0.9577,0.8176,,,
21,Batch_Cov_Trace,ICL,-0.6841,0.0049,15,auss,0.0179,0.0107,0.0789,*,*,
21,Batch_Cov_Trace,GCG,-0.1176,0.6764,15,auss,0.9451,0.9546,0.9786,,,
21,Batch_Cov_Trace,MIA,0.0643,0.8199,15,auss,0.9988,1.0000,0.9786,,,
21,Batch_Cov_Trace,MIA_MinK,0.0273,0.9366,11,auss,0.9822,0.9762,0.9907,,,
21,Batch_Cov_Trace,MIA_Ref,-0.3364,0.3118,11,auss,0.9785,0.9390,0.8031,,,
21,Batch_Cov_Trace,MIA_Hidden,-0.0818,0.8110,11,auss,0.9958,0.9939,0.9786,,,
21,Batch_Cov_Trace,SPV_MIA,0.6027,0.0497,11,auss,0.0980,0.0970,0.2877,,,
21,Batch_Cov_TopEig,Steering,-0.3071,0.2655,15,auss,0.9873,0.9577,0.7441,,,
21,Batch_Cov_TopEig,ICL,-0.5958,0.0191,15,auss,0.0430,0.0286,0.1686,*,*,
21,Batch_Cov_TopEig,GCG,-0.1117,0.6919,15,auss,0.9451,0.9546,0.9786,,,
21,Batch_Cov_TopEig,MIA,-0.0429,0.8795,15,auss,0.9988,1.0000,0.9907,,,
21,Batch_Cov_TopEig,MIA_MinK,0.0273,0.9366,11,auss,0.9822,0.9762,0.9907,,,
21,Batch_Cov_TopEig,MIA_Ref,-0.4000,0.2229,11,auss,0.9785,0.9390,0.6833,,,
21,Batch_Cov_TopEig,MIA_Hidden,-0.3273,0.3259,11,auss,0.9958,0.9939,0.8163,,,
21,Batch_Cov_TopEig,SPV_MIA,0.5343,0.0905,11,auss,0.1465,0.1373,0.4060,,,
21,Reg_S_alpha_2,Steering,-0.0165,0.9574,13,entropy,0.9873,0.9858,0.9916,,,
21,Reg_S_alpha_2,ICL,-0.1270,0.6793,13,entropy,0.7219,0.7553,0.9786,,,
21,Reg_S_alpha_2,GCG,-0.1914,0.5311,13,entropy,0.9451,0.8655,0.9473,,,
21,Reg_S_alpha_2,MIA,0.3407,0.2547,13,entropy,0.9988,0.7011,0.7334,,,
21,Reg_S_alpha_2,MIA_MinK,-0.2667,0.4879,9,entropy,0.9822,0.9120,0.9318,,,
21,Reg_S_alpha_2,MIA_Ref,0.5000,0.1705,9,entropy,0.9785,0.9794,0.5807,,,
21,Reg_S_alpha_2,MIA_Hidden,0.2667,0.4879,9,entropy,0.9958,0.9847,0.9318,,,
21,Reg_S_alpha_2,SPV_MIA,0.2500,0.5165,9,entropy,0.6124,0.6619,0.9373,,,
21,Reg_MeanCos,Steering,0.0165,0.9574,13,entropy,0.9873,0.9858,0.9916,,,
21,Reg_MeanCos,ICL,0.1270,0.6793,13,entropy,0.7219,0.7553,0.9786,,,
21,Reg_MeanCos,GCG,0.1914,0.5311,13,entropy,0.9451,0.8655,0.9473,,,
21,Reg_MeanCos,MIA,-0.3407,0.2547,13,entropy,0.9988,0.7011,0.7334,,,
21,Reg_MeanCos,MIA_MinK,0.2667,0.4879,9,entropy,0.9822,0.9120,0.9318,,,
21,Reg_MeanCos,MIA_Ref,-0.5000,0.1705,9,entropy,0.9785,0.9794,0.5807,,,
21,Reg_MeanCos,MIA_Hidden,-0.2667,0.4879,9,entropy,0.9958,0.9847,0.9318,,,
21,Reg_MeanCos,SPV_MIA,-0.2500,0.5165,9,entropy,0.6124,0.6619,0.9373,,,
21,Reg_MeanL2,Steering,-0.2473,0.4154,13,entropy,0.9873,0.9858,0.8797,,,
21,Reg_MeanL2,ICL,0.1834,0.5486,13,entropy,0.6150,0.6800,0.9522,,,
21,Reg_MeanL2,GCG,-0.0829,0.7877,13,entropy,0.9451,0.9080,0.9786,,,
21,Reg_MeanL2,MIA,-0.0659,0.8305,13,entropy,0.9988,0.9252,0.9786,,,
21,Reg_MeanL2,MIA_MinK,0.7333,0.0246,9,entropy,0.6582,0.4876,0.1893,,,
21,Reg_MeanL2,MIA_Ref,0.3500,0.3558,9,entropy,0.9785,0.9794,0.8276,,,
21,Reg_MeanL2,MIA_Hidden,-0.6833,0.0424,9,entropy,0.6403,0.3761,0.2712,,,
21,Reg_MeanL2,SPV_MIA,0.4500,0.2242,9,entropy,0.2997,0.3503,0.6833,,,
21,AnonDiff_S_alpha_2,Steering,-0.0989,0.7479,13,entropy,0.9873,0.9858,0.9786,,,
21,AnonDiff_S_alpha_2,ICL,-0.5898,0.0339,13,entropy,0.0632,0.1028,0.2357,,,
21,AnonDiff_S_alpha_2,GCG,-0.5231,0.0666,13,entropy,0.3007,0.2615,0.3406,,,
21,AnonDiff_S_alpha_2,MIA,0.0385,0.9007,13,entropy,0.9988,0.9618,0.9907,,,
21,AnonDiff_S_alpha_2,MIA_MinK,-0.2000,0.6059,9,entropy,0.9822,0.9120,0.9731,,,
21,AnonDiff_S_alpha_2,MIA_Ref,-0.3333,0.3807,9,entropy,0.9785,0.9794,0.8545,,,
21,AnonDiff_S_alpha_2,MIA_Hidden,0.0000,1.0000,9,entropy,1.0000,1.0000,1.0000,,,
21,AnonDiff_S_alpha_2,SPV_MIA,0.6167,0.0769,9,entropy,0.1254,0.1345,0.3567,,,
21,AnonDiff_MeanCos,Steering,0.2033,0.5053,13,entropy,0.9873,0.9858,0.9373,,,
21,AnonDiff_MeanCos,ICL,0.6519,0.0158,13,entropy,0.0377,0.0787,0.1464,*,,
21,AnonDiff_MeanCos,GCG,0.4912,0.0882,13,entropy,0.3140,0.2615,0.4004,,,
21,AnonDiff_MeanCos,MIA,-0.4066,0.1680,13,entropy,0.9988,0.7011,0.5807,,,
21,AnonDiff_MeanCos,MIA_MinK,-0.1333,0.7324,9,entropy,0.9822,0.9120,0.9786,,,
21,AnonDiff_MeanCos,MIA_Ref,0.0333,0.9322,9,entropy,0.9920,1.0000,0.9907,,,
21,AnonDiff_MeanCos,MIA_Hidden,0.0167,0.9661,9,entropy,0.9958,0.9847,0.9916,,,
21,AnonDiff_MeanCos,SPV_MIA,-0.9333,0.0002,9,entropy,0.0064,0.0035,0.0369,**,**,*
21,AnonDiff_MeanL2,Steering,-0.1154,0.7074,13,entropy,0.9873,0.9858,0.9786,,,
21,AnonDiff_MeanL2,ICL,0.1580,0.6061,13,entropy,0.6626,0.7144,0.9731,,,
21,AnonDiff_MeanL2,GCG,0.0159,0.9588,13,entropy,0.9792,0.9811,0.9916,,,
21,AnonDiff_MeanL2,MIA,-0.3681,0.2159,13,entropy,0.9988,0.7011,0.6724,,,
21,AnonDiff_MeanL2,MIA_MinK,0.2333,0.5457,9,entropy,0.9822,0.9120,0.9522,,,
21,AnonDiff_MeanL2,MIA_Ref,-0.1667,0.6682,9,entropy,0.9821,0.9885,0.9786,,,
21,AnonDiff_MeanL2,MIA_Hidden,-0.7667,0.0159,9,entropy,0.5979,0.3680,0.1464,,,
21,AnonDiff_MeanL2,SPV_MIA,0.0833,0.8312,9,entropy,0.8489,0.8344,0.9786,,,
21,NormAnonDiff_S_alpha_2,Steering,-0.2527,0.4048,13,entropy,0.9873,0.9858,0.8709,,,
21,NormAnonDiff_S_alpha_2,ICL,-0.6067,0.0279,13,entropy,0.0540,0.0933,0.2072,,,
21,NormAnonDiff_S_alpha_2,GCG,-0.6762,0.0112,13,entropy,0.1333,0.1613,0.1325,,,
21,NormAnonDiff_S_alpha_2,MIA,0.2857,0.3440,13,entropy,0.9988,0.7292,0.8237,,,
21,NormAnonDiff_S_alpha_2,MIA_MinK,-0.1333,0.7324,9,entropy,0.9822,0.9120,0.9786,,,
21,NormAnonDiff_S_alpha_2,MIA_Ref,0.0000,1.0000,9,entropy,1.0000,1.0000,1.0000,,,
21,NormAnonDiff_S_alpha_2,MIA_Hidden,0.3167,0.4064,9,entropy,0.9958,0.9847,0.8709,,,
21,NormAnonDiff_S_alpha_2,SPV_MIA,0.7667,0.0159,9,entropy,0.0470,0.0383,0.1464,*,*,
21,NormAnonDiff_MeanCos,Steering,0.2033,0.5053,13,entropy,0.9873,0.9858,0.9373,,,
21,NormAnonDiff_MeanCos,ICL,0.6519,0.0158,13,entropy,0.0377,0.0787,0.1464,*,,
21,NormAnonDiff_MeanCos,GCG,0.4912,0.0882,13,entropy,0.3140,0.2615,0.4004,,,
21,NormAnonDiff_MeanCos,MIA,-0.4066,0.1680,13,entropy,0.9988,0.7011,0.5807,,,
21,NormAnonDiff_MeanCos,MIA_MinK,-0.1333,0.7324,9,entropy,0.9822,0.9120,0.9786,,,
21,NormAnonDiff_MeanCos,MIA_Ref,0.0333,0.9322,9,entropy,0.9920,1.0000,0.9907,,,
21,NormAnonDiff_MeanCos,MIA_Hidden,0.0167,0.9661,9,entropy,0.9958,0.9847,0.9916,,,
21,NormAnonDiff_MeanCos,SPV_MIA,-0.9333,0.0002,9,entropy,0.0064,0.0035,0.0369,**,**,*
22,Centroid_Norm,Steering,0.1250,0.6571,15,auss,0.9873,0.9577,0.9786,,,
22,Centroid_Norm,ICL,0.7062,0.0033,15,auss,0.0133,0.0082,0.0600,*,**,
22,Centroid_Norm,GCG,0.2724,0.3260,15,auss,0.7026,0.7550,0.8163,,,
22,Centroid_Norm,MIA,-0.1179,0.6757,15,auss,0.9988,1.0000,0.9786,,,
22,Centroid_Norm,MIA_MinK,-0.0636,0.8525,11,auss,0.9822,0.9762,0.9897,,,
22,Centroid_Norm,MIA_Ref,0.2727,0.4171,11,auss,0.9785,0.9390,0.8797,,,
22,Centroid_Norm,MIA_Hidden,0.0727,0.8317,11,auss,0.9958,0.9939,0.9786,,,
22,Centroid_Norm,SPV_MIA,-0.7671,0.0059,11,auss,0.0292,0.0329,0.0860,*,*,
22,Global_Coherence,Steering,0.1250,0.6571,15,auss,0.9873,0.9577,0.9786,,,
22,Global_Coherence,ICL,0.7062,0.0033,15,auss,0.0133,0.0082,0.0600,*,**,
22,Global_Coherence,GCG,0.2724,0.3260,15,auss,0.7026,0.7550,0.8163,,,
22,Global_Coherence,MIA,-0.1179,0.6757,15,auss,0.9988,1.0000,0.9786,,,
22,Global_Coherence,MIA_MinK,-0.0636,0.8525,11,auss,0.9822,0.9762,0.9897,,,
22,Global_Coherence,MIA_Ref,0.2727,0.4171,11,auss,0.9785,0.9390,0.8797,,,
22,Global_Coherence,MIA_Hidden,0.0727,0.8317,11,auss,0.9958,0.9939,0.9786,,,
22,Global_Coherence,SPV_MIA,-0.7671,0.0059,11,auss,0.0292,0.0329,0.0860,*,*,
22,Batch_SecondMoment_TopEig,Steering,0.1250,0.6571,15,auss,0.9873,0.9577,0.9786,,,
22,Batch_SecondMoment_TopEig,ICL,0.7062,0.0033,15,auss,0.0133,0.0082,0.0600,*,**,
22,Batch_SecondMoment_TopEig,GCG,0.2724,0.3260,15,auss,0.7026,0.7550,0.8163,,,
22,Batch_SecondMoment_TopEig,MIA,-0.1179,0.6757,15,auss,0.9988,1.0000,0.9786,,,
22,Batch_SecondMoment_TopEig,MIA_MinK,-0.0636,0.8525,11,auss,0.9822,0.9762,0.9897,,,
22,Batch_SecondMoment_TopEig,MIA_Ref,0.2727,0.4171,11,auss,0.9785,0.9390,0.8797,,,
22,Batch_SecondMoment_TopEig,MIA_Hidden,0.0727,0.8317,11,auss,0.9958,0.9939,0.9786,,,
22,Batch_SecondMoment_TopEig,SPV_MIA,-0.7671,0.0059,11,auss,0.0292,0.0329,0.0860,*,*,
22,AUSS_L2,Steering,-0.1250,0.6571,15,auss,0.9873,0.9577,0.9786,,,
22,AUSS_L2,ICL,-0.7062,0.0033,15,auss,0.0133,0.0082,0.0600,*,**,
22,AUSS_L2,GCG,-0.2724,0.3260,15,auss,0.7026,0.7550,0.8163,,,
22,AUSS_L2,MIA,0.1179,0.6757,15,auss,0.9988,1.0000,0.9786,,,
22,AUSS_L2,MIA_MinK,0.0636,0.8525,11,auss,0.9822,0.9762,0.9897,,,
22,AUSS_L2,MIA_Ref,-0.2727,0.4171,11,auss,0.9785,0.9390,0.8797,,,
22,AUSS_L2,MIA_Hidden,-0.0727,0.8317,11,auss,0.9958,0.9939,0.9786,,,
22,AUSS_L2,SPV_MIA,0.7671,0.0059,11,auss,0.0292,0.0329,0.0860,*,*,
22,AUSS_Cos2,Steering,-0.0929,0.7420,15,auss,0.9873,0.9577,0.9786,,,
22,AUSS_Cos2,ICL,-0.7246,0.0022,15,auss,0.0119,0.0071,0.0524,*,**,
22,AUSS_Cos2,GCG,-0.2489,0.3711,15,auss,0.7869,0.8445,0.8495,,,
22,AUSS_Cos2,MIA,0.1286,0.6479,15,auss,0.9988,1.0000,0.9786,,,
22,AUSS_Cos2,MIA_MinK,0.0364,0.9155,11,auss,0.9822,0.9762,0.9907,,,
22,AUSS_Cos2,MIA_Ref,-0.2636,0.4334,11,auss,0.9785,0.9390,0.8883,,,
22,AUSS_Cos2,MIA_Hidden,-0.0818,0.8110,11,auss,0.9958,0.9939,0.9786,,,
22,AUSS_Cos2,SPV_MIA,0.8128,0.0024,11,auss,0.0164,0.0173,0.0527,*,*,
22,AUSS_Jac,Steering,-0.2286,0.4126,15,auss,0.9873,0.9577,0.8797,,,
22,AUSS_Jac,ICL,0.0625,0.8248,15,auss,0.8440,0.8343,0.9786,,,
22,AUSS_Jac,GCG,0.1685,0.5482,15,auss,0.9451,0.9546,0.9522,,,
22,AUSS_Jac,MIA,0.0286,0.9195,15,auss,0.9988,1.0000,0.9907,,,
22,AUSS_Jac,MIA_MinK,-0.0818,0.8110,11,auss,0.9822,0.9762,0.9786,,,
22,AUSS_Jac,MIA_Ref,0.2455,0.4669,11,auss,0.9785,0.9390,0.9203,,,
22,AUSS_Jac,MIA_Hidden,0.1545,0.6500,11,auss,0.9958,0.9939,0.9786,,,
22,AUSS_Jac,SPV_MIA,-0.2192,0.5173,11,auss,0.6124,0.5690,0.9373,,,
22,Batch_Cov_Trace,Steering,-0.1250,0.6571,15,auss,0.9873,0.9577,0.9786,,,
22,Batch_Cov_Trace,ICL,-0.7062,0.0033,15,auss,0.0133,0.0082,0.0600,*,**,
22,Batch_Cov_Trace,GCG,-0.2724,0.3260,15,auss,0.7026,0.7550,0.8163,,,
22,Batch_Cov_Trace,MIA,0.1179,0.6757,15,auss,0.9988,1.0000,0.9786,,,
22,Batch_Cov_Trace,MIA_MinK,0.0636,0.8525,11,auss,0.9822,0.9762,0.9897,,,
22,Batch_Cov_Trace,MIA_Ref,-0.2727,0.4171,11,auss,0.9785,0.9390,0.8797,,,
22,Batch_Cov_Trace,MIA_Hidden,-0.0727,0.8317,11,auss,0.9958,0.9939,0.9786,,,
22,Batch_Cov_Trace,SPV_MIA,0.7671,0.0059,11,auss,0.0292,0.0329,0.0860,*,*,
22,Batch_Cov_TopEig,Steering,-0.1857,0.5075,15,auss,0.9873,0.9577,0.9373,,,
22,Batch_Cov_TopEig,ICL,-0.6289,0.0120,15,auss,0.0332,0.0207,0.1346,*,*,
22,Batch_Cov_TopEig,GCG,-0.3723,0.1717,15,auss,0.4466,0.5529,0.5845,,,
22,Batch_Cov_TopEig,MIA,-0.0179,0.9496,15,auss,0.9988,1.0000,0.9916,,,
22,Batch_Cov_TopEig,MIA_MinK,-0.0727,0.8317,11,auss,0.9822,0.9762,0.9786,,,
22,Batch_Cov_TopEig,MIA_Ref,-0.4455,0.1697,11,auss,0.9785,0.9390,0.5807,,,
22,Batch_Cov_TopEig,MIA_Hidden,-0.2273,0.5015,11,auss,0.9958,0.9939,0.9373,,,
22,Batch_Cov_TopEig,SPV_MIA,0.6027,0.0497,11,auss,0.0980,0.0970,0.2877,,,
22,Reg_S_alpha_2,Steering,-0.0165,0.9574,13,entropy,0.9873,0.9858,0.9916,,,
22,Reg_S_alpha_2,ICL,-0.1270,0.6793,13,entropy,0.7219,0.7553,0.9786,,,
22,Reg_S_alpha_2,GCG,-0.1914,0.5311,13,entropy,0.9451,0.8655,0.9473,,,
22,Reg_S_alpha_2,MIA,0.3407,0.2547,13,entropy,0.9988,0.7011,0.7334,,,
22,Reg_S_alpha_2,MIA_MinK,-0.2667,0.4879,9,entropy,0.9822,0.9120,0.9318,,,
22,Reg_S_alpha_2,MIA_Ref,0.5000,0.1705,9,entropy,0.9785,0.9794,0.5807,,,
22,Reg_S_alpha_2,MIA_Hidden,0.2667,0.4879,9,entropy,0.9958,0.9847,0.9318,,,
22,Reg_S_alpha_2,SPV_MIA,0.2500,0.5165,9,entropy,0.6124,0.6619,0.9373,,,
22,Reg_MeanCos,Steering,0.0165,0.9574,13,entropy,0.9873,0.9858,0.9916,,,
22,Reg_MeanCos,ICL,0.1270,0.6793,13,entropy,0.7219,0.7553,0.9786,,,
22,Reg_MeanCos,GCG,0.1914,0.5311,13,entropy,0.9451,0.8655,0.9473,,,
22,Reg_MeanCos,MIA,-0.3407,0.2547,13,entropy,0.9988,0.7011,0.7334,,,
22,Reg_MeanCos,MIA_MinK,0.2667,0.4879,9,entropy,0.9822,0.9120,0.9318,,,
22,Reg_MeanCos,MIA_Ref,-0.5000,0.1705,9,entropy,0.9785,0.9794,0.5807,,,
22,Reg_MeanCos,MIA_Hidden,-0.2667,0.4879,9,entropy,0.9958,0.9847,0.9318,,,
22,Reg_MeanCos,SPV_MIA,-0.2500,0.5165,9,entropy,0.6124,0.6619,0.9373,,,
22,Reg_MeanL2,Steering,-0.2033,0.5053,13,entropy,0.9873,0.9858,0.9373,,,
22,Reg_MeanL2,ICL,0.1044,0.7343,13,entropy,0.7602,0.7749,0.9786,,,
22,Reg_MeanL2,GCG,-0.1212,0.6932,13,entropy,0.9451,0.8674,0.9786,,,
22,Reg_MeanL2,MIA,-0.0879,0.7752,13,entropy,0.9988,0.9219,0.9786,,,
22,Reg_MeanL2,MIA_MinK,0.7000,0.0358,9,entropy,0.6582,0.4876,0.2392,,,
22,Reg_MeanL2,MIA_Ref,0.3333,0.3807,9,entropy,0.9785,0.9794,0.8545,,,
22,Reg_MeanL2,MIA_Hidden,-0.7000,0.0358,9,entropy,0.5979,0.3680,0.2392,,,
22,Reg_MeanL2,SPV_MIA,0.5500,0.1250,9,entropy,0.1803,0.2037,0.4879,,,
22,AnonDiff_S_alpha_2,Steering,-0.0769,0.8028,13,entropy,0.9873,0.9858,0.9786,,,
22,AnonDiff_S_alpha_2,ICL,-0.4205,0.1526,13,entropy,0.2076,0.2776,0.5484,,,
22,AnonDiff_S_alpha_2,GCG,-0.3541,0.2353,13,entropy,0.5531,0.4890,0.7043,,,
22,AnonDiff_S_alpha_2,MIA,0.0714,0.8166,13,entropy,0.9988,0.9252,0.9786,,,
22,AnonDiff_S_alpha_2,MIA_MinK,-0.0167,0.9661,9,entropy,0.9828,0.9809,0.9916,,,
22,AnonDiff_S_alpha_2,MIA_Ref,-0.3167,0.4064,9,entropy,0.9785,0.9794,0.8709,,,
22,AnonDiff_S_alpha_2,MIA_Hidden,-0.2167,0.5755,9,entropy,0.9958,0.9847,0.9586,,,
22,AnonDiff_S_alpha_2,SPV_MIA,0.7333,0.0246,9,entropy,0.0642,0.0527,0.1893,,,
22,AnonDiff_MeanCos,Steering,0.2802,0.3538,13,entropy,0.9873,0.9858,0.8276,,,
22,AnonDiff_MeanCos,ICL,0.5108,0.0745,13,entropy,0.1199,0.1710,0.3567,,,
22,AnonDiff_MeanCos,GCG,0.5136,0.0726,13,entropy,0.3007,0.2615,0.3567,,,
22,AnonDiff_MeanCos,MIA,-0.3901,0.1876,13,entropy,0.9988,0.7011,0.6175,,,
22,AnonDiff_MeanCos,MIA_MinK,-0.2667,0.4879,9,entropy,0.9822,0.9120,0.9318,,,
22,AnonDiff_MeanCos,MIA_Ref,0.0167,0.9661,9,entropy,1.0000,1.0000,0.9916,,,
22,AnonDiff_MeanCos,MIA_Hidden,0.1167,0.7650,9,entropy,0.9958,0.9847,0.9786,,,
22,AnonDiff_MeanCos,SPV_MIA,-0.9167,0.0005,9,entropy,0.0064,0.0061,0.0369,**,**,*
22,AnonDiff_MeanL2,Steering,-0.1154,0.7074,13,entropy,0.9873,0.9858,0.9786,,,
22,AnonDiff_MeanL2,ICL,0.1580,0.6061,13,entropy,0.6626,0.7144,0.9731,,,
22,AnonDiff_MeanL2,GCG,0.0159,0.9588,13,entropy,0.9792,0.9811,0.9916,,,
22,AnonDiff_MeanL2,MIA,-0.3681,0.2159,13,entropy,0.9988,0.7011,0.6724,,,
22,AnonDiff_MeanL2,MIA_MinK,0.2333,0.5457,9,entropy,0.9822,0.9120,0.9522,,,
22,AnonDiff_MeanL2,MIA_Ref,-0.1667,0.6682,9,entropy,0.9821,0.9885,0.9786,,,
22,AnonDiff_MeanL2,MIA_Hidden,-0.7667,0.0159,9,entropy,0.5979,0.3680,0.1464,,,
22,AnonDiff_MeanL2,SPV_MIA,0.0833,0.8312,9,entropy,0.8489,0.8344,0.9786,,,
22,NormAnonDiff_S_alpha_2,Steering,-0.1429,0.6415,13,entropy,0.9873,0.9858,0.9786,,,
22,NormAnonDiff_S_alpha_2,ICL,-0.5870,0.0350,13,entropy,0.0650,0.1042,0.2392,,,
22,NormAnonDiff_S_alpha_2,GCG,-0.5614,0.0459,13,entropy,0.2945,0.2615,0.2813,,,
22,NormAnonDiff_S_alpha_2,MIA,0.1978,0.5171,13,entropy,0.9988,0.7585,0.9373,,,
22,NormAnonDiff_S_alpha_2,MIA_MinK,-0.0667,0.8647,9,entropy,0.9822,0.9356,0.9897,,,
22,NormAnonDiff_S_alpha_2,MIA_Ref,-0.1833,0.6368,9,entropy,0.9821,0.9885,0.9786,,,
22,NormAnonDiff_S_alpha_2,MIA_Hidden,0.1333,0.7324,9,entropy,0.9958,0.9847,0.9786,,,
22,NormAnonDiff_S_alpha_2,SPV_MIA,0.8500,0.0037,9,entropy,0.0233,0.0204,0.0658,*,*,
22,NormAnonDiff_MeanCos,Steering,0.2802,0.3538,13,entropy,0.9873,0.9858,0.8276,,,
22,NormAnonDiff_MeanCos,ICL,0.5108,0.0745,13,entropy,0.1199,0.1710,0.3567,,,
22,NormAnonDiff_MeanCos,GCG,0.5136,0.0726,13,entropy,0.3007,0.2615,0.3567,,,
22,NormAnonDiff_MeanCos,MIA,-0.3901,0.1876,13,entropy,0.9988,0.7011,0.6175,,,
22,NormAnonDiff_MeanCos,MIA_MinK,-0.2667,0.4879,9,entropy,0.9822,0.9120,0.9318,,,
22,NormAnonDiff_MeanCos,MIA_Ref,0.0167,0.9661,9,entropy,1.0000,1.0000,0.9916,,,
22,NormAnonDiff_MeanCos,MIA_Hidden,0.1167,0.7650,9,entropy,0.9958,0.9847,0.9786,,,
22,NormAnonDiff_MeanCos,SPV_MIA,-0.9167,0.0005,9,entropy,0.0064,0.0061,0.0369,**,**,*
23,Centroid_Norm,Steering,0.1857,0.5075,15,auss,0.9873,0.9577,0.9373,,,
23,Centroid_Norm,ICL,0.7283,0.0021,15,auss,0.0114,0.0069,0.0491,*,**,*
23,Centroid_Norm,GCG,0.3782,0.1645,15,auss,0.4383,0.5362,0.5806,,,
23,Centroid_Norm,MIA,-0.1214,0.6664,15,auss,0.9988,1.0000,0.9786,,,
23,Centroid_Norm,MIA_MinK,0.0545,0.8734,11,auss,0.9822,0.9762,0.9897,,,
23,Centroid_Norm,MIA_Ref,0.2727,0.4171,11,auss,0.9785,0.9390,0.8797,,,
23,Centroid_Norm,MIA_Hidden,0.0091,0.9788,11,auss,0.9958,0.9939,0.9952,,,
23,Centroid_Norm,SPV_MIA,-0.8265,0.0017,11,auss,0.0137,0.0146,0.0465,*,*,*
23,Global_Coherence,Steering,0.1857,0.5075,15,auss,0.9873,0.9577,0.9373,,,
23,Global_Coherence,ICL,0.7283,0.0021,15,auss,0.0114,0.0069,0.0491,*,**,*
23,Global_Coherence,GCG,0.3782,0.1645,15,auss,0.4383,0.5362,0.5806,,,
23,Global_Coherence,MIA,-0.1214,0.6664,15,auss,0.9988,1.0000,0.9786,,,
23,Global_Coherence,MIA_MinK,0.0545,0.8734,11,auss,0.9822,0.9762,0.9897,,,
23,Global_Coherence,MIA_Ref,0.2727,0.4171,11,auss,0.9785,0.9390,0.8797,,,
23,Global_Coherence,MIA_Hidden,0.0091,0.9788,11,auss,0.9958,0.9939,0.9952,,,
23,Global_Coherence,SPV_MIA,-0.8265,0.0017,11,auss,0.0137,0.0146,0.0465,*,*,*
23,Batch_SecondMoment_TopEig,Steering,0.1786,0.5243,15,auss,0.9873,0.9577,0.9416,,,
23,Batch_SecondMoment_TopEig,ICL,0.7209,0.0024,15,auss,0.0121,0.0073,0.0527,*,**,
23,Batch_SecondMoment_TopEig,GCG,0.3390,0.2164,15,auss,0.5415,0.6276,0.6731,,,
23,Batch_SecondMoment_TopEig,MIA,-0.1357,0.6296,15,auss,0.9988,1.0000,0.9786,,,
23,Batch_SecondMoment_TopEig,MIA_MinK,0.0545,0.8734,11,auss,0.9822,0.9762,0.9897,,,
23,Batch_SecondMoment_TopEig,MIA_Ref,0.2727,0.4171,11,auss,0.9785,0.9390,0.8797,,,
23,Batch_SecondMoment_TopEig,MIA_Hidden,0.0091,0.9788,11,auss,0.9958,0.9939,0.9952,,,
23,Batch_SecondMoment_TopEig,SPV_MIA,-0.8265,0.0017,11,auss,0.0137,0.0146,0.0465,*,*,*
23,AUSS_L2,Steering,-0.1857,0.5075,15,auss,0.9873,0.9577,0.9373,,,
23,AUSS_L2,ICL,-0.7283,0.0021,15,auss,0.0114,0.0069,0.0491,*,**,*
23,AUSS_L2,GCG,-0.3782,0.1645,15,auss,0.4383,0.5362,0.5806,,,
23,AUSS_L2,MIA,0.1214,0.6664,15,auss,0.9988,1.0000,0.9786,,,
23,AUSS_L2,MIA_MinK,-0.0545,0.8734,11,auss,0.9822,0.9762,0.9897,,,
23,AUSS_L2,MIA_Ref,-0.2727,0.4171,11,auss,0.9785,0.9390,0.8797,,,
23,AUSS_L2,MIA_Hidden,-0.0091,0.9788,11,auss,0.9958,0.9939,0.9952,,,
23,AUSS_L2,SPV_MIA,0.8265,0.0017,11,auss,0.0137,0.0146,0.0465,*,*,*
23,AUSS_Cos2,Steering,-0.1357,0.6296,15,auss,0.9873,0.9577,0.9786,,,
23,AUSS_Cos2,ICL,-0.7503,0.0013,15,auss,0.0112,0.0069,0.0464,*,**,*
23,AUSS_Cos2,GCG,-0.3155,0.2520,15,auss,0.5711,0.6276,0.7334,,,
23,AUSS_Cos2,MIA,0.1536,0.5848,15,auss,0.9988,1.0000,0.9684,,,
23,AUSS_Cos2,MIA_MinK,-0.0545,0.8734,11,auss,0.9822,0.9762,0.9897,,,
23,AUSS_Cos2,MIA_Ref,-0.2727,0.4171,11,auss,0.9785,0.9390,0.8797,,,
23,AUSS_Cos2,MIA_Hidden,-0.0091,0.9788,11,auss,0.9958,0.9939,0.9952,,,
23,AUSS_Cos2,SPV_MIA,0.8265,0.0017,11,auss,0.0137,0.0146,0.0465,*,*,*
23,AUSS_Jac,Steering,-0.2821,0.3083,15,auss,0.9873,0.9577,0.8031,,,
23,AUSS_Jac,ICL,-0.1839,0.5118,15,auss,0.5900,0.5278,0.9373,,,
23,AUSS_Jac,GCG,-0.0803,0.7759,15,auss,0.9451,0.9546,0.9786,,,
23,AUSS_Jac,MIA,0.1357,0.6296,15,auss,0.9988,1.0000,0.9786,,,
23,AUSS_Jac,MIA_MinK,-0.2818,0.4011,11,auss,0.9822,0.9762,0.8709,,,
23,AUSS_Jac,MIA_Ref,0.2545,0.4500,11,auss,0.9785,0.9390,0.9101,,,
23,AUSS_Jac,MIA_Hidden,0.3000,0.3701,11,auss,0.9958,0.9939,0.8482,,,
23,AUSS_Jac,SPV_MIA,-0.0274,0.9363,11,auss,0.9416,0.9470,0.9907,,,
23,Batch_Cov_Trace,Steering,-0.1857,0.5075,15,auss,0.9873,0.9577,0.9373,,,
23,Batch_Cov_Trace,ICL,-0.7283,0.0021,15,auss,0.0114,0.0069,0.0491,*,**,*
23,Batch_Cov_Trace,GCG,-0.3782,0.1645,15,auss,0.4383,0.5362,0.5806,,,
23,Batch_Cov_Trace,MIA,0.1214,0.6664,15,auss,0.9988,1.0000,0.9786,,,
23,Batch_Cov_Trace,MIA_MinK,-0.0545,0.8734,11,auss,0.9822,0.9762,0.9897,,,
23,Batch_Cov_Trace,MIA_Ref,-0.2727,0.4171,11,auss,0.9785,0.9390,0.8797,,,
23,Batch_Cov_Trace,MIA_Hidden,-0.0091,0.9788,11,auss,0.9958,0.9939,0.9952,,,
23,Batch_Cov_Trace,SPV_MIA,0.8265,0.0017,11,auss,0.0137,0.0146,0.0465,*,*,*
23,Batch_Cov_TopEig,Steering,-0.2643,0.3412,15,auss,0.9873,0.9577,0.8207,,,
23,Batch_Cov_TopEig,ICL,-0.6289,0.0120,15,auss,0.0332,0.0207,0.1346,*,*,
23,Batch_Cov_TopEig,GCG,-0.4527,0.0902,15,auss,0.3140,0.3841,0.4057,,,
23,Batch_Cov_TopEig,MIA,0.0429,0.8795,15,auss,0.9988,1.0000,0.9907,,,
23,Batch_Cov_TopEig,MIA_MinK,0.0091,0.9788,11,auss,0.9939,0.9939,0.9952,,,
23,Batch_Cov_TopEig,MIA_Ref,-0.3000,0.3701,11,auss,0.9785,0.9390,0.8482,,,
23,Batch_Cov_TopEig,MIA_Hidden,-0.1909,0.5739,11,auss,0.9958,0.9939,0.9586,,,
23,Batch_Cov_TopEig,SPV_MIA,0.7215,0.0122,11,auss,0.0452,0.0574,0.1346,*,,
23,Reg_S_alpha_2,Steering,-0.0165,0.9574,13,entropy,0.9873,0.9858,0.9916,,,
23,Reg_S_alpha_2,ICL,-0.1270,0.6793,13,entropy,0.7219,0.7553,0.9786,,,
23,Reg_S_alpha_2,GCG,-0.1914,0.5311,13,entropy,0.9451,0.8655,0.9473,,,
23,Reg_S_alpha_2,MIA,0.3407,0.2547,13,entropy,0.9988,0.7011,0.7334,,,
23,Reg_S_alpha_2,MIA_MinK,-0.2667,0.4879,9,entropy,0.9822,0.9120,0.9318,,,
23,Reg_S_alpha_2,MIA_Ref,0.5000,0.1705,9,entropy,0.9785,0.9794,0.5807,,,
23,Reg_S_alpha_2,MIA_Hidden,0.2667,0.4879,9,entropy,0.9958,0.9847,0.9318,,,
23,Reg_S_alpha_2,SPV_MIA,0.2500,0.5165,9,entropy,0.6124,0.6619,0.9373,,,
23,Reg_MeanCos,Steering,0.0165,0.9574,13,entropy,0.9873,0.9858,0.9916,,,
23,Reg_MeanCos,ICL,0.1270,0.6793,13,entropy,0.7219,0.7553,0.9786,,,
23,Reg_MeanCos,GCG,0.1914,0.5311,13,entropy,0.9451,0.8655,0.9473,,,
23,Reg_MeanCos,MIA,-0.3407,0.2547,13,entropy,0.9988,0.7011,0.7334,,,
23,Reg_MeanCos,MIA_MinK,0.2667,0.4879,9,entropy,0.9822,0.9120,0.9318,,,
23,Reg_MeanCos,MIA_Ref,-0.5000,0.1705,9,entropy,0.9785,0.9794,0.5807,,,
23,Reg_MeanCos,MIA_Hidden,-0.2667,0.4879,9,entropy,0.9958,0.9847,0.9318,,,
23,Reg_MeanCos,SPV_MIA,-0.2500,0.5165,9,entropy,0.6124,0.6619,0.9373,,,
23,Reg_MeanL2,Steering,-0.2033,0.5053,13,entropy,0.9873,0.9858,0.9373,,,
23,Reg_MeanL2,ICL,0.1044,0.7343,13,entropy,0.7602,0.7749,0.9786,,,
23,Reg_MeanL2,GCG,-0.1212,0.6932,13,entropy,0.9451,0.8674,0.9786,,,
23,Reg_MeanL2,MIA,-0.0879,0.7752,13,entropy,0.9988,0.9219,0.9786,,,
23,Reg_MeanL2,MIA_MinK,0.7000,0.0358,9,entropy,0.6582,0.4876,0.2392,,,
23,Reg_MeanL2,MIA_Ref,0.3333,0.3807,9,entropy,0.9785,0.9794,0.8545,,,
23,Reg_MeanL2,MIA_Hidden,-0.7000,0.0358,9,entropy,0.5979,0.3680,0.2392,,,
23,Reg_MeanL2,SPV_MIA,0.5500,0.1250,9,entropy,0.1803,0.2037,0.4879,,,
23,AnonDiff_S_alpha_2,Steering,-0.1538,0.6158,13,entropy,0.9873,0.9858,0.9786,,,
23,AnonDiff_S_alpha_2,ICL,-0.5418,0.0558,13,entropy,0.0979,0.1444,0.3042,,,
23,AnonDiff_S_alpha_2,GCG,-0.5614,0.0459,13,entropy,0.2945,0.2615,0.2813,,,
23,AnonDiff_S_alpha_2,MIA,0.0440,0.8866,13,entropy,0.9988,0.9618,0.9907,,,
23,AnonDiff_S_alpha_2,MIA_MinK,0.0667,0.8647,9,entropy,0.9822,0.9356,0.9897,,,
23,AnonDiff_S_alpha_2,MIA_Ref,-0.3000,0.4328,9,entropy,0.9785,0.9794,0.8883,,,
23,AnonDiff_S_alpha_2,MIA_Hidden,-0.0833,0.8312,9,entropy,0.9958,0.9847,0.9786,,,
23,AnonDiff_S_alpha_2,SPV_MIA,0.8667,0.0025,9,entropy,0.0164,0.0148,0.0527,*,*,
23,AnonDiff_MeanCos,Steering,0.3352,0.2629,13,entropy,0.9873,0.9858,0.7422,,,
23,AnonDiff_MeanCos,ICL,0.5277,0.0638,13,entropy,0.1084,0.1605,0.3337,,,
23,AnonDiff_MeanCos,GCG,0.6061,0.0281,13,entropy,0.2651,0.2516,0.2080,,,
23,AnonDiff_MeanCos,MIA,-0.3132,0.2974,13,entropy,0.9988,0.7011,0.7835,,,
23,AnonDiff_MeanCos,MIA_MinK,-0.3000,0.4328,9,entropy,0.9822,0.9120,0.8883,,,
23,AnonDiff_MeanCos,MIA_Ref,0.0667,0.8647,9,entropy,0.9821,1.0000,0.9897,,,
23,AnonDiff_MeanCos,MIA_Hidden,0.1500,0.7001,9,entropy,0.9958,0.9847,0.9786,,,
23,AnonDiff_MeanCos,SPV_MIA,-0.9333,0.0002,9,entropy,0.0064,0.0035,0.0369,**,**,*
23,AnonDiff_MeanL2,Steering,-0.1154,0.7074,13,entropy,0.9873,0.9858,0.9786,,,
23,AnonDiff_MeanL2,ICL,0.1580,0.6061,13,entropy,0.6626,0.7144,0.9731,,,
23,AnonDiff_MeanL2,GCG,0.0159,0.9588,13,entropy,0.9792,0.9811,0.9916,,,
23,AnonDiff_MeanL2,MIA,-0.3681,0.2159,13,entropy,0.9988,0.7011,0.6724,,,
23,AnonDiff_MeanL2,MIA_MinK,0.2333,0.5457,9,entropy,0.9822,0.9120,0.9522,,,
23,AnonDiff_MeanL2,MIA_Ref,-0.1667,0.6682,9,entropy,0.9821,0.9885,0.9786,,,
23,AnonDiff_MeanL2,MIA_Hidden,-0.7667,0.0159,9,entropy,0.5979,0.3680,0.1464,,,
23,AnonDiff_MeanL2,SPV_MIA,0.0833,0.8312,9,entropy,0.8489,0.8344,0.9786,,,
23,NormAnonDiff_S_alpha_2,Steering,-0.1264,0.6808,13,entropy,0.9873,0.9858,0.9786,,,
23,NormAnonDiff_S_alpha_2,ICL,-0.6067,0.0279,13,entropy,0.0540,0.0933,0.2072,,,
23,NormAnonDiff_S_alpha_2,GCG,-0.6156,0.0251,13,entropy,0.2453,0.2516,0.1916,,,
23,NormAnonDiff_S_alpha_2,MIA,0.1209,0.6940,13,entropy,0.9988,0.8938,0.9786,,,
23,NormAnonDiff_S_alpha_2,MIA_MinK,-0.0333,0.9322,9,entropy,0.9822,0.9803,0.9907,,,
23,NormAnonDiff_S_alpha_2,MIA_Ref,-0.2333,0.5457,9,entropy,0.9785,0.9885,0.9522,,,
23,NormAnonDiff_S_alpha_2,MIA_Hidden,0.1000,0.7980,9,entropy,0.9958,0.9847,0.9786,,,
23,NormAnonDiff_S_alpha_2,SPV_MIA,0.8667,0.0025,9,entropy,0.0164,0.0148,0.0527,*,*,
23,NormAnonDiff_MeanCos,Steering,0.3352,0.2629,13,entropy,0.9873,0.9858,0.7422,,,
23,NormAnonDiff_MeanCos,ICL,0.5277,0.0638,13,entropy,0.1084,0.1605,0.3337,,,
23,NormAnonDiff_MeanCos,GCG,0.6061,0.0281,13,entropy,0.2651,0.2516,0.2080,,,
23,NormAnonDiff_MeanCos,MIA,-0.3132,0.2974,13,entropy,0.9988,0.7011,0.7835,,,
23,NormAnonDiff_MeanCos,MIA_MinK,-0.3000,0.4328,9,entropy,0.9822,0.9120,0.8883,,,
23,NormAnonDiff_MeanCos,MIA_Ref,0.0667,0.8647,9,entropy,0.9821,1.0000,0.9897,,,
23,NormAnonDiff_MeanCos,MIA_Hidden,0.1500,0.7001,9,entropy,0.9958,0.9847,0.9786,,,
23,NormAnonDiff_MeanCos,SPV_MIA,-0.9333,0.0002,9,entropy,0.0064,0.0035,0.0369,**,**,*
24,Centroid_Norm,Steering,0.0893,0.7517,15,auss,0.9873,0.9577,0.9786,,,
24,Centroid_Norm,ICL,0.7356,0.0018,15,auss,0.0114,0.0069,0.0465,*,**,*
24,Centroid_Norm,GCG,0.4723,0.0755,15,auss,0.3007,0.3321,0.3567,,,
24,Centroid_Norm,MIA,-0.1393,0.6205,15,auss,0.9988,1.0000,0.9786,,,
24,Centroid_Norm,MIA_MinK,0.0818,0.8110,11,auss,0.9822,0.9762,0.9786,,,
24,Centroid_Norm,MIA_Ref,0.3273,0.3259,11,auss,0.9785,0.9390,0.8163,,,
24,Centroid_Norm,MIA_Hidden,0.0091,0.9788,11,auss,0.9958,0.9939,0.9952,,,
24,Centroid_Norm,SPV_MIA,-0.7717,0.0054,11,auss,0.0282,0.0329,0.0809,*,*,
24,Global_Coherence,Steering,0.0893,0.7517,15,auss,0.9873,0.9577,0.9786,,,
24,Global_Coherence,ICL,0.7356,0.0018,15,auss,0.0114,0.0069,0.0465,*,**,*
24,Global_Coherence,GCG,0.4723,0.0755,15,auss,0.3007,0.3321,0.3567,,,
24,Global_Coherence,MIA,-0.1393,0.6205,15,auss,0.9988,1.0000,0.9786,,,
24,Global_Coherence,MIA_MinK,0.0818,0.8110,11,auss,0.9822,0.9762,0.9786,,,
24,Global_Coherence,MIA_Ref,0.3273,0.3259,11,auss,0.9785,0.9390,0.8163,,,
24,Global_Coherence,MIA_Hidden,0.0091,0.9788,11,auss,0.9958,0.9939,0.9952,,,
24,Global_Coherence,SPV_MIA,-0.7717,0.0054,11,auss,0.0282,0.0329,0.0809,*,*,
24,Batch_SecondMoment_TopEig,Steering,0.0893,0.7517,15,auss,0.9873,0.9577,0.9786,,,
24,Batch_SecondMoment_TopEig,ICL,0.7356,0.0018,15,auss,0.0114,0.0069,0.0465,*,**,*
24,Batch_SecondMoment_TopEig,GCG,0.4723,0.0755,15,auss,0.3007,0.3321,0.3567,,,
24,Batch_SecondMoment_TopEig,MIA,-0.1393,0.6205,15,auss,0.9988,1.0000,0.9786,,,
24,Batch_SecondMoment_TopEig,MIA_MinK,0.0818,0.8110,11,auss,0.9822,0.9762,0.9786,,,
24,Batch_SecondMoment_TopEig,MIA_Ref,0.3273,0.3259,11,auss,0.9785,0.9390,0.8163,,,
24,Batch_SecondMoment_TopEig,MIA_Hidden,0.0091,0.9788,11,auss,0.9958,0.9939,0.9952,,,
24,Batch_SecondMoment_TopEig,SPV_MIA,-0.7717,0.0054,11,auss,0.0282,0.0329,0.0809,*,*,
24,AUSS_L2,Steering,-0.0893,0.7517,15,auss,0.9873,0.9577,0.9786,,,
24,AUSS_L2,ICL,-0.7356,0.0018,15,auss,0.0114,0.0069,0.0465,*,**,*
24,AUSS_L2,GCG,-0.4723,0.0755,15,auss,0.3007,0.3321,0.3567,,,
24,AUSS_L2,MIA,0.1393,0.6205,15,auss,0.9988,1.0000,0.9786,,,
24,AUSS_L2,MIA_MinK,-0.0818,0.8110,11,auss,0.9822,0.9762,0.9786,,,
24,AUSS_L2,MIA_Ref,-0.3273,0.3259,11,auss,0.9785,0.9390,0.8163,,,
24,AUSS_L2,MIA_Hidden,-0.0091,0.9788,11,auss,0.9958,0.9939,0.9952,,,
24,AUSS_L2,SPV_MIA,0.7717,0.0054,11,auss,0.0282,0.0329,0.0809,*,*,
24,AUSS_Cos2,Steering,-0.0893,0.7517,15,auss,0.9873,0.9577,0.9786,,,
24,AUSS_Cos2,ICL,-0.7356,0.0018,15,auss,0.0114,0.0069,0.0465,*,**,*
24,AUSS_Cos2,GCG,-0.4723,0.0755,15,auss,0.3007,0.3321,0.3567,,,
24,AUSS_Cos2,MIA,0.1393,0.6205,15,auss,0.9988,1.0000,0.9786,,,
24,AUSS_Cos2,MIA_MinK,-0.0818,0.8110,11,auss,0.9822,0.9762,0.9786,,,
24,AUSS_Cos2,MIA_Ref,-0.3273,0.3259,11,auss,0.9785,0.9390,0.8163,,,
24,AUSS_Cos2,MIA_Hidden,-0.0091,0.9788,11,auss,0.9958,0.9939,0.9952,,,
24,AUSS_Cos2,SPV_MIA,0.7717,0.0054,11,auss,0.0282,0.0329,0.0809,*,*,
24,AUSS_Jac,Steering,-0.4179,0.1212,15,auss,0.9873,0.9577,0.4806,,,
24,AUSS_Jac,ICL,-0.3825,0.1594,15,auss,0.2136,0.1724,0.5672,,,
24,AUSS_Jac,GCG,-0.3018,0.2743,15,auss,0.6164,0.6706,0.7534,,,
24,AUSS_Jac,MIA,0.1964,0.4829,15,auss,0.9988,1.0000,0.9318,,,
24,AUSS_Jac,MIA_MinK,-0.3636,0.2716,11,auss,0.9822,0.9762,0.7465,,,
24,AUSS_Jac,MIA_Ref,0.2727,0.4171,11,auss,0.9785,0.9390,0.8797,,,
24,AUSS_Jac,MIA_Hidden,0.4091,0.2115,11,auss,0.9958,0.9939,0.6688,,,
24,AUSS_Jac,SPV_MIA,0.3470,0.2957,11,auss,0.3772,0.3409,0.7835,,,
24,Batch_Cov_Trace,Steering,-0.0893,0.7517,15,auss,0.9873,0.9577,0.9786,,,
24,Batch_Cov_Trace,ICL,-0.7356,0.0018,15,auss,0.0114,0.0069,0.0465,*,**,*
24,Batch_Cov_Trace,GCG,-0.4723,0.0755,15,auss,0.3007,0.3321,0.3567,,,
24,Batch_Cov_Trace,MIA,0.1393,0.6205,15,auss,0.9988,1.0000,0.9786,,,
24,Batch_Cov_Trace,MIA_MinK,-0.0818,0.8110,11,auss,0.9822,0.9762,0.9786,,,
24,Batch_Cov_Trace,MIA_Ref,-0.3273,0.3259,11,auss,0.9785,0.9390,0.8163,,,
24,Batch_Cov_Trace,MIA_Hidden,-0.0091,0.9788,11,auss,0.9958,0.9939,0.9952,,,
24,Batch_Cov_Trace,SPV_MIA,0.7717,0.0054,11,auss,0.0282,0.0329,0.0809,*,*,
24,Batch_Cov_TopEig,Steering,-0.2036,0.4668,15,auss,0.9873,0.9577,0.9203,,,
24,Batch_Cov_TopEig,ICL,-0.6584,0.0076,15,auss,0.0250,0.0156,0.0993,*,*,
24,Batch_Cov_TopEig,GCG,-0.4468,0.0950,15,auss,0.3174,0.3918,0.4132,,,
24,Batch_Cov_TopEig,MIA,0.0571,0.8397,15,auss,0.9988,1.0000,0.9866,,,
24,Batch_Cov_TopEig,MIA_MinK,-0.0182,0.9577,11,auss,0.9828,0.9762,0.9916,,,
24,Batch_Cov_TopEig,MIA_Ref,-0.3545,0.2847,11,auss,0.9785,0.9390,0.7717,,,
24,Batch_Cov_TopEig,MIA_Hidden,-0.1636,0.6307,11,auss,0.9958,0.9939,0.9786,,,
24,Batch_Cov_TopEig,SPV_MIA,0.6895,0.0189,11,auss,0.0551,0.0703,0.1681,,,
24,Reg_S_alpha_2,Steering,-0.0440,0.8866,13,entropy,0.9873,0.9858,0.9907,,,
24,Reg_S_alpha_2,ICL,-0.0593,0.8475,13,entropy,0.8622,0.8706,0.9897,,,
24,Reg_S_alpha_2,GCG,-0.1531,0.6175,13,entropy,0.9451,0.8674,0.9786,,,
24,Reg_S_alpha_2,MIA,0.3571,0.2309,13,entropy,0.9988,0.7011,0.6972,,,
24,Reg_S_alpha_2,MIA_MinK,-0.2000,0.6059,9,entropy,0.9822,0.9120,0.9731,,,
24,Reg_S_alpha_2,MIA_Ref,0.6000,0.0876,9,entropy,0.9785,0.9794,0.3993,,,
24,Reg_S_alpha_2,MIA_Hidden,0.1667,0.6682,9,entropy,0.9958,0.9847,0.9786,,,
24,Reg_S_alpha_2,SPV_MIA,0.1667,0.6682,9,entropy,0.7201,0.7171,0.9786,,,
24,Reg_MeanCos,Steering,0.0275,0.9290,13,entropy,0.9873,0.9858,0.9907,,,
24,Reg_MeanCos,ICL,0.1213,0.6929,13,entropy,0.7303,0.7591,0.9786,,,
24,Reg_MeanCos,GCG,0.2297,0.4504,13,entropy,0.8939,0.8033,0.9101,,,
24,Reg_MeanCos,MIA,-0.2912,0.3344,13,entropy,0.9988,0.7292,0.8176,,,
24,Reg_MeanCos,MIA_MinK,0.2667,0.4879,9,entropy,0.9822,0.9120,0.9318,,,
24,Reg_MeanCos,MIA_Ref,-0.5000,0.1705,9,entropy,0.9785,0.9794,0.5807,,,
24,Reg_MeanCos,MIA_Hidden,-0.2667,0.4879,9,entropy,0.9958,0.9847,0.9318,,,
24,Reg_MeanCos,SPV_MIA,-0.2500,0.5165,9,entropy,0.6124,0.6619,0.9373,,,
24,Reg_MeanL2,Steering,-0.2033,0.5053,13,entropy,0.9873,0.9858,0.9373,,,
24,Reg_MeanL2,ICL,0.1044,0.7343,13,entropy,0.7602,0.7749,0.9786,,,
24,Reg_MeanL2,GCG,-0.1212,0.6932,13,entropy,0.9451,0.8674,0.9786,,,
24,Reg_MeanL2,MIA,-0.0879,0.7752,13,entropy,0.9988,0.9219,0.9786,,,
24,Reg_MeanL2,MIA_MinK,0.7000,0.0358,9,entropy,0.6582,0.4876,0.2392,,,
24,Reg_MeanL2,MIA_Ref,0.3333,0.3807,9,entropy,0.9785,0.9794,0.8545,,,
24,Reg_MeanL2,MIA_Hidden,-0.7000,0.0358,9,entropy,0.5979,0.3680,0.2392,,,
24,Reg_MeanL2,SPV_MIA,0.5500,0.1250,9,entropy,0.1803,0.2037,0.4879,,,
24,AnonDiff_S_alpha_2,Steering,-0.0879,0.7752,13,entropy,0.9873,0.9858,0.9786,,,
24,AnonDiff_S_alpha_2,ICL,-0.3894,0.1884,13,entropy,0.2487,0.3209,0.6194,,,
24,AnonDiff_S_alpha_2,GCG,-0.4083,0.1660,13,entropy,0.4383,0.3681,0.5807,,,
24,AnonDiff_S_alpha_2,MIA,-0.0659,0.8305,13,entropy,0.9988,0.9252,0.9786,,,
24,AnonDiff_S_alpha_2,MIA_MinK,0.0167,0.9661,9,entropy,0.9828,0.9809,0.9916,,,
24,AnonDiff_S_alpha_2,MIA_Ref,-0.3667,0.3317,9,entropy,0.9785,0.9794,0.8176,,,
24,AnonDiff_S_alpha_2,MIA_Hidden,-0.2500,0.5165,9,entropy,0.9958,0.9847,0.9373,,,
24,AnonDiff_S_alpha_2,SPV_MIA,0.7500,0.0199,9,entropy,0.0560,0.0450,0.1709,,*,
24,AnonDiff_MeanCos,Steering,0.2033,0.5053,13,entropy,0.9873,0.9858,0.9373,,,
24,AnonDiff_MeanCos,ICL,0.5531,0.0499,13,entropy,0.0888,0.1331,0.2877,,,
24,AnonDiff_MeanCos,GCG,0.5837,0.0362,13,entropy,0.2732,0.2516,0.2392,,,
24,AnonDiff_MeanCos,MIA,-0.2527,0.4048,13,entropy,0.9988,0.7370,0.8709,,,
24,AnonDiff_MeanCos,MIA_MinK,-0.1667,0.6682,9,entropy,0.9822,0.9120,0.9786,,,
24,AnonDiff_MeanCos,MIA_Ref,0.0833,0.8312,9,entropy,0.9821,0.9885,0.9786,,,
24,AnonDiff_MeanCos,MIA_Hidden,0.0500,0.8984,9,entropy,0.9958,0.9847,0.9907,,,
24,AnonDiff_MeanCos,SPV_MIA,-0.9500,0.0001,9,entropy,0.0039,0.0019,0.0285,**,**,*
24,AnonDiff_MeanL2,Steering,-0.1374,0.6545,13,entropy,0.9873,0.9858,0.9786,,,
24,AnonDiff_MeanL2,ICL,0.1947,0.5238,13,entropy,0.5974,0.6669,0.9416,,,
24,AnonDiff_MeanL2,GCG,0.0319,0.9176,13,entropy,0.9762,0.9690,0.9907,,,
24,AnonDiff_MeanL2,MIA,-0.3132,0.2974,13,entropy,0.9988,0.7011,0.7835,,,
24,AnonDiff_MeanL2,MIA_MinK,0.3500,0.3558,9,entropy,0.9822,0.9120,0.8276,,,
24,AnonDiff_MeanL2,MIA_Ref,-0.0500,0.8984,9,entropy,0.9821,1.0000,0.9907,,,
24,AnonDiff_MeanL2,MIA_Hidden,-0.8000,0.0096,9,entropy,0.5979,0.3680,0.1182,,,
24,AnonDiff_MeanL2,SPV_MIA,0.1167,0.7650,9,entropy,0.7905,0.7828,0.9786,,,
24,NormAnonDiff_S_alpha_2,Steering,-0.1264,0.6808,13,entropy,0.9873,0.9858,0.9786,,,
24,NormAnonDiff_S_alpha_2,ICL,-0.6123,0.0261,13,entropy,0.0516,0.0919,0.1979,,,
24,NormAnonDiff_S_alpha_2,GCG,-0.6156,0.0251,13,entropy,0.2453,0.2516,0.1916,,,
24,NormAnonDiff_S_alpha_2,MIA,0.0879,0.7752,13,entropy,0.9988,0.9219,0.9786,,,
24,NormAnonDiff_S_alpha_2,MIA_MinK,-0.0333,0.9322,9,entropy,0.9822,0.9803,0.9907,,,
24,NormAnonDiff_S_alpha_2,MIA_Ref,-0.2333,0.5457,9,entropy,0.9785,0.9885,0.9522,,,
24,NormAnonDiff_S_alpha_2,MIA_Hidden,0.1000,0.7980,9,entropy,0.9958,0.9847,0.9786,,,
24,NormAnonDiff_S_alpha_2,SPV_MIA,0.8667,0.0025,9,entropy,0.0164,0.0148,0.0527,*,*,
24,NormAnonDiff_MeanCos,Steering,0.2033,0.5053,13,entropy,0.9873,0.9858,0.9373,,,
24,NormAnonDiff_MeanCos,ICL,0.5531,0.0499,13,entropy,0.0888,0.1331,0.2877,,,
24,NormAnonDiff_MeanCos,GCG,0.5837,0.0362,13,entropy,0.2732,0.2516,0.2392,,,
24,NormAnonDiff_MeanCos,MIA,-0.2527,0.4048,13,entropy,0.9988,0.7370,0.8709,,,
24,NormAnonDiff_MeanCos,MIA_MinK,-0.1667,0.6682,9,entropy,0.9822,0.9120,0.9786,,,
24,NormAnonDiff_MeanCos,MIA_Ref,0.0833,0.8312,9,entropy,0.9821,0.9885,0.9786,,,
24,NormAnonDiff_MeanCos,MIA_Hidden,0.0500,0.8984,9,entropy,0.9958,0.9847,0.9907,,,
24,NormAnonDiff_MeanCos,SPV_MIA,-0.9500,0.0001,9,entropy,0.0039,0.0019,0.0285,**,**,*
25,Centroid_Norm,Steering,-0.0286,0.9195,15,auss,0.9873,0.9577,0.9907,,,
25,Centroid_Norm,ICL,0.7540,0.0012,15,auss,0.0112,0.0069,0.0464,*,**,*
25,Centroid_Norm,GCG,0.4801,0.0701,15,auss,0.3007,0.3321,0.3504,,,
25,Centroid_Norm,MIA,-0.2536,0.3618,15,auss,0.9988,1.0000,0.8361,,,
25,Centroid_Norm,MIA_MinK,0.2182,0.5192,11,auss,0.9822,0.9762,0.9373,,,
25,Centroid_Norm,MIA_Ref,0.1000,0.7699,11,auss,0.9821,0.9434,0.9786,,,
25,Centroid_Norm,MIA_Hidden,-0.1818,0.5926,11,auss,0.9958,0.9939,0.9684,,,
25,Centroid_Norm,SPV_MIA,-0.8813,0.0003,11,auss,0.0064,0.0061,0.0369,**,**,*
25,Global_Coherence,Steering,-0.0286,0.9195,15,auss,0.9873,0.9577,0.9907,,,
25,Global_Coherence,ICL,0.7540,0.0012,15,auss,0.0112,0.0069,0.0464,*,**,*
25,Global_Coherence,GCG,0.4801,0.0701,15,auss,0.3007,0.3321,0.3504,,,
25,Global_Coherence,MIA,-0.2536,0.3618,15,auss,0.9988,1.0000,0.8361,,,
25,Global_Coherence,MIA_MinK,0.2182,0.5192,11,auss,0.9822,0.9762,0.9373,,,
25,Global_Coherence,MIA_Ref,0.1000,0.7699,11,auss,0.9821,0.9434,0.9786,,,
25,Global_Coherence,MIA_Hidden,-0.1818,0.5926,11,auss,0.9958,0.9939,0.9684,,,
25,Global_Coherence,SPV_MIA,-0.8813,0.0003,11,auss,0.0064,0.0061,0.0369,**,**,*
25,Batch_SecondMoment_TopEig,Steering,-0.0286,0.9195,15,auss,0.9873,0.9577,0.9907,,,
25,Batch_SecondMoment_TopEig,ICL,0.7540,0.0012,15,auss,0.0112,0.0069,0.0464,*,**,*
25,Batch_SecondMoment_TopEig,GCG,0.4801,0.0701,15,auss,0.3007,0.3321,0.3504,,,
25,Batch_SecondMoment_TopEig,MIA,-0.2536,0.3618,15,auss,0.9988,1.0000,0.8361,,,
25,Batch_SecondMoment_TopEig,MIA_MinK,0.2182,0.5192,11,auss,0.9822,0.9762,0.9373,,,
25,Batch_SecondMoment_TopEig,MIA_Ref,0.1000,0.7699,11,auss,0.9821,0.9434,0.9786,,,
25,Batch_SecondMoment_TopEig,MIA_Hidden,-0.1818,0.5926,11,auss,0.9958,0.9939,0.9684,,,
25,Batch_SecondMoment_TopEig,SPV_MIA,-0.8813,0.0003,11,auss,0.0064,0.0061,0.0369,**,**,*
25,AUSS_L2,Steering,0.0286,0.9195,15,auss,0.9873,0.9577,0.9907,,,
25,AUSS_L2,ICL,-0.7540,0.0012,15,auss,0.0112,0.0069,0.0464,*,**,*
25,AUSS_L2,GCG,-0.4801,0.0701,15,auss,0.3007,0.3321,0.3504,,,
25,AUSS_L2,MIA,0.2536,0.3618,15,auss,0.9988,1.0000,0.8361,,,
25,AUSS_L2,MIA_MinK,-0.2182,0.5192,11,auss,0.9822,0.9762,0.9373,,,
25,AUSS_L2,MIA_Ref,-0.1000,0.7699,11,auss,0.9821,0.9434,0.9786,,,
25,AUSS_L2,MIA_Hidden,0.1818,0.5926,11,auss,0.9958,0.9939,0.9684,,,
25,AUSS_L2,SPV_MIA,0.8813,0.0003,11,auss,0.0064,0.0061,0.0369,**,**,*
25,AUSS_Cos2,Steering,0.0286,0.9195,15,auss,0.9873,0.9577,0.9907,,,
25,AUSS_Cos2,ICL,-0.7540,0.0012,15,auss,0.0112,0.0069,0.0464,*,**,*
25,AUSS_Cos2,GCG,-0.4801,0.0701,15,auss,0.3007,0.3321,0.3504,,,
25,AUSS_Cos2,MIA,0.2536,0.3618,15,auss,0.9988,1.0000,0.8361,,,
25,AUSS_Cos2,MIA_MinK,-0.2182,0.5192,11,auss,0.9822,0.9762,0.9373,,,
25,AUSS_Cos2,MIA_Ref,-0.1000,0.7699,11,auss,0.9821,0.9434,0.9786,,,
25,AUSS_Cos2,MIA_Hidden,0.1818,0.5926,11,auss,0.9958,0.9939,0.9684,,,
25,AUSS_Cos2,SPV_MIA,0.8813,0.0003,11,auss,0.0064,0.0061,0.0369,**,**,*
25,AUSS_Jac,Steering,-0.2429,0.3831,15,auss,0.9873,0.9577,0.8563,,,
25,AUSS_Jac,ICL,-0.3678,0.1774,15,auss,0.2359,0.1912,0.5973,,,
25,AUSS_Jac,GCG,-0.2900,0.2944,15,auss,0.6531,0.7130,0.7835,,,
25,AUSS_Jac,MIA,0.1321,0.6387,15,auss,0.9988,1.0000,0.9786,,,
25,AUSS_Jac,MIA_MinK,-0.3182,0.3403,11,auss,0.9822,0.9762,0.8195,,,
25,AUSS_Jac,MIA_Ref,0.3182,0.3403,11,auss,0.9785,0.9390,0.8195,,,
25,AUSS_Jac,MIA_Hidden,0.2636,0.4334,11,auss,0.9958,0.9939,0.8883,,,
25,AUSS_Jac,SPV_MIA,0.3470,0.2957,11,auss,0.3772,0.3409,0.7835,,,
25,Batch_Cov_Trace,Steering,0.0286,0.9195,15,auss,0.9873,0.9577,0.9907,,,
25,Batch_Cov_Trace,ICL,-0.7540,0.0012,15,auss,0.0112,0.0069,0.0464,*,**,*
25,Batch_Cov_Trace,GCG,-0.4801,0.0701,15,auss,0.3007,0.3321,0.3504,,,
25,Batch_Cov_Trace,MIA,0.2536,0.3618,15,auss,0.9988,1.0000,0.8361,,,
25,Batch_Cov_Trace,MIA_MinK,-0.2182,0.5192,11,auss,0.9822,0.9762,0.9373,,,
25,Batch_Cov_Trace,MIA_Ref,-0.1000,0.7699,11,auss,0.9821,0.9434,0.9786,,,
25,Batch_Cov_Trace,MIA_Hidden,0.1818,0.5926,11,auss,0.9958,0.9939,0.9684,,,
25,Batch_Cov_Trace,SPV_MIA,0.8813,0.0003,11,auss,0.0064,0.0061,0.0369,**,**,*
25,Batch_Cov_TopEig,Steering,-0.1571,0.5760,15,auss,0.9873,0.9577,0.9586,,,
25,Batch_Cov_TopEig,ICL,-0.7135,0.0028,15,auss,0.0121,0.0075,0.0538,*,**,
25,Batch_Cov_TopEig,GCG,-0.5507,0.0334,15,auss,0.2732,0.2811,0.2332,,,
25,Batch_Cov_TopEig,MIA,0.1286,0.6479,15,auss,0.9988,1.0000,0.9786,,,
25,Batch_Cov_TopEig,MIA_MinK,-0.1455,0.6696,11,auss,0.9822,0.9762,0.9786,,,
25,Batch_Cov_TopEig,MIA_Ref,-0.2818,0.4011,11,auss,0.9785,0.9390,0.8709,,,
25,Batch_Cov_TopEig,MIA_Hidden,0.0364,0.9155,11,auss,0.9958,0.9939,0.9907,,,
25,Batch_Cov_TopEig,SPV_MIA,0.8174,0.0021,11,auss,0.0160,0.0160,0.0498,*,*,*
25,Reg_S_alpha_2,Steering,-0.0769,0.8028,13,entropy,0.9873,0.9858,0.9786,,,
25,Reg_S_alpha_2,ICL,-0.1016,0.7412,13,entropy,0.7643,0.7749,0.9786,,,
25,Reg_S_alpha_2,GCG,-0.2297,0.4504,13,entropy,0.8939,0.8033,0.9101,,,
25,Reg_S_alpha_2,MIA,0.3462,0.2466,13,entropy,0.9988,0.7011,0.7270,,,
25,Reg_S_alpha_2,MIA_MinK,-0.2167,0.5755,9,entropy,0.9822,0.9120,0.9586,,,
25,Reg_S_alpha_2,MIA_Ref,0.6167,0.0769,9,entropy,0.9785,0.9794,0.3567,,,
25,Reg_S_alpha_2,MIA_Hidden,0.2333,0.5457,9,entropy,0.9958,0.9847,0.9522,,,
25,Reg_S_alpha_2,SPV_MIA,0.2167,0.5755,9,entropy,0.6620,0.6938,0.9586,,,
25,Reg_MeanCos,Steering,0.0275,0.9290,13,entropy,0.9873,0.9858,0.9907,,,
25,Reg_MeanCos,ICL,0.1213,0.6929,13,entropy,0.7303,0.7591,0.9786,,,
25,Reg_MeanCos,GCG,0.2297,0.4504,13,entropy,0.8939,0.8033,0.9101,,,
25,Reg_MeanCos,MIA,-0.2912,0.3344,13,entropy,0.9988,0.7292,0.8176,,,
25,Reg_MeanCos,MIA_MinK,0.2667,0.4879,9,entropy,0.9822,0.9120,0.9318,,,
25,Reg_MeanCos,MIA_Ref,-0.5000,0.1705,9,entropy,0.9785,0.9794,0.5807,,,
25,Reg_MeanCos,MIA_Hidden,-0.2667,0.4879,9,entropy,0.9958,0.9847,0.9318,,,
25,Reg_MeanCos,SPV_MIA,-0.2500,0.5165,9,entropy,0.6124,0.6619,0.9373,,,
25,Reg_MeanL2,Steering,-0.2033,0.5053,13,entropy,0.9873,0.9858,0.9373,,,
25,Reg_MeanL2,ICL,0.1044,0.7343,13,entropy,0.7602,0.7749,0.9786,,,
25,Reg_MeanL2,GCG,-0.1212,0.6932,13,entropy,0.9451,0.8674,0.9786,,,
25,Reg_MeanL2,MIA,-0.0879,0.7752,13,entropy,0.9988,0.9219,0.9786,,,
25,Reg_MeanL2,MIA_MinK,0.7000,0.0358,9,entropy,0.6582,0.4876,0.2392,,,
25,Reg_MeanL2,MIA_Ref,0.3333,0.3807,9,entropy,0.9785,0.9794,0.8545,,,
25,Reg_MeanL2,MIA_Hidden,-0.7000,0.0358,9,entropy,0.5979,0.3680,0.2392,,,
25,Reg_MeanL2,SPV_MIA,0.5500,0.1250,9,entropy,0.1803,0.2037,0.4879,,,
25,AnonDiff_S_alpha_2,Steering,-0.1813,0.5533,13,entropy,0.9873,0.9858,0.9522,,,
25,AnonDiff_S_alpha_2,ICL,-0.5051,0.0783,13,entropy,0.1245,0.1752,0.3618,,,
25,AnonDiff_S_alpha_2,GCG,-0.5614,0.0459,13,entropy,0.2945,0.2615,0.2813,,,
25,AnonDiff_S_alpha_2,MIA,0.0275,0.9290,13,entropy,0.9988,0.9618,0.9907,,,
25,AnonDiff_S_alpha_2,MIA_MinK,0.0833,0.8312,9,entropy,0.9822,0.9259,0.9786,,,
25,AnonDiff_S_alpha_2,MIA_Ref,-0.3167,0.4064,9,entropy,0.9785,0.9794,0.8709,,,
25,AnonDiff_S_alpha_2,MIA_Hidden,-0.1500,0.7001,9,entropy,0.9958,0.9847,0.9786,,,
25,AnonDiff_S_alpha_2,SPV_MIA,0.8167,0.0072,9,entropy,0.0300,0.0261,0.0960,*,*,
25,AnonDiff_MeanCos,Steering,0.1868,0.5411,13,entropy,0.9873,0.9858,0.9514,,,
25,AnonDiff_MeanCos,ICL,0.5728,0.0407,13,entropy,0.0739,0.1132,0.2639,,,
25,AnonDiff_MeanCos,GCG,0.5837,0.0362,13,entropy,0.2732,0.2516,0.2392,,,
25,AnonDiff_MeanCos,MIA,-0.2253,0.4593,13,entropy,0.9988,0.7484,0.9136,,,
25,AnonDiff_MeanCos,MIA_MinK,-0.1667,0.6682,9,entropy,0.9822,0.9120,0.9786,,,
25,AnonDiff_MeanCos,MIA_Ref,0.0833,0.8312,9,entropy,0.9821,0.9885,0.9786,,,
25,AnonDiff_MeanCos,MIA_Hidden,0.0500,0.8984,9,entropy,0.9958,0.9847,0.9907,,,
25,AnonDiff_MeanCos,SPV_MIA,-0.9500,0.0001,9,entropy,0.0039,0.0019,0.0285,**,**,*
25,AnonDiff_MeanL2,Steering,-0.1374,0.6545,13,entropy,0.9873,0.9858,0.9786,,,
25,AnonDiff_MeanL2,ICL,0.1947,0.5238,13,entropy,0.5974,0.6669,0.9416,,,
25,AnonDiff_MeanL2,GCG,0.0319,0.9176,13,entropy,0.9762,0.9690,0.9907,,,
25,AnonDiff_MeanL2,MIA,-0.3132,0.2974,13,entropy,0.9988,0.7011,0.7835,,,
25,AnonDiff_MeanL2,MIA_MinK,0.3500,0.3558,9,entropy,0.9822,0.9120,0.8276,,,
25,AnonDiff_MeanL2,MIA_Ref,-0.0500,0.8984,9,entropy,0.9821,1.0000,0.9907,,,
25,AnonDiff_MeanL2,MIA_Hidden,-0.8000,0.0096,9,entropy,0.5979,0.3680,0.1182,,,
25,AnonDiff_MeanL2,SPV_MIA,0.1167,0.7650,9,entropy,0.7905,0.7828,0.9786,,,
25,NormAnonDiff_S_alpha_2,Steering,-0.1099,0.7208,13,entropy,0.9873,0.9858,0.9786,,,
25,NormAnonDiff_S_alpha_2,ICL,-0.6490,0.0164,13,entropy,0.0386,0.0787,0.1495,*,,
25,NormAnonDiff_S_alpha_2,GCG,-0.6156,0.0251,13,entropy,0.2453,0.2516,0.1916,,,
25,NormAnonDiff_S_alpha_2,MIA,0.1154,0.7074,13,entropy,0.9988,0.9066,0.9786,,,
25,NormAnonDiff_S_alpha_2,MIA_MinK,-0.1333,0.7324,9,entropy,0.9822,0.9120,0.9786,,,
25,NormAnonDiff_S_alpha_2,MIA_Ref,-0.1667,0.6682,9,entropy,0.9821,0.9885,0.9786,,,
25,NormAnonDiff_S_alpha_2,MIA_Hidden,0.1333,0.7324,9,entropy,0.9958,0.9847,0.9786,,,
25,NormAnonDiff_S_alpha_2,SPV_MIA,0.9000,0.0009,9,entropy,0.0111,0.0100,0.0464,*,**,*
25,NormAnonDiff_MeanCos,Steering,0.1868,0.5411,13,entropy,0.9873,0.9858,0.9514,,,
25,NormAnonDiff_MeanCos,ICL,0.5728,0.0407,13,entropy,0.0739,0.1132,0.2639,,,
25,NormAnonDiff_MeanCos,GCG,0.5837,0.0362,13,entropy,0.2732,0.2516,0.2392,,,
25,NormAnonDiff_MeanCos,MIA,-0.2253,0.4593,13,entropy,0.9988,0.7484,0.9136,,,
25,NormAnonDiff_MeanCos,MIA_MinK,-0.1667,0.6682,9,entropy,0.9822,0.9120,0.9786,,,
25,NormAnonDiff_MeanCos,MIA_Ref,0.0833,0.8312,9,entropy,0.9821,0.9885,0.9786,,,
25,NormAnonDiff_MeanCos,MIA_Hidden,0.0500,0.8984,9,entropy,0.9958,0.9847,0.9907,,,
25,NormAnonDiff_MeanCos,SPV_MIA,-0.9500,0.0001,9,entropy,0.0039,0.0019,0.0285,**,**,*
26,Centroid_Norm,Steering,-0.0286,0.9195,15,auss,0.9873,0.9577,0.9907,,,
26,Centroid_Norm,ICL,0.7724,0.0007,15,auss,0.0112,0.0069,0.0421,*,**,*
26,Centroid_Norm,GCG,0.5036,0.0556,15,auss,0.3007,0.3124,0.3042,,,
26,Centroid_Norm,MIA,-0.1893,0.4993,15,auss,0.9988,1.0000,0.9373,,,
26,Centroid_Norm,MIA_MinK,0.2545,0.4500,11,auss,0.9822,0.9762,0.9101,,,
26,Centroid_Norm,MIA_Ref,0.1455,0.6696,11,auss,0.9821,0.9434,0.9786,,,
26,Centroid_Norm,MIA_Hidden,-0.2636,0.4334,11,auss,0.9958,0.9939,0.8883,,,
26,Centroid_Norm,SPV_MIA,-0.8722,0.0005,11,auss,0.0064,0.0061,0.0369,**,**,*
26,Global_Coherence,Steering,-0.0286,0.9195,15,auss,0.9873,0.9577,0.9907,,,
26,Global_Coherence,ICL,0.7724,0.0007,15,auss,0.0112,0.0069,0.0421,*,**,*
26,Global_Coherence,GCG,0.5036,0.0556,15,auss,0.3007,0.3124,0.3042,,,
26,Global_Coherence,MIA,-0.1893,0.4993,15,auss,0.9988,1.0000,0.9373,,,
26,Global_Coherence,MIA_MinK,0.2545,0.4500,11,auss,0.9822,0.9762,0.9101,,,
26,Global_Coherence,MIA_Ref,0.1455,0.6696,11,auss,0.9821,0.9434,0.9786,,,
26,Global_Coherence,MIA_Hidden,-0.2636,0.4334,11,auss,0.9958,0.9939,0.8883,,,
26,Global_Coherence,SPV_MIA,-0.8722,0.0005,11,auss,0.0064,0.0061,0.0369,**,**,*
26,Batch_SecondMoment_TopEig,Steering,-0.0286,0.9195,15,auss,0.9873,0.9577,0.9907,,,
26,Batch_SecondMoment_TopEig,ICL,0.7724,0.0007,15,auss,0.0112,0.0069,0.0421,*,**,*
26,Batch_SecondMoment_TopEig,GCG,0.5036,0.0556,15,auss,0.3007,0.3124,0.3042,,,
26,Batch_SecondMoment_TopEig,MIA,-0.1893,0.4993,15,auss,0.9988,1.0000,0.9373,,,
26,Batch_SecondMoment_TopEig,MIA_MinK,0.2545,0.4500,11,auss,0.9822,0.9762,0.9101,,,
26,Batch_SecondMoment_TopEig,MIA_Ref,0.1455,0.6696,11,auss,0.9821,0.9434,0.9786,,,
26,Batch_SecondMoment_TopEig,MIA_Hidden,-0.2636,0.4334,11,auss,0.9958,0.9939,0.8883,,,
26,Batch_SecondMoment_TopEig,SPV_MIA,-0.8722,0.0005,11,auss,0.0064,0.0061,0.0369,**,**,*
26,AUSS_L2,Steering,0.0286,0.9195,15,auss,0.9873,0.9577,0.9907,,,
26,AUSS_L2,ICL,-0.7724,0.0007,15,auss,0.0112,0.0069,0.0421,*,**,*
26,AUSS_L2,GCG,-0.5036,0.0556,15,auss,0.3007,0.3124,0.3042,,,
26,AUSS_L2,MIA,0.1893,0.4993,15,auss,0.9988,1.0000,0.9373,,,
26,AUSS_L2,MIA_MinK,-0.2545,0.4500,11,auss,0.9822,0.9762,0.9101,,,
26,AUSS_L2,MIA_Ref,-0.1455,0.6696,11,auss,0.9821,0.9434,0.9786,,,
26,AUSS_L2,MIA_Hidden,0.2636,0.4334,11,auss,0.9958,0.9939,0.8883,,,
26,AUSS_L2,SPV_MIA,0.8722,0.0005,11,auss,0.0064,0.0061,0.0369,**,**,*
26,AUSS_Cos2,Steering,0.0286,0.9195,15,auss,0.9873,0.9577,0.9907,,,
26,AUSS_Cos2,ICL,-0.7724,0.0007,15,auss,0.0112,0.0069,0.0421,*,**,*
26,AUSS_Cos2,GCG,-0.5036,0.0556,15,auss,0.3007,0.3124,0.3042,,,
26,AUSS_Cos2,MIA,0.1893,0.4993,15,auss,0.9988,1.0000,0.9373,,,
26,AUSS_Cos2,MIA_MinK,-0.2545,0.4500,11,auss,0.9822,0.9762,0.9101,,,
26,AUSS_Cos2,MIA_Ref,-0.1455,0.6696,11,auss,0.9821,0.9434,0.9786,,,
26,AUSS_Cos2,MIA_Hidden,0.2636,0.4334,11,auss,0.9958,0.9939,0.8883,,,
26,AUSS_Cos2,SPV_MIA,0.8722,0.0005,11,auss,0.0064,0.0061,0.0369,**,**,*
26,AUSS_Jac,Steering,-0.3500,0.2009,15,auss,0.9873,0.9577,0.6484,,,
26,AUSS_Jac,ICL,-0.4818,0.0690,15,auss,0.1141,0.0863,0.3488,,,
26,AUSS_Jac,GCG,-0.3606,0.1867,15,auss,0.4763,0.5869,0.6175,,,
26,AUSS_Jac,MIA,0.3393,0.2160,15,auss,0.9988,1.0000,0.6724,,,
26,AUSS_Jac,MIA_MinK,-0.2727,0.4171,11,auss,0.9822,0.9762,0.8797,,,
26,AUSS_Jac,MIA_Ref,0.3909,0.2345,11,auss,0.9785,0.9390,0.7036,,,
26,AUSS_Jac,MIA_Hidden,0.2273,0.5015,11,auss,0.9958,0.9939,0.9373,,,
26,AUSS_Jac,SPV_MIA,0.5845,0.0590,11,auss,0.1041,0.1018,0.3133,,,
26,Batch_Cov_Trace,Steering,0.0286,0.9195,15,auss,0.9873,0.9577,0.9907,,,
26,Batch_Cov_Trace,ICL,-0.7724,0.0007,15,auss,0.0112,0.0069,0.0421,*,**,*
26,Batch_Cov_Trace,GCG,-0.5036,0.0556,15,auss,0.3007,0.3124,0.3042,,,
26,Batch_Cov_Trace,MIA,0.1893,0.4993,15,auss,0.9988,1.0000,0.9373,,,
26,Batch_Cov_Trace,MIA_MinK,-0.2545,0.4500,11,auss,0.9822,0.9762,0.9101,,,
26,Batch_Cov_Trace,MIA_Ref,-0.1455,0.6696,11,auss,0.9821,0.9434,0.9786,,,
26,Batch_Cov_Trace,MIA_Hidden,0.2636,0.4334,11,auss,0.9958,0.9939,0.8883,,,
26,Batch_Cov_Trace,SPV_MIA,0.8722,0.0005,11,auss,0.0064,0.0061,0.0369,**,**,*
26,Batch_Cov_TopEig,Steering,-0.1214,0.6664,15,auss,0.9873,0.9577,0.9786,,,
26,Batch_Cov_TopEig,ICL,-0.7834,0.0006,15,auss,0.0112,0.0069,0.0381,*,**,*
26,Batch_Cov_TopEig,GCG,-0.4723,0.0755,15,auss,0.3007,0.3321,0.3567,,,
26,Batch_Cov_TopEig,MIA,0.1536,0.5848,15,auss,0.9988,1.0000,0.9684,,,
26,Batch_Cov_TopEig,MIA_MinK,-0.1636,0.6307,11,auss,0.9822,0.9762,0.9786,,,
26,Batch_Cov_TopEig,MIA_Ref,-0.2636,0.4334,11,auss,0.9785,0.9390,0.8883,,,
26,Batch_Cov_TopEig,MIA_Hidden,0.0182,0.9577,11,auss,0.9958,0.9939,0.9916,,,
26,Batch_Cov_TopEig,SPV_MIA,0.8402,0.0012,11,auss,0.0127,0.0127,0.0464,*,*,*
26,Reg_S_alpha_2,Steering,-0.1209,0.6940,13,entropy,0.9873,0.9858,0.9786,,,
26,Reg_S_alpha_2,ICL,-0.0818,0.7904,13,entropy,0.8119,0.8215,0.9786,,,
26,Reg_S_alpha_2,GCG,-0.2297,0.4504,13,entropy,0.8939,0.8033,0.9101,,,
26,Reg_S_alpha_2,MIA,0.3901,0.1876,13,entropy,0.9988,0.7011,0.6175,,,
26,Reg_S_alpha_2,MIA_MinK,-0.2500,0.5165,9,entropy,0.9822,0.9120,0.9373,,,
26,Reg_S_alpha_2,MIA_Ref,0.6667,0.0499,9,entropy,0.9785,0.9794,0.2877,,,
26,Reg_S_alpha_2,MIA_Hidden,0.2667,0.4879,9,entropy,0.9958,0.9847,0.9318,,,
26,Reg_S_alpha_2,SPV_MIA,0.2000,0.6059,9,entropy,0.6910,0.7154,0.9731,,,
26,Reg_MeanCos,Steering,0.1264,0.6808,13,entropy,0.9873,0.9858,0.9786,,,
26,Reg_MeanCos,ICL,0.0649,0.8332,13,entropy,0.8509,0.8592,0.9800,,,
26,Reg_MeanCos,GCG,0.2679,0.3761,13,entropy,0.7912,0.7265,0.8545,,,
26,Reg_MeanCos,MIA,-0.3681,0.2159,13,entropy,0.9988,0.7011,0.6724,,,
26,Reg_MeanCos,MIA_MinK,0.2167,0.5755,9,entropy,0.9822,0.9120,0.9586,,,
26,Reg_MeanCos,MIA_Ref,-0.6167,0.0769,9,entropy,0.9785,0.9794,0.3567,,,
26,Reg_MeanCos,MIA_Hidden,-0.2333,0.5457,9,entropy,0.9958,0.9847,0.9522,,,
26,Reg_MeanCos,SPV_MIA,-0.2167,0.5755,9,entropy,0.6620,0.6938,0.9586,,,
26,Reg_MeanL2,Steering,-0.2033,0.5053,13,entropy,0.9873,0.9858,0.9373,,,
26,Reg_MeanL2,ICL,0.1044,0.7343,13,entropy,0.7602,0.7749,0.9786,,,
26,Reg_MeanL2,GCG,-0.1212,0.6932,13,entropy,0.9451,0.8674,0.9786,,,
26,Reg_MeanL2,MIA,-0.0879,0.7752,13,entropy,0.9988,0.9219,0.9786,,,
26,Reg_MeanL2,MIA_MinK,0.7000,0.0358,9,entropy,0.6582,0.4876,0.2392,,,
26,Reg_MeanL2,MIA_Ref,0.3333,0.3807,9,entropy,0.9785,0.9794,0.8545,,,
26,Reg_MeanL2,MIA_Hidden,-0.7000,0.0358,9,entropy,0.5979,0.3680,0.2392,,,
26,Reg_MeanL2,SPV_MIA,0.5500,0.1250,9,entropy,0.1803,0.2037,0.4879,,,
26,AnonDiff_S_alpha_2,Steering,-0.0824,0.7890,13,entropy,0.9873,0.9858,0.9786,,,
26,AnonDiff_S_alpha_2,ICL,-0.4882,0.0905,13,entropy,0.1419,0.1946,0.4060,,,
26,AnonDiff_S_alpha_2,GCG,-0.4849,0.0931,13,entropy,0.3140,0.2615,0.4082,,,
26,AnonDiff_S_alpha_2,MIA,-0.0659,0.8305,13,entropy,0.9988,0.9252,0.9786,,,
26,AnonDiff_S_alpha_2,MIA_MinK,0.0667,0.8647,9,entropy,0.9822,0.9356,0.9897,,,
26,AnonDiff_S_alpha_2,MIA_Ref,-0.4167,0.2646,9,entropy,0.9785,0.9794,0.7422,,,
26,AnonDiff_S_alpha_2,MIA_Hidden,-0.1000,0.7980,9,entropy,0.9958,0.9847,0.9786,,,
26,AnonDiff_S_alpha_2,SPV_MIA,0.7500,0.0199,9,entropy,0.0560,0.0450,0.1709,,*,
26,AnonDiff_MeanCos,Steering,0.1868,0.5411,13,entropy,0.9873,0.9858,0.9514,,,
26,AnonDiff_MeanCos,ICL,0.6265,0.0220,13,entropy,0.0453,0.0865,0.1807,*,,
26,AnonDiff_MeanCos,GCG,0.5837,0.0362,13,entropy,0.2732,0.2516,0.2392,,,
26,AnonDiff_MeanCos,MIA,-0.2308,0.4481,13,entropy,0.9988,0.7484,0.9101,,,
26,AnonDiff_MeanCos,MIA_MinK,-0.1667,0.6682,9,entropy,0.9822,0.9120,0.9786,,,
26,AnonDiff_MeanCos,MIA_Ref,0.0833,0.8312,9,entropy,0.9821,0.9885,0.9786,,,
26,AnonDiff_MeanCos,MIA_Hidden,0.0500,0.8984,9,entropy,0.9958,0.9847,0.9907,,,
26,AnonDiff_MeanCos,SPV_MIA,-0.9500,0.0001,9,entropy,0.0039,0.0019,0.0285,**,**,*
26,AnonDiff_MeanL2,Steering,-0.1374,0.6545,13,entropy,0.9873,0.9858,0.9786,,,
26,AnonDiff_MeanL2,ICL,0.1947,0.5238,13,entropy,0.5974,0.6669,0.9416,,,
26,AnonDiff_MeanL2,GCG,0.0319,0.9176,13,entropy,0.9762,0.9690,0.9907,,,
26,AnonDiff_MeanL2,MIA,-0.3132,0.2974,13,entropy,0.9988,0.7011,0.7835,,,
26,AnonDiff_MeanL2,MIA_MinK,0.3500,0.3558,9,entropy,0.9822,0.9120,0.8276,,,
26,AnonDiff_MeanL2,MIA_Ref,-0.0500,0.8984,9,entropy,0.9821,1.0000,0.9907,,,
26,AnonDiff_MeanL2,MIA_Hidden,-0.8000,0.0096,9,entropy,0.5979,0.3680,0.1182,,,
26,AnonDiff_MeanL2,SPV_MIA,0.1167,0.7650,9,entropy,0.7905,0.7828,0.9786,,,
26,NormAnonDiff_S_alpha_2,Steering,-0.1319,0.6676,13,entropy,0.9873,0.9858,0.9786,,,
26,NormAnonDiff_S_alpha_2,ICL,-0.6688,0.0124,13,entropy,0.0339,0.0787,0.1346,*,,
26,NormAnonDiff_S_alpha_2,GCG,-0.6156,0.0251,13,entropy,0.2453,0.2516,0.1916,,,
26,NormAnonDiff_S_alpha_2,MIA,0.1264,0.6808,13,entropy,0.9988,0.8938,0.9786,,,
26,NormAnonDiff_S_alpha_2,MIA_MinK,-0.1333,0.7324,9,entropy,0.9822,0.9120,0.9786,,,
26,NormAnonDiff_S_alpha_2,MIA_Ref,-0.1667,0.6682,9,entropy,0.9821,0.9885,0.9786,,,
26,NormAnonDiff_S_alpha_2,MIA_Hidden,0.1333,0.7324,9,entropy,0.9958,0.9847,0.9786,,,
26,NormAnonDiff_S_alpha_2,SPV_MIA,0.9000,0.0009,9,entropy,0.0111,0.0100,0.0464,*,**,*
26,NormAnonDiff_MeanCos,Steering,0.1868,0.5411,13,entropy,0.9873,0.9858,0.9514,,,
26,NormAnonDiff_MeanCos,ICL,0.6265,0.0220,13,entropy,0.0453,0.0865,0.1807,*,,
26,NormAnonDiff_MeanCos,GCG,0.5837,0.0362,13,entropy,0.2732,0.2516,0.2392,,,
26,NormAnonDiff_MeanCos,MIA,-0.2308,0.4481,13,entropy,0.9988,0.7484,0.9101,,,
26,NormAnonDiff_MeanCos,MIA_MinK,-0.1667,0.6682,9,entropy,0.9822,0.9120,0.9786,,,
26,NormAnonDiff_MeanCos,MIA_Ref,0.0833,0.8312,9,entropy,0.9821,0.9885,0.9786,,,
26,NormAnonDiff_MeanCos,MIA_Hidden,0.0500,0.8984,9,entropy,0.9958,0.9847,0.9907,,,
26,NormAnonDiff_MeanCos,SPV_MIA,-0.9500,0.0001,9,entropy,0.0039,0.0019,0.0285,**,**,*
27,Centroid_Norm,Steering,0.0250,0.9295,15,auss,0.9873,0.9577,0.9907,,,
27,Centroid_Norm,ICL,0.8092,0.0003,15,auss,0.0112,0.0069,0.0369,*,**,*
27,Centroid_Norm,GCG,0.5213,0.0463,15,auss,0.2945,0.3124,0.2814,,,
27,Centroid_Norm,MIA,-0.2321,0.4051,15,auss,0.9988,1.0000,0.8709,,,
27,Centroid_Norm,MIA_MinK,0.2727,0.4171,11,auss,0.9822,0.9762,0.8797,,,
27,Centroid_Norm,MIA_Ref,0.1273,0.7092,11,auss,0.9821,0.9434,0.9786,,,
27,Centroid_Norm,MIA_Hidden,-0.3636,0.2716,11,auss,0.9958,0.9939,0.7465,,,
27,Centroid_Norm,SPV_MIA,-0.8722,0.0005,11,auss,0.0064,0.0061,0.0369,**,**,*
27,Global_Coherence,Steering,0.0250,0.9295,15,auss,0.9873,0.9577,0.9907,,,
27,Global_Coherence,ICL,0.8092,0.0003,15,auss,0.0112,0.0069,0.0369,*,**,*
27,Global_Coherence,GCG,0.5213,0.0463,15,auss,0.2945,0.3124,0.2814,,,
27,Global_Coherence,MIA,-0.2321,0.4051,15,auss,0.9988,1.0000,0.8709,,,
27,Global_Coherence,MIA_MinK,0.2727,0.4171,11,auss,0.9822,0.9762,0.8797,,,
27,Global_Coherence,MIA_Ref,0.1273,0.7092,11,auss,0.9821,0.9434,0.9786,,,
27,Global_Coherence,MIA_Hidden,-0.3636,0.2716,11,auss,0.9958,0.9939,0.7465,,,
27,Global_Coherence,SPV_MIA,-0.8722,0.0005,11,auss,0.0064,0.0061,0.0369,**,**,*
27,Batch_SecondMoment_TopEig,Steering,0.0250,0.9295,15,auss,0.9873,0.9577,0.9907,,,
27,Batch_SecondMoment_TopEig,ICL,0.8092,0.0003,15,auss,0.0112,0.0069,0.0369,*,**,*
27,Batch_SecondMoment_TopEig,GCG,0.5213,0.0463,15,auss,0.2945,0.3124,0.2814,,,
27,Batch_SecondMoment_TopEig,MIA,-0.2321,0.4051,15,auss,0.9988,1.0000,0.8709,,,
27,Batch_SecondMoment_TopEig,MIA_MinK,0.2727,0.4171,11,auss,0.9822,0.9762,0.8797,,,
27,Batch_SecondMoment_TopEig,MIA_Ref,0.1273,0.7092,11,auss,0.9821,0.9434,0.9786,,,
27,Batch_SecondMoment_TopEig,MIA_Hidden,-0.3636,0.2716,11,auss,0.9958,0.9939,0.7465,,,
27,Batch_SecondMoment_TopEig,SPV_MIA,-0.8722,0.0005,11,auss,0.0064,0.0061,0.0369,**,**,*
27,AUSS_L2,Steering,-0.0250,0.9295,15,auss,0.9873,0.9577,0.9907,,,
27,AUSS_L2,ICL,-0.8092,0.0003,15,auss,0.0112,0.0069,0.0369,*,**,*
27,AUSS_L2,GCG,-0.5213,0.0463,15,auss,0.2945,0.3124,0.2814,,,
27,AUSS_L2,MIA,0.2321,0.4051,15,auss,0.9988,1.0000,0.8709,,,
27,AUSS_L2,MIA_MinK,-0.2727,0.4171,11,auss,0.9822,0.9762,0.8797,,,
27,AUSS_L2,MIA_Ref,-0.1273,0.7092,11,auss,0.9821,0.9434,0.9786,,,
27,AUSS_L2,MIA_Hidden,0.3636,0.2716,11,auss,0.9958,0.9939,0.7465,,,
27,AUSS_L2,SPV_MIA,0.8722,0.0005,11,auss,0.0064,0.0061,0.0369,**,**,*
27,AUSS_Cos2,Steering,-0.0250,0.9295,15,auss,0.9873,0.9577,0.9907,,,
27,AUSS_Cos2,ICL,-0.8092,0.0003,15,auss,0.0112,0.0069,0.0369,*,**,*
27,AUSS_Cos2,GCG,-0.5213,0.0463,15,auss,0.2945,0.3124,0.2814,,,
27,AUSS_Cos2,MIA,0.2321,0.4051,15,auss,0.9988,1.0000,0.8709,,,
27,AUSS_Cos2,MIA_MinK,-0.2727,0.4171,11,auss,0.9822,0.9762,0.8797,,,
27,AUSS_Cos2,MIA_Ref,-0.1273,0.7092,11,auss,0.9821,0.9434,0.9786,,,
27,AUSS_Cos2,MIA_Hidden,0.3636,0.2716,11,auss,0.9958,0.9939,0.7465,,,
27,AUSS_Cos2,SPV_MIA,0.8722,0.0005,11,auss,0.0064,0.0061,0.0369,**,**,*
27,AUSS_Jac,Steering,-0.2679,0.3344,15,auss,0.9873,0.9577,0.8176,,,
27,AUSS_Jac,ICL,-0.5296,0.0423,15,auss,0.0762,0.0564,0.2712,,,
27,AUSS_Jac,GCG,-0.5369,0.0390,15,auss,0.2902,0.3122,0.2544,,,
27,AUSS_Jac,MIA,0.2214,0.4277,15,auss,0.9988,1.0000,0.8883,,,
27,AUSS_Jac,MIA_MinK,-0.4727,0.1420,11,auss,0.9822,0.9762,0.5261,,,
27,AUSS_Jac,MIA_Ref,0.2545,0.4500,11,auss,0.9785,0.9390,0.9101,,,
27,AUSS_Jac,MIA_Hidden,0.2909,0.3855,11,auss,0.9958,0.9939,0.8583,,,
27,AUSS_Jac,SPV_MIA,0.6986,0.0168,11,auss,0.0492,0.0633,0.1524,*,,
27,Batch_Cov_Trace,Steering,-0.0250,0.9295,15,auss,0.9873,0.9577,0.9907,,,
27,Batch_Cov_Trace,ICL,-0.8092,0.0003,15,auss,0.0112,0.0069,0.0369,*,**,*
27,Batch_Cov_Trace,GCG,-0.5213,0.0463,15,auss,0.2945,0.3124,0.2814,,,
27,Batch_Cov_Trace,MIA,0.2321,0.4051,15,auss,0.9988,1.0000,0.8709,,,
27,Batch_Cov_Trace,MIA_MinK,-0.2727,0.4171,11,auss,0.9822,0.9762,0.8797,,,
27,Batch_Cov_Trace,MIA_Ref,-0.1273,0.7092,11,auss,0.9821,0.9434,0.9786,,,
27,Batch_Cov_Trace,MIA_Hidden,0.3636,0.2716,11,auss,0.9958,0.9939,0.7465,,,
27,Batch_Cov_Trace,SPV_MIA,0.8722,0.0005,11,auss,0.0064,0.0061,0.0369,**,**,*
27,Batch_Cov_TopEig,Steering,0.0036,0.9899,15,auss,0.9899,0.9899,1.0000,,,
27,Batch_Cov_TopEig,ICL,-0.8129,0.0002,15,auss,0.0112,0.0069,0.0369,*,**,*
27,Batch_Cov_TopEig,GCG,-0.2489,0.3711,15,auss,0.7869,0.8445,0.8495,,,
27,Batch_Cov_TopEig,MIA,0.2321,0.4051,15,auss,0.9988,1.0000,0.8709,,,
27,Batch_Cov_TopEig,MIA_MinK,-0.4273,0.1899,11,auss,0.9822,0.9762,0.6215,,,
27,Batch_Cov_TopEig,MIA_Ref,-0.0909,0.7904,11,auss,0.9821,0.9434,0.9786,,,
27,Batch_Cov_TopEig,MIA_Hidden,0.2273,0.5015,11,auss,0.9958,0.9939,0.9373,,,
27,Batch_Cov_TopEig,SPV_MIA,0.8448,0.0011,11,auss,0.0122,0.0127,0.0464,*,*,*
27,Reg_S_alpha_2,Steering,-0.2527,0.4048,13,entropy,0.9873,0.9858,0.8709,,,
27,Reg_S_alpha_2,ICL,0.0113,0.9708,13,entropy,0.9726,0.9745,0.9932,,,
27,Reg_S_alpha_2,GCG,-0.3062,0.3089,13,entropy,0.6795,0.6225,0.8031,,,
27,Reg_S_alpha_2,MIA,0.4011,0.1744,13,entropy,0.9988,0.7011,0.5882,,,
27,Reg_S_alpha_2,MIA_MinK,-0.2500,0.5165,9,entropy,0.9822,0.9120,0.9373,,,
27,Reg_S_alpha_2,MIA_Ref,0.6667,0.0499,9,entropy,0.9785,0.9794,0.2877,,,
27,Reg_S_alpha_2,MIA_Hidden,0.2667,0.4879,9,entropy,0.9958,0.9847,0.9318,,,
27,Reg_S_alpha_2,SPV_MIA,0.2000,0.6059,9,entropy,0.6910,0.7154,0.9731,,,
27,Reg_MeanCos,Steering,0.2527,0.4048,13,entropy,0.9873,0.9858,0.8709,,,
27,Reg_MeanCos,ICL,-0.0113,0.9708,13,entropy,0.9726,0.9745,0.9932,,,
27,Reg_MeanCos,GCG,0.3062,0.3089,13,entropy,0.6795,0.6225,0.8031,,,
27,Reg_MeanCos,MIA,-0.4011,0.1744,13,entropy,0.9988,0.7011,0.5882,,,
27,Reg_MeanCos,MIA_MinK,0.2500,0.5165,9,entropy,0.9822,0.9120,0.9373,,,
27,Reg_MeanCos,MIA_Ref,-0.6667,0.0499,9,entropy,0.9785,0.9794,0.2877,,,
27,Reg_MeanCos,MIA_Hidden,-0.2667,0.4879,9,entropy,0.9958,0.9847,0.9318,,,
27,Reg_MeanCos,SPV_MIA,-0.2000,0.6059,9,entropy,0.6910,0.7154,0.9731,,,
27,Reg_MeanL2,Steering,-0.2033,0.5053,13,entropy,0.9873,0.9858,0.9373,,,
27,Reg_MeanL2,ICL,0.1044,0.7343,13,entropy,0.7602,0.7749,0.9786,,,
27,Reg_MeanL2,GCG,-0.1212,0.6932,13,entropy,0.9451,0.8674,0.9786,,,
27,Reg_MeanL2,MIA,-0.0879,0.7752,13,entropy,0.9988,0.9219,0.9786,,,
27,Reg_MeanL2,MIA_MinK,0.7000,0.0358,9,entropy,0.6582,0.4876,0.2392,,,
27,Reg_MeanL2,MIA_Ref,0.3333,0.3807,9,entropy,0.9785,0.9794,0.8545,,,
27,Reg_MeanL2,MIA_Hidden,-0.7000,0.0358,9,entropy,0.5979,0.3680,0.2392,,,
27,Reg_MeanL2,SPV_MIA,0.5500,0.1250,9,entropy,0.1803,0.2037,0.4879,,,
27,AnonDiff_S_alpha_2,Steering,-0.1484,0.6286,13,entropy,0.9873,0.9858,0.9786,,,
27,AnonDiff_S_alpha_2,ICL,-0.6293,0.0212,13,entropy,0.0453,0.0865,0.1807,*,,
27,AnonDiff_S_alpha_2,GCG,-0.6699,0.0122,13,entropy,0.1376,0.1617,0.1346,,,
27,AnonDiff_S_alpha_2,MIA,-0.0495,0.8725,13,entropy,0.9988,0.9558,0.9897,,,
27,AnonDiff_S_alpha_2,MIA_MinK,-0.0500,0.8984,9,entropy,0.9822,0.9680,0.9907,,,
27,AnonDiff_S_alpha_2,MIA_Ref,-0.4167,0.2646,9,entropy,0.9785,0.9794,0.7422,,,
27,AnonDiff_S_alpha_2,MIA_Hidden,0.1500,0.7001,9,entropy,0.9958,0.9847,0.9786,,,
27,AnonDiff_S_alpha_2,SPV_MIA,0.8000,0.0096,9,entropy,0.0379,0.0318,0.1182,*,*,
27,AnonDiff_MeanCos,Steering,0.2033,0.5053,13,entropy,0.9873,0.9858,0.9373,,,
27,AnonDiff_MeanCos,ICL,0.6631,0.0135,13,entropy,0.0342,0.0787,0.1368,*,,
27,AnonDiff_MeanCos,GCG,0.5837,0.0362,13,entropy,0.2732,0.2516,0.2392,,,
27,AnonDiff_MeanCos,MIA,-0.2857,0.3440,13,entropy,0.9988,0.7292,0.8237,,,
27,AnonDiff_MeanCos,MIA_MinK,-0.0667,0.8647,9,entropy,0.9822,0.9356,0.9897,,,
27,AnonDiff_MeanCos,MIA_Ref,0.0167,0.9661,9,entropy,1.0000,1.0000,0.9916,,,
27,AnonDiff_MeanCos,MIA_Hidden,0.0167,0.9661,9,entropy,0.9958,0.9847,0.9916,,,
27,AnonDiff_MeanCos,SPV_MIA,-0.9833,0.0000,9,entropy,0.0003,0.0001,0.0020,**,**,**
27,AnonDiff_MeanL2,Steering,-0.1758,0.5656,13,entropy,0.9873,0.9858,0.9586,,,
27,AnonDiff_MeanL2,ICL,0.1947,0.5238,13,entropy,0.5974,0.6669,0.9416,,,
27,AnonDiff_MeanL2,GCG,-0.0064,0.9835,13,entropy,0.9986,0.9948,0.9974,,,
27,AnonDiff_MeanL2,MIA,-0.2637,0.3839,13,entropy,0.9988,0.7292,0.8563,,,
27,AnonDiff_MeanL2,MIA_MinK,0.3667,0.3317,9,entropy,0.9822,0.9120,0.8176,,,
27,AnonDiff_MeanL2,MIA_Ref,0.0167,0.9661,9,entropy,1.0000,1.0000,0.9916,,,
27,AnonDiff_MeanL2,MIA_Hidden,-0.7500,0.0199,9,entropy,0.5979,0.3680,0.1709,,,
27,AnonDiff_MeanL2,SPV_MIA,0.2167,0.5755,9,entropy,0.6620,0.6938,0.9586,,,
27,NormAnonDiff_S_alpha_2,Steering,-0.1264,0.6808,13,entropy,0.9873,0.9858,0.9786,,,
27,NormAnonDiff_S_alpha_2,ICL,-0.7168,0.0058,13,entropy,0.0208,0.0571,0.0860,*,,
27,NormAnonDiff_S_alpha_2,GCG,-0.6156,0.0251,13,entropy,0.2453,0.2516,0.1916,,,
27,NormAnonDiff_S_alpha_2,MIA,0.1538,0.6158,13,entropy,0.9988,0.8294,0.9786,,,
27,NormAnonDiff_S_alpha_2,MIA_MinK,-0.1333,0.7324,9,entropy,0.9822,0.9120,0.9786,,,
27,NormAnonDiff_S_alpha_2,MIA_Ref,-0.1667,0.6682,9,entropy,0.9821,0.9885,0.9786,,,
27,NormAnonDiff_S_alpha_2,MIA_Hidden,0.1333,0.7324,9,entropy,0.9958,0.9847,0.9786,,,
27,NormAnonDiff_S_alpha_2,SPV_MIA,0.9000,0.0009,9,entropy,0.0111,0.0100,0.0464,*,**,*
27,NormAnonDiff_MeanCos,Steering,0.2033,0.5053,13,entropy,0.9873,0.9858,0.9373,,,
27,NormAnonDiff_MeanCos,ICL,0.6631,0.0135,13,entropy,0.0342,0.0787,0.1368,*,,
27,NormAnonDiff_MeanCos,GCG,0.5837,0.0362,13,entropy,0.2732,0.2516,0.2392,,,
27,NormAnonDiff_MeanCos,MIA,-0.2857,0.3440,13,entropy,0.9988,0.7292,0.8237,,,
27,NormAnonDiff_MeanCos,MIA_MinK,-0.0667,0.8647,9,entropy,0.9822,0.9356,0.9897,,,
27,NormAnonDiff_MeanCos,MIA_Ref,0.0167,0.9661,9,entropy,1.0000,1.0000,0.9916,,,
27,NormAnonDiff_MeanCos,MIA_Hidden,0.0167,0.9661,9,entropy,0.9958,0.9847,0.9916,,,
27,NormAnonDiff_MeanCos,SPV_MIA,-0.9833,0.0000,9,entropy,0.0003,0.0001,0.0020,**,**,**
28,Centroid_Norm,Steering,0.0821,0.7710,15,auss,0.9873,0.9577,0.9786,,,
28,Centroid_Norm,ICL,0.6473,0.0091,15,auss,0.0282,0.0176,0.1152,*,*,
28,Centroid_Norm,GCG,0.3253,0.2368,15,auss,0.5531,0.6276,0.7058,,,
28,Centroid_Norm,MIA,-0.3107,0.2597,15,auss,0.9988,1.0000,0.7422,,,
28,Centroid_Norm,MIA_MinK,0.6727,0.0233,11,auss,0.6582,0.7671,0.1848,,,
28,Centroid_Norm,MIA_Ref,-0.1636,0.6307,11,auss,0.9821,0.9434,0.9786,,,
28,Centroid_Norm,MIA_Hidden,-0.6545,0.0289,11,auss,0.5979,0.9939,0.2113,,,
28,Centroid_Norm,SPV_MIA,-0.3288,0.3236,11,auss,0.4058,0.3619,0.8163,,,
28,Global_Coherence,Steering,0.0821,0.7710,15,auss,0.9873,0.9577,0.9786,,,
28,Global_Coherence,ICL,0.6473,0.0091,15,auss,0.0282,0.0176,0.1152,*,*,
28,Global_Coherence,GCG,0.3253,0.2368,15,auss,0.5531,0.6276,0.7058,,,
28,Global_Coherence,MIA,-0.3107,0.2597,15,auss,0.9988,1.0000,0.7422,,,
28,Global_Coherence,MIA_MinK,0.6727,0.0233,11,auss,0.6582,0.7671,0.1848,,,
28,Global_Coherence,MIA_Ref,-0.1636,0.6307,11,auss,0.9821,0.9434,0.9786,,,
28,Global_Coherence,MIA_Hidden,-0.6545,0.0289,11,auss,0.5979,0.9939,0.2113,,,
28,Global_Coherence,SPV_MIA,-0.3288,0.3236,11,auss,0.4058,0.3619,0.8163,,,
28,Batch_SecondMoment_TopEig,Steering,0.0857,0.7613,15,auss,0.9873,0.9577,0.9786,,,
28,Batch_SecondMoment_TopEig,ICL,0.6179,0.0141,15,auss,0.0351,0.0223,0.1394,*,*,
28,Batch_SecondMoment_TopEig,GCG,0.3253,0.2368,15,auss,0.5531,0.6276,0.7058,,,
28,Batch_SecondMoment_TopEig,MIA,-0.3214,0.2427,15,auss,0.9988,1.0000,0.7220,,,
28,Batch_SecondMoment_TopEig,MIA_MinK,0.6091,0.0467,11,auss,0.6582,0.9483,0.2826,,,
28,Batch_SecondMoment_TopEig,MIA_Ref,-0.1818,0.5926,11,auss,0.9785,0.9434,0.9684,,,
28,Batch_SecondMoment_TopEig,MIA_Hidden,-0.6909,0.0186,11,auss,0.5979,0.9939,0.1654,,,
28,Batch_SecondMoment_TopEig,SPV_MIA,-0.3379,0.3095,11,auss,0.3919,0.3522,0.8031,,,
28,AUSS_L2,Steering,-0.0821,0.7710,15,auss,0.9873,0.9577,0.9786,,,
28,AUSS_L2,ICL,-0.6473,0.0091,15,auss,0.0282,0.0176,0.1152,*,*,
28,AUSS_L2,GCG,-0.3253,0.2368,15,auss,0.5531,0.6276,0.7058,,,
28,AUSS_L2,MIA,0.3107,0.2597,15,auss,0.9988,1.0000,0.7422,,,
28,AUSS_L2,MIA_MinK,-0.6727,0.0233,11,auss,0.6582,0.7671,0.1848,,,
28,AUSS_L2,MIA_Ref,0.1636,0.6307,11,auss,0.9821,0.9434,0.9786,,,
28,AUSS_L2,MIA_Hidden,0.6545,0.0289,11,auss,0.5979,0.9939,0.2113,,,
28,AUSS_L2,SPV_MIA,0.3288,0.3236,11,auss,0.4058,0.3619,0.8163,,,
28,AUSS_Cos2,Steering,-0.0857,0.7613,15,auss,0.9873,0.9577,0.9786,,,
28,AUSS_Cos2,ICL,-0.6179,0.0141,15,auss,0.0351,0.0223,0.1394,*,*,
28,AUSS_Cos2,GCG,-0.3253,0.2368,15,auss,0.5531,0.6276,0.7058,,,
28,AUSS_Cos2,MIA,0.3214,0.2427,15,auss,0.9988,1.0000,0.7220,,,
28,AUSS_Cos2,MIA_MinK,-0.6091,0.0467,11,auss,0.6582,0.9483,0.2826,,,
28,AUSS_Cos2,MIA_Ref,0.1818,0.5926,11,auss,0.9785,0.9434,0.9684,,,
28,AUSS_Cos2,MIA_Hidden,0.6909,0.0186,11,auss,0.5979,0.9939,0.1654,,,
28,AUSS_Cos2,SPV_MIA,0.3379,0.3095,11,auss,0.3919,0.3522,0.8031,,,
28,AUSS_Jac,Steering,-0.1786,0.5243,15,auss,0.9873,0.9577,0.9416,,,
28,AUSS_Jac,ICL,-0.3126,0.2566,15,auss,0.3257,0.2742,0.7383,,,
28,AUSS_Jac,GCG,-0.1470,0.6012,15,auss,0.9451,0.9546,0.9731,,,
28,AUSS_Jac,MIA,0.1357,0.6296,15,auss,0.9988,1.0000,0.9786,,,
28,AUSS_Jac,MIA_MinK,-0.4455,0.1697,11,auss,0.9822,0.9762,0.5807,,,
28,AUSS_Jac,MIA_Ref,0.1455,0.6696,11,auss,0.9821,0.9434,0.9786,,,
28,AUSS_Jac,MIA_Hidden,0.4727,0.1420,11,auss,0.8424,0.9939,0.5261,,,
28,AUSS_Jac,SPV_MIA,-0.0183,0.9575,11,auss,0.9611,0.9648,0.9916,,,
28,Batch_Cov_Trace,Steering,-0.0821,0.7710,15,auss,0.9873,0.9577,0.9786,,,
28,Batch_Cov_Trace,ICL,-0.6473,0.0091,15,auss,0.0282,0.0176,0.1152,*,*,
28,Batch_Cov_Trace,GCG,-0.3253,0.2368,15,auss,0.5531,0.6276,0.7058,,,
28,Batch_Cov_Trace,MIA,0.3107,0.2597,15,auss,0.9988,1.0000,0.7422,,,
28,Batch_Cov_Trace,MIA_MinK,-0.6727,0.0233,11,auss,0.6582,0.7671,0.1848,,,
28,Batch_Cov_Trace,MIA_Ref,0.1636,0.6307,11,auss,0.9821,0.9434,0.9786,,,
28,Batch_Cov_Trace,MIA_Hidden,0.6545,0.0289,11,auss,0.5979,0.9939,0.2113,,,
28,Batch_Cov_Trace,SPV_MIA,0.3288,0.3236,11,auss,0.4058,0.3619,0.8163,,,
28,Batch_Cov_TopEig,Steering,-0.0571,0.8397,15,auss,0.9873,0.9577,0.9866,,,
28,Batch_Cov_TopEig,ICL,-0.8864,0.0000,15,auss,0.0057,0.0028,0.0091,**,**,**
28,Batch_Cov_TopEig,GCG,-0.4546,0.0886,15,auss,0.3140,0.3836,0.4006,,,
28,Batch_Cov_TopEig,MIA,0.2964,0.2834,15,auss,0.9988,1.0000,0.7717,,,
28,Batch_Cov_TopEig,MIA_MinK,-0.4909,0.1252,11,auss,0.9822,0.9762,0.4879,,,
28,Batch_Cov_TopEig,MIA_Ref,-0.0091,0.9788,11,auss,1.0000,0.9863,0.9952,,,
28,Batch_Cov_TopEig,MIA_Hidden,0.4273,0.1899,11,auss,0.9958,0.9939,0.6215,,,
28,Batch_Cov_TopEig,SPV_MIA,0.8722,0.0005,11,auss,0.0064,0.0061,0.0369,**,**,*
28,Reg_S_alpha_2,Steering,-0.4011,0.1744,13,entropy,0.9873,0.9858,0.5882,,,
28,Reg_S_alpha_2,ICL,0.0056,0.9854,13,entropy,0.9854,0.9854,0.9974,,,
28,Reg_S_alpha_2,GCG,-0.4051,0.1697,13,entropy,0.4435,0.3702,0.5807,,,
28,Reg_S_alpha_2,MIA,0.3681,0.2159,13,entropy,0.9988,0.7011,0.6724,,,
28,Reg_S_alpha_2,MIA_MinK,0.2833,0.4600,9,entropy,0.9822,0.9120,0.9136,,,
28,Reg_S_alpha_2,MIA_Ref,0.5667,0.1116,9,entropy,0.9785,0.9794,0.4614,,,
28,Reg_S_alpha_2,MIA_Hidden,-0.2833,0.4600,9,entropy,0.9958,0.9847,0.9136,,,
28,Reg_S_alpha_2,SPV_MIA,0.8167,0.0072,9,entropy,0.0300,0.0261,0.0960,*,*,
28,Reg_MeanCos,Steering,0.4176,0.1557,13,entropy,0.9873,0.9858,0.5563,,,
28,Reg_MeanCos,ICL,-0.0254,0.9344,13,entropy,0.9433,0.9451,0.9907,,,
28,Reg_MeanCos,GCG,0.4211,0.1519,13,entropy,0.4221,0.3549,0.5466,,,
28,Reg_MeanCos,MIA,-0.3626,0.2233,13,entropy,0.9988,0.7011,0.6833,,,
28,Reg_MeanCos,MIA_MinK,-0.0667,0.8647,9,entropy,0.9822,0.9356,0.9897,,,
28,Reg_MeanCos,MIA_Ref,-0.4833,0.1875,9,entropy,0.9785,0.9794,0.6175,,,
28,Reg_MeanCos,MIA_Hidden,0.1167,0.7650,9,entropy,0.9958,0.9847,0.9786,,,
28,Reg_MeanCos,SPV_MIA,-0.8500,0.0037,9,entropy,0.0233,0.0204,0.0658,*,*,
28,Reg_MeanL2,Steering,-0.2033,0.5053,13,entropy,0.9873,0.9858,0.9373,,,
28,Reg_MeanL2,ICL,0.1044,0.7343,13,entropy,0.7602,0.7749,0.9786,,,
28,Reg_MeanL2,GCG,-0.1212,0.6932,13,entropy,0.9451,0.8674,0.9786,,,
28,Reg_MeanL2,MIA,-0.0879,0.7752,13,entropy,0.9988,0.9219,0.9786,,,
28,Reg_MeanL2,MIA_MinK,0.7000,0.0358,9,entropy,0.6582,0.4876,0.2392,,,
28,Reg_MeanL2,MIA_Ref,0.3333,0.3807,9,entropy,0.9785,0.9794,0.8545,,,
28,Reg_MeanL2,MIA_Hidden,-0.7000,0.0358,9,entropy,0.5979,0.3680,0.2392,,,
28,Reg_MeanL2,SPV_MIA,0.5500,0.1250,9,entropy,0.1803,0.2037,0.4879,,,
28,AnonDiff_S_alpha_2,Steering,-0.0165,0.9574,13,entropy,0.9873,0.9858,0.9916,,,
28,AnonDiff_S_alpha_2,ICL,-0.4571,0.1163,13,entropy,0.1673,0.2257,0.4760,,,
28,AnonDiff_S_alpha_2,GCG,-0.5168,0.0706,13,entropy,0.3007,0.2615,0.3524,,,
28,AnonDiff_S_alpha_2,MIA,0.0934,0.7615,13,entropy,0.9988,0.9219,0.9786,,,
28,AnonDiff_S_alpha_2,MIA_MinK,-0.5500,0.1250,9,entropy,0.9822,0.9120,0.4879,,,
28,AnonDiff_S_alpha_2,MIA_Ref,0.1667,0.6682,9,entropy,0.9821,0.9885,0.9786,,,
28,AnonDiff_S_alpha_2,MIA_Hidden,0.5667,0.1116,9,entropy,0.7756,0.4678,0.4614,,,
28,AnonDiff_S_alpha_2,SPV_MIA,0.2500,0.5165,9,entropy,0.6124,0.6619,0.9373,,,
28,AnonDiff_MeanCos,Steering,0.0604,0.8445,13,entropy,0.9873,0.9858,0.9892,,,
28,AnonDiff_MeanCos,ICL,0.6377,0.0190,13,entropy,0.0430,0.0865,0.1685,*,,
28,AnonDiff_MeanCos,GCG,0.4849,0.0931,13,entropy,0.3140,0.2615,0.4082,,,
28,AnonDiff_MeanCos,MIA,-0.3681,0.2159,13,entropy,0.9988,0.7011,0.6724,,,
28,AnonDiff_MeanCos,MIA_MinK,0.3333,0.3807,9,entropy,0.9822,0.9120,0.8545,,,
28,AnonDiff_MeanCos,MIA_Ref,-0.2167,0.5755,9,entropy,0.9785,0.9885,0.9586,,,
28,AnonDiff_MeanCos,MIA_Hidden,-0.3500,0.3558,9,entropy,0.9958,0.9032,0.8276,,,
28,AnonDiff_MeanCos,SPV_MIA,-0.7167,0.0298,9,entropy,0.0736,0.0610,0.2128,,,
28,AnonDiff_MeanL2,Steering,-0.1374,0.6545,13,entropy,0.9873,0.9858,0.9786,,,
28,AnonDiff_MeanL2,ICL,0.1947,0.5238,13,entropy,0.5974,0.6669,0.9416,,,
28,AnonDiff_MeanL2,GCG,0.0319,0.9176,13,entropy,0.9762,0.9690,0.9907,,,
28,AnonDiff_MeanL2,MIA,-0.3132,0.2974,13,entropy,0.9988,0.7011,0.7835,,,
28,AnonDiff_MeanL2,MIA_MinK,0.3500,0.3558,9,entropy,0.9822,0.9120,0.8276,,,
28,AnonDiff_MeanL2,MIA_Ref,-0.0500,0.8984,9,entropy,0.9821,1.0000,0.9907,,,
28,AnonDiff_MeanL2,MIA_Hidden,-0.8000,0.0096,9,entropy,0.5979,0.3680,0.1182,,,
28,AnonDiff_MeanL2,SPV_MIA,0.1167,0.7650,9,entropy,0.7905,0.7828,0.9786,,,
28,NormAnonDiff_S_alpha_2,Steering,-0.0879,0.7752,13,entropy,0.9873,0.9858,0.9786,,,
28,NormAnonDiff_S_alpha_2,ICL,-0.4289,0.1436,13,entropy,0.1969,0.2651,0.5305,,,
28,NormAnonDiff_S_alpha_2,GCG,-0.4625,0.1115,13,entropy,0.3526,0.2915,0.4614,,,
28,NormAnonDiff_S_alpha_2,MIA,0.2473,0.4154,13,entropy,0.9988,0.7410,0.8797,,,
28,NormAnonDiff_S_alpha_2,MIA_MinK,-0.5833,0.0992,9,entropy,0.9822,0.8447,0.4279,,,
28,NormAnonDiff_S_alpha_2,MIA_Ref,0.2167,0.5755,9,entropy,0.9785,0.9885,0.9586,,,
28,NormAnonDiff_S_alpha_2,MIA_Hidden,0.6000,0.0876,9,entropy,0.6972,0.4131,0.3993,,,
28,NormAnonDiff_S_alpha_2,SPV_MIA,0.2333,0.5457,9,entropy,0.6431,0.6926,0.9522,,,
28,NormAnonDiff_MeanCos,Steering,0.0604,0.8445,13,entropy,0.9873,0.9858,0.9892,,,
28,NormAnonDiff_MeanCos,ICL,0.6377,0.0190,13,entropy,0.0430,0.0865,0.1685,*,,
28,NormAnonDiff_MeanCos,GCG,0.4849,0.0931,13,entropy,0.3140,0.2615,0.4082,,,
28,NormAnonDiff_MeanCos,MIA,-0.3681,0.2159,13,entropy,0.9988,0.7011,0.6724,,,
28,NormAnonDiff_MeanCos,MIA_MinK,0.3333,0.3807,9,entropy,0.9822,0.9120,0.8545,,,
28,NormAnonDiff_MeanCos,MIA_Ref,-0.2167,0.5755,9,entropy,0.9785,0.9885,0.9586,,,
28,NormAnonDiff_MeanCos,MIA_Hidden,-0.3500,0.3558,9,entropy,0.9958,0.9032,0.8276,,,
28,NormAnonDiff_MeanCos,SPV_MIA,-0.7167,0.0298,9,entropy,0.0736,0.0610,0.2128,,,
29,Centroid_Norm,Steering,0.2091,0.5372,11,auss,0.9873,0.9577,0.9499,,,
29,Centroid_Norm,ICL,0.8415,0.0012,11,auss,0.0112,0.0069,0.0464,*,**,*
29,Centroid_Norm,GCG,0.7249,0.0116,11,auss,0.1333,0.1135,0.1325,,,
29,Centroid_Norm,MIA,-0.2636,0.4334,11,auss,0.9988,1.0000,0.8883,,,
29,Centroid_Norm,MIA_MinK,0.4643,0.2939,7,auss,0.9822,0.9762,0.7828,,,
29,Centroid_Norm,MIA_Ref,0.0714,0.8790,7,auss,0.9821,0.9434,0.9907,,,
29,Centroid_Norm,MIA_Hidden,-0.3571,0.4316,7,auss,0.9958,0.9939,0.8883,,,
29,Centroid_Norm,SPV_MIA,-0.8571,0.0137,7,auss,0.0452,0.0574,0.1368,*,,
29,Global_Coherence,Steering,0.2091,0.5372,11,auss,0.9873,0.9577,0.9499,,,
29,Global_Coherence,ICL,0.8415,0.0012,11,auss,0.0112,0.0069,0.0464,*,**,*
29,Global_Coherence,GCG,0.7249,0.0116,11,auss,0.1333,0.1135,0.1325,,,
29,Global_Coherence,MIA,-0.2636,0.4334,11,auss,0.9988,1.0000,0.8883,,,
29,Global_Coherence,MIA_MinK,0.4643,0.2939,7,auss,0.9822,0.9762,0.7828,,,
29,Global_Coherence,MIA_Ref,0.0714,0.8790,7,auss,0.9821,0.9434,0.9907,,,
29,Global_Coherence,MIA_Hidden,-0.3571,0.4316,7,auss,0.9958,0.9939,0.8883,,,
29,Global_Coherence,SPV_MIA,-0.8571,0.0137,7,auss,0.0452,0.0574,0.1368,*,,
29,Batch_SecondMoment_TopEig,Steering,0.2091,0.5372,11,auss,0.9873,0.9577,0.9499,,,
29,Batch_SecondMoment_TopEig,ICL,0.8415,0.0012,11,auss,0.0112,0.0069,0.0464,*,**,*
29,Batch_SecondMoment_TopEig,GCG,0.7249,0.0116,11,auss,0.1333,0.1135,0.1325,,,
29,Batch_SecondMoment_TopEig,MIA,-0.2636,0.4334,11,auss,0.9988,1.0000,0.8883,,,
29,Batch_SecondMoment_TopEig,MIA_MinK,0.4643,0.2939,7,auss,0.9822,0.9762,0.7828,,,
29,Batch_SecondMoment_TopEig,MIA_Ref,0.0714,0.8790,7,auss,0.9821,0.9434,0.9907,,,
29,Batch_SecondMoment_TopEig,MIA_Hidden,-0.3571,0.4316,7,auss,0.9958,0.9939,0.8883,,,
29,Batch_SecondMoment_TopEig,SPV_MIA,-0.8571,0.0137,7,auss,0.0452,0.0574,0.1368,*,,
29,AUSS_L2,Steering,-0.2091,0.5372,11,auss,0.9873,0.9577,0.9499,,,
29,AUSS_L2,ICL,-0.8415,0.0012,11,auss,0.0112,0.0069,0.0464,*,**,*
29,AUSS_L2,GCG,-0.7249,0.0116,11,auss,0.1333,0.1135,0.1325,,,
29,AUSS_L2,MIA,0.2636,0.4334,11,auss,0.9988,1.0000,0.8883,,,
29,AUSS_L2,MIA_MinK,-0.4643,0.2939,7,auss,0.9822,0.9762,0.7828,,,
29,AUSS_L2,MIA_Ref,-0.0714,0.8790,7,auss,0.9821,0.9434,0.9907,,,
29,AUSS_L2,MIA_Hidden,0.3571,0.4316,7,auss,0.9958,0.9939,0.8883,,,
29,AUSS_L2,SPV_MIA,0.8571,0.0137,7,auss,0.0452,0.0574,0.1368,*,,
29,AUSS_Cos2,Steering,-0.2182,0.5192,11,auss,0.9873,0.9577,0.9373,,,
29,AUSS_Cos2,ICL,-0.7947,0.0035,11,auss,0.0137,0.0083,0.0628,*,**,
29,AUSS_Cos2,GCG,-0.7249,0.0116,11,auss,0.1333,0.1135,0.1325,,,
29,AUSS_Cos2,MIA,0.2909,0.3855,11,auss,0.9988,1.0000,0.8583,,,
29,AUSS_Cos2,MIA_MinK,-0.3214,0.4821,7,auss,0.9822,0.9762,0.9318,,,
29,AUSS_Cos2,MIA_Ref,0.0000,1.0000,7,auss,1.0000,1.0000,1.0000,,,
29,AUSS_Cos2,MIA_Hidden,0.4286,0.3374,7,auss,0.9958,0.9939,0.8176,,,
29,AUSS_Cos2,SPV_MIA,0.8929,0.0068,7,auss,0.0300,0.0333,0.0952,*,*,
29,AUSS_Jac,Steering,-0.3273,0.3259,11,auss,0.9873,0.9577,0.8163,,,
29,AUSS_Jac,ICL,-0.5142,0.1056,11,auss,0.1580,0.1250,0.4488,,,
29,AUSS_Jac,GCG,-0.8528,0.0008,11,auss,0.0570,0.0498,0.0462,,*,*
29,AUSS_Jac,MIA,-0.0455,0.8944,11,auss,0.9988,1.0000,0.9907,,,
29,AUSS_Jac,MIA_MinK,-0.4643,0.2939,7,auss,0.9822,0.9762,0.7828,,,
29,AUSS_Jac,MIA_Ref,-0.2143,0.6445,7,auss,0.9821,0.9434,0.9786,,,
29,AUSS_Jac,MIA_Hidden,0.5714,0.1802,7,auss,0.9958,0.9939,0.6003,,,
29,AUSS_Jac,SPV_MIA,0.7500,0.0522,7,auss,0.0980,0.0970,0.2896,,,
29,Batch_Cov_Trace,Steering,-0.2091,0.5372,11,auss,0.9873,0.9577,0.9499,,,
29,Batch_Cov_Trace,ICL,-0.8415,0.0012,11,auss,0.0112,0.0069,0.0464,*,**,*
29,Batch_Cov_Trace,GCG,-0.7249,0.0116,11,auss,0.1333,0.1135,0.1325,,,
29,Batch_Cov_Trace,MIA,0.2636,0.4334,11,auss,0.9988,1.0000,0.8883,,,
29,Batch_Cov_Trace,MIA_MinK,-0.4643,0.2939,7,auss,0.9822,0.9762,0.7828,,,
29,Batch_Cov_Trace,MIA_Ref,-0.0714,0.8790,7,auss,0.9821,0.9434,0.9907,,,
29,Batch_Cov_Trace,MIA_Hidden,0.3571,0.4316,7,auss,0.9958,0.9939,0.8883,,,
29,Batch_Cov_Trace,SPV_MIA,0.8571,0.0137,7,auss,0.0452,0.0574,0.1368,*,,
29,Batch_Cov_TopEig,Steering,-0.1727,0.6115,11,auss,0.9873,0.9577,0.9774,,,
29,Batch_Cov_TopEig,ICL,-0.8415,0.0012,11,auss,0.0112,0.0069,0.0464,*,**,*
29,Batch_Cov_TopEig,GCG,-0.6503,0.0303,11,auss,0.2666,0.2666,0.2147,,,
29,Batch_Cov_TopEig,MIA,0.3000,0.3701,11,auss,0.9988,1.0000,0.8482,,,
29,Batch_Cov_TopEig,MIA_MinK,-0.4643,0.2939,7,auss,0.9822,0.9762,0.7828,,,
29,Batch_Cov_TopEig,MIA_Ref,-0.0714,0.8790,7,auss,0.9821,0.9434,0.9907,,,
29,Batch_Cov_TopEig,MIA_Hidden,0.3571,0.4316,7,auss,0.9958,0.9939,0.8883,,,
29,Batch_Cov_TopEig,SPV_MIA,0.8571,0.0137,7,auss,0.0452,0.0574,0.1368,*,,
29,Reg_S_alpha_2,Steering,-0.5818,0.0604,11,entropy,0.9873,0.9858,0.3170,,,
29,Reg_S_alpha_2,ICL,0.1589,0.6407,11,entropy,0.6932,0.7386,0.9786,,,
29,Reg_S_alpha_2,GCG,-0.5330,0.0914,11,entropy,0.3140,0.2615,0.4078,,,
29,Reg_S_alpha_2,MIA,0.3545,0.2847,11,entropy,0.9988,0.7011,0.7717,,,
29,Reg_S_alpha_2,MIA_MinK,0.1429,0.7599,7,entropy,0.9822,0.9120,0.9786,,,
29,Reg_S_alpha_2,MIA_Ref,0.6429,0.1194,7,entropy,0.9785,0.9794,0.4767,,,
29,Reg_S_alpha_2,MIA_Hidden,0.0000,1.0000,7,entropy,1.0000,1.0000,1.0000,,,
29,Reg_S_alpha_2,SPV_MIA,0.8571,0.0137,7,entropy,0.0452,0.0373,0.1368,*,*,
29,Reg_MeanCos,Steering,0.5182,0.1025,11,entropy,0.9873,0.9858,0.4400,,,
29,Reg_MeanCos,ICL,-0.2150,0.5254,11,entropy,0.5979,0.6669,0.9424,,,
29,Reg_MeanCos,GCG,0.4797,0.1354,11,entropy,0.3957,0.3310,0.5166,,,
29,Reg_MeanCos,MIA,-0.3000,0.3701,11,entropy,0.9988,0.7292,0.8482,,,
29,Reg_MeanCos,MIA_MinK,-0.1429,0.7599,7,entropy,0.9822,0.9120,0.9786,,,
29,Reg_MeanCos,MIA_Ref,-0.6429,0.1194,7,entropy,0.9785,0.9794,0.4767,,,
29,Reg_MeanCos,MIA_Hidden,0.0000,1.0000,7,entropy,1.0000,1.0000,1.0000,,,
29,Reg_MeanCos,SPV_MIA,-0.8571,0.0137,7,entropy,0.0452,0.0373,0.1368,*,*,
29,Reg_MeanL2,Steering,-0.2818,0.4011,11,entropy,0.9873,0.9858,0.8709,,,
29,Reg_MeanL2,ICL,0.1963,0.5629,11,entropy,0.6257,0.6848,0.9586,,,
29,Reg_MeanL2,GCG,-0.1386,0.6845,11,entropy,0.9451,0.8674,0.9786,,,
29,Reg_MeanL2,MIA,0.0091,0.9788,11,entropy,0.9988,0.9858,0.9952,,,
29,Reg_MeanL2,MIA_MinK,0.6786,0.0938,7,entropy,0.9822,0.8250,0.4082,,,
29,Reg_MeanL2,MIA_Ref,0.8214,0.0234,7,entropy,0.9785,0.9794,0.1848,,,
29,Reg_MeanL2,MIA_Hidden,-0.5357,0.2152,7,entropy,0.9958,0.6845,0.6724,,,
29,Reg_MeanL2,SPV_MIA,0.4286,0.3374,7,entropy,0.4201,0.4738,0.8176,,,
29,AnonDiff_S_alpha_2,Steering,-0.2636,0.4334,11,entropy,0.9873,0.9858,0.8883,,,
29,AnonDiff_S_alpha_2,ICL,-0.5610,0.0726,11,entropy,0.1187,0.1710,0.3567,,,
29,AnonDiff_S_alpha_2,GCG,-0.7995,0.0031,11,entropy,0.0744,0.0754,0.0593,,,
29,AnonDiff_S_alpha_2,MIA,0.1364,0.6893,11,entropy,0.9988,0.8938,0.9786,,,
29,AnonDiff_S_alpha_2,MIA_MinK,-0.3571,0.4316,7,entropy,0.9822,0.9120,0.8883,,,
29,AnonDiff_S_alpha_2,MIA_Ref,0.1071,0.8192,7,entropy,0.9821,0.9885,0.9786,,,
29,AnonDiff_S_alpha_2,MIA_Hidden,0.5000,0.2532,7,entropy,0.9958,0.7682,0.7334,,,
29,AnonDiff_S_alpha_2,SPV_MIA,0.8571,0.0137,7,entropy,0.0452,0.0373,0.1368,*,*,
29,AnonDiff_MeanCos,Steering,0.4000,0.2229,11,entropy,0.9873,0.9858,0.6833,,,
29,AnonDiff_MeanCos,ICL,0.5610,0.0726,11,entropy,0.1187,0.1710,0.3567,,,
29,AnonDiff_MeanCos,GCG,0.7569,0.0070,11,entropy,0.1027,0.1156,0.0960,,,
29,AnonDiff_MeanCos,MIA,-0.3636,0.2716,11,entropy,0.9988,0.7011,0.7465,,,
29,AnonDiff_MeanCos,MIA_MinK,0.1429,0.7599,7,entropy,0.9822,0.9120,0.9786,,,
29,AnonDiff_MeanCos,MIA_Ref,-0.2857,0.5345,7,entropy,0.9785,0.9885,0.9499,,,
29,AnonDiff_MeanCos,MIA_Hidden,-0.4286,0.3374,7,entropy,0.9958,0.8818,0.8176,,,
29,AnonDiff_MeanCos,SPV_MIA,-0.9286,0.0025,7,entropy,0.0164,0.0148,0.0527,*,*,
29,AnonDiff_MeanL2,Steering,-0.1182,0.7293,11,entropy,0.9873,0.9858,0.9786,,,
29,AnonDiff_MeanL2,ICL,0.2898,0.3873,11,entropy,0.4616,0.5298,0.8603,,,
29,AnonDiff_MeanL2,GCG,0.1279,0.7078,11,entropy,0.9451,0.8703,0.9786,,,
29,AnonDiff_MeanL2,MIA,-0.2818,0.4011,11,entropy,0.9988,0.7370,0.8709,,,
29,AnonDiff_MeanL2,MIA_MinK,0.0000,1.0000,7,entropy,1.0000,1.0000,1.0000,,,
29,AnonDiff_MeanL2,MIA_Ref,0.1786,0.7017,7,entropy,0.9821,0.9885,0.9786,,,
29,AnonDiff_MeanL2,MIA_Hidden,-0.7143,0.0713,7,entropy,0.6849,0.3924,0.3545,,,
29,AnonDiff_MeanL2,SPV_MIA,-0.2143,0.6445,7,entropy,0.7134,0.7171,0.9786,,,
29,NormAnonDiff_S_alpha_2,Steering,-0.2636,0.4334,11,entropy,0.9873,0.9858,0.8883,,,
29,NormAnonDiff_S_alpha_2,ICL,-0.6358,0.0355,11,entropy,0.0656,0.1042,0.2392,,,
29,NormAnonDiff_S_alpha_2,GCG,-0.7249,0.0116,11,entropy,0.1333,0.1613,0.1325,,,
29,NormAnonDiff_S_alpha_2,MIA,0.2091,0.5372,11,entropy,0.9988,0.7793,0.9499,,,
29,NormAnonDiff_S_alpha_2,MIA_MinK,-0.3571,0.4316,7,entropy,0.9822,0.9120,0.8883,,,
29,NormAnonDiff_S_alpha_2,MIA_Ref,0.1071,0.8192,7,entropy,0.9821,0.9885,0.9786,,,
29,NormAnonDiff_S_alpha_2,MIA_Hidden,0.5000,0.2532,7,entropy,0.9958,0.7682,0.7334,,,
29,NormAnonDiff_S_alpha_2,SPV_MIA,0.8571,0.0137,7,entropy,0.0452,0.0373,0.1368,*,*,
29,NormAnonDiff_MeanCos,Steering,0.4000,0.2229,11,entropy,0.9873,0.9858,0.6833,,,
29,NormAnonDiff_MeanCos,ICL,0.5610,0.0726,11,entropy,0.1187,0.1710,0.3567,,,
29,NormAnonDiff_MeanCos,GCG,0.7569,0.0070,11,entropy,0.1027,0.1156,0.0960,,,
29,NormAnonDiff_MeanCos,MIA,-0.3636,0.2716,11,entropy,0.9988,0.7011,0.7465,,,
29,NormAnonDiff_MeanCos,MIA_MinK,0.1429,0.7599,7,entropy,0.9822,0.9120,0.9786,,,
29,NormAnonDiff_MeanCos,MIA_Ref,-0.2857,0.5345,7,entropy,0.9785,0.9885,0.9499,,,
29,NormAnonDiff_MeanCos,MIA_Hidden,-0.4286,0.3374,7,entropy,0.9958,0.8818,0.8176,,,
29,NormAnonDiff_MeanCos,SPV_MIA,-0.9286,0.0025,7,entropy,0.0164,0.0148,0.0527,*,*,
30,Centroid_Norm,Steering,0.3364,0.3118,11,auss,0.9873,0.9577,0.8031,,,
30,Centroid_Norm,ICL,0.8134,0.0023,11,auss,0.0119,0.0071,0.0525,*,**,
30,Centroid_Norm,GCG,0.7782,0.0048,11,auss,0.0744,0.0632,0.0781,,,
30,Centroid_Norm,MIA,-0.3273,0.3259,11,auss,0.9988,1.0000,0.8163,,,
30,Centroid_Norm,MIA_MinK,0.5000,0.2532,7,auss,0.9822,0.9762,0.7334,,,
30,Centroid_Norm,MIA_Ref,-0.0357,0.9394,7,auss,0.9920,0.9650,0.9907,,,
30,Centroid_Norm,MIA_Hidden,-0.4286,0.3374,7,auss,0.9958,0.9939,0.8176,,,
30,Centroid_Norm,SPV_MIA,-0.8214,0.0234,7,auss,0.0628,0.0784,0.1848,,,
30,Global_Coherence,Steering,0.3364,0.3118,11,auss,0.9873,0.9577,0.8031,,,
30,Global_Coherence,ICL,0.8134,0.0023,11,auss,0.0119,0.0071,0.0525,*,**,
30,Global_Coherence,GCG,0.7782,0.0048,11,auss,0.0744,0.0632,0.0781,,,
30,Global_Coherence,MIA,-0.3273,0.3259,11,auss,0.9988,1.0000,0.8163,,,
30,Global_Coherence,MIA_MinK,0.5000,0.2532,7,auss,0.9822,0.9762,0.7334,,,
30,Global_Coherence,MIA_Ref,-0.0357,0.9394,7,auss,0.9920,0.9650,0.9907,,,
30,Global_Coherence,MIA_Hidden,-0.4286,0.3374,7,auss,0.9958,0.9939,0.8176,,,
30,Global_Coherence,SPV_MIA,-0.8214,0.0234,7,auss,0.0628,0.0784,0.1848,,,
30,Batch_SecondMoment_TopEig,Steering,0.3364,0.3118,11,auss,0.9873,0.9577,0.8031,,,
30,Batch_SecondMoment_TopEig,ICL,0.8134,0.0023,11,auss,0.0119,0.0071,0.0525,*,**,
30,Batch_SecondMoment_TopEig,GCG,0.7782,0.0048,11,auss,0.0744,0.0632,0.0781,,,
30,Batch_SecondMoment_TopEig,MIA,-0.3273,0.3259,11,auss,0.9988,1.0000,0.8163,,,
30,Batch_SecondMoment_TopEig,MIA_MinK,0.5000,0.2532,7,auss,0.9822,0.9762,0.7334,,,
30,Batch_SecondMoment_TopEig,MIA_Ref,-0.0357,0.9394,7,auss,0.9920,0.9650,0.9907,,,
30,Batch_SecondMoment_TopEig,MIA_Hidden,-0.4286,0.3374,7,auss,0.9958,0.9939,0.8176,,,
30,Batch_SecondMoment_TopEig,SPV_MIA,-0.8214,0.0234,7,auss,0.0628,0.0784,0.1848,,,
30,AUSS_L2,Steering,-0.3364,0.3118,11,auss,0.9873,0.9577,0.8031,,,
30,AUSS_L2,ICL,-0.8134,0.0023,11,auss,0.0119,0.0071,0.0525,*,**,
30,AUSS_L2,GCG,-0.7782,0.0048,11,auss,0.0744,0.0632,0.0781,,,
30,AUSS_L2,MIA,0.3273,0.3259,11,auss,0.9988,1.0000,0.8163,,,
30,AUSS_L2,MIA_MinK,-0.5000,0.2532,7,auss,0.9822,0.9762,0.7334,,,
30,AUSS_L2,MIA_Ref,0.0357,0.9394,7,auss,0.9920,0.9650,0.9907,,,
30,AUSS_L2,MIA_Hidden,0.4286,0.3374,7,auss,0.9958,0.9939,0.8176,,,
30,AUSS_L2,SPV_MIA,0.8214,0.0234,7,auss,0.0628,0.0784,0.1848,,,
30,AUSS_Cos2,Steering,-0.3364,0.3118,11,auss,0.9873,0.9577,0.8031,,,
30,AUSS_Cos2,ICL,-0.8134,0.0023,11,auss,0.0119,0.0071,0.0525,*,**,
30,AUSS_Cos2,GCG,-0.7782,0.0048,11,auss,0.0744,0.0632,0.0781,,,
30,AUSS_Cos2,MIA,0.3273,0.3259,11,auss,0.9988,1.0000,0.8163,,,
30,AUSS_Cos2,MIA_MinK,-0.5000,0.2532,7,auss,0.9822,0.9762,0.7334,,,
30,AUSS_Cos2,MIA_Ref,0.0357,0.9394,7,auss,0.9920,0.9650,0.9907,,,
30,AUSS_Cos2,MIA_Hidden,0.4286,0.3374,7,auss,0.9958,0.9939,0.8176,,,
30,AUSS_Cos2,SPV_MIA,0.8214,0.0234,7,auss,0.0628,0.0784,0.1848,,,
30,AUSS_Jac,Steering,-0.2636,0.4334,11,auss,0.9873,0.9577,0.8883,,,
30,AUSS_Jac,ICL,-0.5423,0.0848,11,auss,0.1337,0.1042,0.3903,,,
30,AUSS_Jac,GCG,-0.7249,0.0116,11,auss,0.1333,0.1135,0.1325,,,
30,AUSS_Jac,MIA,-0.0545,0.8734,11,auss,0.9988,1.0000,0.9897,,,
30,AUSS_Jac,MIA_MinK,-0.8214,0.0234,7,auss,0.6582,0.7671,0.1848,,,
30,AUSS_Jac,MIA_Ref,-0.5000,0.2532,7,auss,0.9785,0.9390,0.7334,,,
30,AUSS_Jac,MIA_Hidden,0.4286,0.3374,7,auss,0.9958,0.9939,0.8176,,,
30,AUSS_Jac,SPV_MIA,0.5714,0.1802,7,auss,0.2471,0.2143,0.6003,,,
30,Batch_Cov_Trace,Steering,-0.3364,0.3118,11,auss,0.9873,0.9577,0.8031,,,
30,Batch_Cov_Trace,ICL,-0.8134,0.0023,11,auss,0.0119,0.0071,0.0525,*,**,
30,Batch_Cov_Trace,GCG,-0.7782,0.0048,11,auss,0.0744,0.0632,0.0781,,,
30,Batch_Cov_Trace,MIA,0.3273,0.3259,11,auss,0.9988,1.0000,0.8163,,,
30,Batch_Cov_Trace,MIA_MinK,-0.5000,0.2532,7,auss,0.9822,0.9762,0.7334,,,
30,Batch_Cov_Trace,MIA_Ref,0.0357,0.9394,7,auss,0.9920,0.9650,0.9907,,,
30,Batch_Cov_Trace,MIA_Hidden,0.4286,0.3374,7,auss,0.9958,0.9939,0.8176,,,
30,Batch_Cov_Trace,SPV_MIA,0.8214,0.0234,7,auss,0.0628,0.0784,0.1848,,,
30,Batch_Cov_TopEig,Steering,-0.2364,0.4841,11,auss,0.9873,0.9577,0.9318,,,
30,Batch_Cov_TopEig,ICL,-0.7947,0.0035,11,auss,0.0137,0.0083,0.0628,*,**,
30,Batch_Cov_TopEig,GCG,-0.6076,0.0474,11,auss,0.2978,0.3124,0.2859,,,
30,Batch_Cov_TopEig,MIA,0.4182,0.2006,11,auss,0.9988,1.0000,0.6482,,,
30,Batch_Cov_TopEig,MIA_MinK,-0.1786,0.7017,7,auss,0.9822,0.9762,0.9786,,,
30,Batch_Cov_TopEig,MIA_Ref,0.2143,0.6445,7,auss,0.9821,0.9434,0.9786,,,
30,Batch_Cov_TopEig,MIA_Hidden,0.1429,0.7599,7,auss,0.9958,0.9939,0.9786,,,
30,Batch_Cov_TopEig,SPV_MIA,0.9643,0.0005,7,auss,0.0064,0.0061,0.0369,**,**,*
30,Reg_S_alpha_2,Steering,-0.5818,0.0604,11,entropy,0.9873,0.9858,0.3170,,,
30,Reg_S_alpha_2,ICL,0.1589,0.6407,11,entropy,0.6932,0.7386,0.9786,,,
30,Reg_S_alpha_2,GCG,-0.5330,0.0914,11,entropy,0.3140,0.2615,0.4078,,,
30,Reg_S_alpha_2,MIA,0.3545,0.2847,11,entropy,0.9988,0.7011,0.7717,,,
30,Reg_S_alpha_2,MIA_MinK,0.1429,0.7599,7,entropy,0.9822,0.9120,0.9786,,,
30,Reg_S_alpha_2,MIA_Ref,0.6429,0.1194,7,entropy,0.9785,0.9794,0.4767,,,
30,Reg_S_alpha_2,MIA_Hidden,0.0000,1.0000,7,entropy,1.0000,1.0000,1.0000,,,
30,Reg_S_alpha_2,SPV_MIA,0.8571,0.0137,7,entropy,0.0452,0.0373,0.1368,*,*,
30,Reg_MeanCos,Steering,0.5818,0.0604,11,entropy,0.9873,0.9858,0.3170,,,
30,Reg_MeanCos,ICL,-0.1589,0.6407,11,entropy,0.6932,0.7386,0.9786,,,
30,Reg_MeanCos,GCG,0.5330,0.0914,11,entropy,0.3140,0.2615,0.4078,,,
30,Reg_MeanCos,MIA,-0.3545,0.2847,11,entropy,0.9988,0.7011,0.7717,,,
30,Reg_MeanCos,MIA_MinK,-0.1429,0.7599,7,entropy,0.9822,0.9120,0.9786,,,
30,Reg_MeanCos,MIA_Ref,-0.6429,0.1194,7,entropy,0.9785,0.9794,0.4767,,,
30,Reg_MeanCos,MIA_Hidden,0.0000,1.0000,7,entropy,1.0000,1.0000,1.0000,,,
30,Reg_MeanCos,SPV_MIA,-0.8571,0.0137,7,entropy,0.0452,0.0373,0.1368,*,*,
30,Reg_MeanL2,Steering,-0.2818,0.4011,11,entropy,0.9873,0.9858,0.8709,,,
30,Reg_MeanL2,ICL,0.1963,0.5629,11,entropy,0.6257,0.6848,0.9586,,,
30,Reg_MeanL2,GCG,-0.1386,0.6845,11,entropy,0.9451,0.8674,0.9786,,,
30,Reg_MeanL2,MIA,0.0091,0.9788,11,entropy,0.9988,0.9858,0.9952,,,
30,Reg_MeanL2,MIA_MinK,0.6786,0.0938,7,entropy,0.9822,0.8250,0.4082,,,
30,Reg_MeanL2,MIA_Ref,0.8214,0.0234,7,entropy,0.9785,0.9794,0.1848,,,
30,Reg_MeanL2,MIA_Hidden,-0.5357,0.2152,7,entropy,0.9958,0.6845,0.6724,,,
30,Reg_MeanL2,SPV_MIA,0.4286,0.3374,7,entropy,0.4201,0.4738,0.8176,,,
30,AnonDiff_S_alpha_2,Steering,-0.2636,0.4334,11,entropy,0.9873,0.9858,0.8883,,,
30,AnonDiff_S_alpha_2,ICL,-0.5610,0.0726,11,entropy,0.1187,0.1710,0.3567,,,
30,AnonDiff_S_alpha_2,GCG,-0.7995,0.0031,11,entropy,0.0744,0.0754,0.0593,,,
30,AnonDiff_S_alpha_2,MIA,0.1364,0.6893,11,entropy,0.9988,0.8938,0.9786,,,
30,AnonDiff_S_alpha_2,MIA_MinK,-0.3571,0.4316,7,entropy,0.9822,0.9120,0.8883,,,
30,AnonDiff_S_alpha_2,MIA_Ref,0.1071,0.8192,7,entropy,0.9821,0.9885,0.9786,,,
30,AnonDiff_S_alpha_2,MIA_Hidden,0.5000,0.2532,7,entropy,0.9958,0.7682,0.7334,,,
30,AnonDiff_S_alpha_2,SPV_MIA,0.8571,0.0137,7,entropy,0.0452,0.0373,0.1368,*,*,
30,AnonDiff_MeanCos,Steering,0.4636,0.1509,11,entropy,0.9873,0.9858,0.5434,,,
30,AnonDiff_MeanCos,ICL,0.6264,0.0392,11,entropy,0.0716,0.1113,0.2547,,,
30,AnonDiff_MeanCos,GCG,0.8102,0.0025,11,entropy,0.0744,0.0733,0.0527,,,
30,AnonDiff_MeanCos,MIA,-0.4273,0.1899,11,entropy,0.9988,0.7011,0.6215,,,
30,AnonDiff_MeanCos,MIA_MinK,0.1429,0.7599,7,entropy,0.9822,0.9120,0.9786,,,
30,AnonDiff_MeanCos,MIA_Ref,-0.2857,0.5345,7,entropy,0.9785,0.9885,0.9499,,,
30,AnonDiff_MeanCos,MIA_Hidden,-0.4286,0.3374,7,entropy,0.9958,0.8818,0.8176,,,
30,AnonDiff_MeanCos,SPV_MIA,-0.9286,0.0025,7,entropy,0.0164,0.0148,0.0527,*,*,
30,AnonDiff_MeanL2,Steering,-0.1455,0.6696,11,entropy,0.9873,0.9858,0.9786,,,
30,AnonDiff_MeanL2,ICL,0.1870,0.5819,11,entropy,0.6428,0.7015,0.9663,,,
30,AnonDiff_MeanL2,GCG,0.0533,0.8763,11,entropy,0.9633,0.9613,0.9907,,,
30,AnonDiff_MeanL2,MIA,-0.3000,0.3701,11,entropy,0.9988,0.7292,0.8482,,,
30,AnonDiff_MeanL2,MIA_MinK,-0.2143,0.6445,7,entropy,0.9822,0.9120,0.9786,,,
30,AnonDiff_MeanL2,MIA_Ref,0.0000,1.0000,7,entropy,1.0000,1.0000,1.0000,,,
30,AnonDiff_MeanL2,MIA_Hidden,-0.6429,0.1194,7,entropy,0.8187,0.4901,0.4767,,,
30,AnonDiff_MeanL2,SPV_MIA,-0.2857,0.5345,7,entropy,0.6314,0.6817,0.9499,,,
30,NormAnonDiff_S_alpha_2,Steering,-0.3909,0.2345,11,entropy,0.9873,0.9858,0.7036,,,
30,NormAnonDiff_S_alpha_2,ICL,-0.6358,0.0355,11,entropy,0.0656,0.1042,0.2392,,,
30,NormAnonDiff_S_alpha_2,GCG,-0.8315,0.0015,11,entropy,0.0570,0.0665,0.0464,,,*
30,NormAnonDiff_S_alpha_2,MIA,0.2273,0.5015,11,entropy,0.9988,0.7495,0.9373,,,
30,NormAnonDiff_S_alpha_2,MIA_MinK,-0.5000,0.2532,7,entropy,0.9822,0.9120,0.7334,,,
30,NormAnonDiff_S_alpha_2,MIA_Ref,0.0357,0.9394,7,entropy,0.9920,1.0000,0.9907,,,
30,NormAnonDiff_S_alpha_2,MIA_Hidden,0.4286,0.3374,7,entropy,0.9958,0.8818,0.8176,,,
30,NormAnonDiff_S_alpha_2,SPV_MIA,0.8214,0.0234,7,entropy,0.0628,0.0525,0.1848,,,
30,NormAnonDiff_MeanCos,Steering,0.4636,0.1509,11,entropy,0.9873,0.9858,0.5434,,,
30,NormAnonDiff_MeanCos,ICL,0.6264,0.0392,11,entropy,0.0716,0.1113,0.2547,,,
30,NormAnonDiff_MeanCos,GCG,0.8102,0.0025,11,entropy,0.0744,0.0733,0.0527,,,
30,NormAnonDiff_MeanCos,MIA,-0.4273,0.1899,11,entropy,0.9988,0.7011,0.6215,,,
30,NormAnonDiff_MeanCos,MIA_MinK,0.1429,0.7599,7,entropy,0.9822,0.9120,0.9786,,,
30,NormAnonDiff_MeanCos,MIA_Ref,-0.2857,0.5345,7,entropy,0.9785,0.9885,0.9499,,,
30,NormAnonDiff_MeanCos,MIA_Hidden,-0.4286,0.3374,7,entropy,0.9958,0.8818,0.8176,,,
30,NormAnonDiff_MeanCos,SPV_MIA,-0.9286,0.0025,7,entropy,0.0164,0.0148,0.0527,*,*,
31,Centroid_Norm,Steering,0.5364,0.0890,11,auss,0.9873,0.9577,0.4006,,,
31,Centroid_Norm,ICL,0.5142,0.1056,11,auss,0.1580,0.1250,0.4488,,,
31,Centroid_Norm,GCG,0.7888,0.0039,11,auss,0.0744,0.0632,0.0670,,,
31,Centroid_Norm,MIA,-0.4455,0.1697,11,auss,0.9988,1.0000,0.5807,,,
31,Centroid_Norm,MIA_MinK,-0.0357,0.9394,7,auss,0.9822,0.9762,0.9907,,,
31,Centroid_Norm,MIA_Ref,-0.5714,0.1802,7,auss,0.9785,0.9390,0.6003,,,
31,Centroid_Norm,MIA_Hidden,-0.2143,0.6445,7,auss,0.9958,0.9939,0.9786,,,
31,Centroid_Norm,SPV_MIA,-0.8929,0.0068,7,auss,0.0300,0.0333,0.0952,*,*,
31,Global_Coherence,Steering,0.5364,0.0890,11,auss,0.9873,0.9577,0.4006,,,
31,Global_Coherence,ICL,0.5142,0.1056,11,auss,0.1580,0.1250,0.4488,,,
31,Global_Coherence,GCG,0.7888,0.0039,11,auss,0.0744,0.0632,0.0670,,,
31,Global_Coherence,MIA,-0.4455,0.1697,11,auss,0.9988,1.0000,0.5807,,,
31,Global_Coherence,MIA_MinK,-0.0357,0.9394,7,auss,0.9822,0.9762,0.9907,,,
31,Global_Coherence,MIA_Ref,-0.5714,0.1802,7,auss,0.9785,0.9390,0.6003,,,
31,Global_Coherence,MIA_Hidden,-0.2143,0.6445,7,auss,0.9958,0.9939,0.9786,,,
31,Global_Coherence,SPV_MIA,-0.8929,0.0068,7,auss,0.0300,0.0333,0.0952,*,*,
31,Batch_SecondMoment_TopEig,Steering,0.5364,0.0890,11,auss,0.9873,0.9577,0.4006,,,
31,Batch_SecondMoment_TopEig,ICL,0.5142,0.1056,11,auss,0.1580,0.1250,0.4488,,,
31,Batch_SecondMoment_TopEig,GCG,0.7888,0.0039,11,auss,0.0744,0.0632,0.0670,,,
31,Batch_SecondMoment_TopEig,MIA,-0.4455,0.1697,11,auss,0.9988,1.0000,0.5807,,,
31,Batch_SecondMoment_TopEig,MIA_MinK,-0.0357,0.9394,7,auss,0.9822,0.9762,0.9907,,,
31,Batch_SecondMoment_TopEig,MIA_Ref,-0.5714,0.1802,7,auss,0.9785,0.9390,0.6003,,,
31,Batch_SecondMoment_TopEig,MIA_Hidden,-0.2143,0.6445,7,auss,0.9958,0.9939,0.9786,,,
31,Batch_SecondMoment_TopEig,SPV_MIA,-0.8929,0.0068,7,auss,0.0300,0.0333,0.0952,*,*,
31,AUSS_L2,Steering,-0.5364,0.0890,11,auss,0.9873,0.9577,0.4006,,,
31,AUSS_L2,ICL,-0.5142,0.1056,11,auss,0.1580,0.1250,0.4488,,,
31,AUSS_L2,GCG,-0.7888,0.0039,11,auss,0.0744,0.0632,0.0670,,,
31,AUSS_L2,MIA,0.4455,0.1697,11,auss,0.9988,1.0000,0.5807,,,
31,AUSS_L2,MIA_MinK,0.0357,0.9394,7,auss,0.9822,0.9762,0.9907,,,
31,AUSS_L2,MIA_Ref,0.5714,0.1802,7,auss,0.9785,0.9390,0.6003,,,
31,AUSS_L2,MIA_Hidden,0.2143,0.6445,7,auss,0.9958,0.9939,0.9786,,,
31,AUSS_L2,SPV_MIA,0.8929,0.0068,7,auss,0.0300,0.0333,0.0952,*,*,
31,AUSS_Cos2,Steering,-0.5364,0.0890,11,auss,0.9873,0.9577,0.4006,,,
31,AUSS_Cos2,ICL,-0.5142,0.1056,11,auss,0.1580,0.1250,0.4488,,,
31,AUSS_Cos2,GCG,-0.7888,0.0039,11,auss,0.0744,0.0632,0.0670,,,
31,AUSS_Cos2,MIA,0.4455,0.1697,11,auss,0.9988,1.0000,0.5807,,,
31,AUSS_Cos2,MIA_MinK,0.0357,0.9394,7,auss,0.9822,0.9762,0.9907,,,
31,AUSS_Cos2,MIA_Ref,0.5714,0.1802,7,auss,0.9785,0.9390,0.6003,,,
31,AUSS_Cos2,MIA_Hidden,0.2143,0.6445,7,auss,0.9958,0.9939,0.9786,,,
31,AUSS_Cos2,SPV_MIA,0.8929,0.0068,7,auss,0.0300,0.0333,0.0952,*,*,
31,AUSS_Jac,Steering,-0.3545,0.2847,11,auss,0.9873,0.9577,0.7717,,,
31,AUSS_Jac,ICL,-0.2057,0.5440,11,auss,0.6150,0.5567,0.9522,,,
31,AUSS_Jac,GCG,-0.6396,0.0341,11,auss,0.2732,0.2811,0.2367,,,
31,AUSS_Jac,MIA,-0.0909,0.7904,11,auss,0.9988,1.0000,0.9786,,,
31,AUSS_Jac,MIA_MinK,-0.3571,0.4316,7,auss,0.9822,0.9762,0.8883,,,
31,AUSS_Jac,MIA_Ref,0.2857,0.5345,7,auss,0.9785,0.9434,0.9499,,,
31,AUSS_Jac,MIA_Hidden,0.4643,0.2939,7,auss,0.9958,0.9939,0.7828,,,
31,AUSS_Jac,SPV_MIA,0.6429,0.1194,7,auss,0.1771,0.1568,0.4767,,,
31,Batch_Cov_Trace,Steering,-0.5364,0.0890,11,auss,0.9873,0.9577,0.4006,,,
31,Batch_Cov_Trace,ICL,-0.5142,0.1056,11,auss,0.1580,0.1250,0.4488,,,
31,Batch_Cov_Trace,GCG,-0.7888,0.0039,11,auss,0.0744,0.0632,0.0670,,,
31,Batch_Cov_Trace,MIA,0.4455,0.1697,11,auss,0.9988,1.0000,0.5807,,,
31,Batch_Cov_Trace,MIA_MinK,0.0357,0.9394,7,auss,0.9822,0.9762,0.9907,,,
31,Batch_Cov_Trace,MIA_Ref,0.5714,0.1802,7,auss,0.9785,0.9390,0.6003,,,
31,Batch_Cov_Trace,MIA_Hidden,0.2143,0.6445,7,auss,0.9958,0.9939,0.9786,,,
31,Batch_Cov_Trace,SPV_MIA,0.8929,0.0068,7,auss,0.0300,0.0333,0.0952,*,*,
31,Batch_Cov_TopEig,Steering,-0.4727,0.1420,11,auss,0.9873,0.9577,0.5261,,,
31,Batch_Cov_TopEig,ICL,-0.5142,0.1056,11,auss,0.1580,0.1250,0.4488,,,
31,Batch_Cov_TopEig,GCG,-0.7142,0.0135,11,auss,0.1490,0.1277,0.1368,,,
31,Batch_Cov_TopEig,MIA,0.4273,0.1899,11,auss,0.9988,1.0000,0.6215,,,
31,Batch_Cov_TopEig,MIA_MinK,-0.1071,0.8192,7,auss,0.9822,0.9762,0.9786,,,
31,Batch_Cov_TopEig,MIA_Ref,0.5000,0.2532,7,auss,0.9785,0.9390,0.7334,,,
31,Batch_Cov_TopEig,MIA_Hidden,0.1429,0.7599,7,auss,0.9958,0.9939,0.9786,,,
31,Batch_Cov_TopEig,SPV_MIA,0.8571,0.0137,7,auss,0.0452,0.0574,0.1368,*,,
31,Reg_S_alpha_2,Steering,-0.6364,0.0353,11,entropy,0.9873,0.9858,0.2392,,,
31,Reg_S_alpha_2,ICL,0.1122,0.7426,11,entropy,0.7643,0.7749,0.9786,,,
31,Reg_S_alpha_2,GCG,-0.4477,0.1673,11,entropy,0.4395,0.3681,0.5807,,,
31,Reg_S_alpha_2,MIA,0.1727,0.6115,11,entropy,0.9988,0.8294,0.9774,,,
31,Reg_S_alpha_2,MIA_MinK,0.0000,1.0000,7,entropy,1.0000,1.0000,1.0000,,,
31,Reg_S_alpha_2,MIA_Ref,0.6429,0.1194,7,entropy,0.9785,0.9794,0.4767,,,
31,Reg_S_alpha_2,MIA_Hidden,-0.2500,0.5887,7,entropy,0.9958,0.9847,0.9684,,,
31,Reg_S_alpha_2,SPV_MIA,0.2500,0.5887,7,entropy,0.6758,0.7065,0.9684,,,
31,Reg_MeanCos,Steering,0.6455,0.0320,11,entropy,0.9873,0.9858,0.2239,,,
31,Reg_MeanCos,ICL,-0.0561,0.8699,11,entropy,0.8799,0.8833,0.9897,,,
31,Reg_MeanCos,GCG,0.5543,0.0768,11,entropy,0.3007,0.2615,0.3567,,,
31,Reg_MeanCos,MIA,-0.2364,0.4841,11,entropy,0.9988,0.7495,0.9318,,,
31,Reg_MeanCos,MIA_MinK,-0.1786,0.7017,7,entropy,0.9822,0.9120,0.9786,,,
31,Reg_MeanCos,MIA_Ref,-0.7857,0.0362,7,entropy,0.9785,0.9794,0.2392,,,
31,Reg_MeanCos,MIA_Hidden,0.0714,0.8790,7,entropy,0.9958,0.9847,0.9907,,,
31,Reg_MeanCos,SPV_MIA,-0.5714,0.1802,7,entropy,0.2471,0.2919,0.6003,,,
31,Reg_MeanL2,Steering,-0.1455,0.6696,11,entropy,0.9873,0.9858,0.9786,,,
31,Reg_MeanL2,ICL,0.1402,0.6809,11,entropy,0.7219,0.7553,0.9786,,,
31,Reg_MeanL2,GCG,-0.1386,0.6845,11,entropy,0.9451,0.8674,0.9786,,,
31,Reg_MeanL2,MIA,-0.1182,0.7293,11,entropy,0.9988,0.9219,0.9786,,,
31,Reg_MeanL2,MIA_MinK,0.6071,0.1482,7,entropy,0.9822,0.9120,0.5404,,,
31,Reg_MeanL2,MIA_Ref,0.5357,0.2152,7,entropy,0.9785,0.9794,0.6724,,,
31,Reg_MeanL2,MIA_Hidden,-0.5357,0.2152,7,entropy,0.9958,0.6845,0.6724,,,
31,Reg_MeanL2,SPV_MIA,0.5357,0.2152,7,entropy,0.2899,0.3423,0.6724,,,
31,AnonDiff_S_alpha_2,Steering,-0.4909,0.1252,11,entropy,0.9873,0.9858,0.4879,,,
31,AnonDiff_S_alpha_2,ICL,-0.4675,0.1471,11,entropy,0.2007,0.2697,0.5398,,,
31,AnonDiff_S_alpha_2,GCG,-0.8102,0.0025,11,entropy,0.0744,0.0733,0.0527,,,
31,AnonDiff_S_alpha_2,MIA,0.3727,0.2589,11,entropy,0.9988,0.7011,0.7422,,,
31,AnonDiff_S_alpha_2,MIA_MinK,-0.0357,0.9394,7,entropy,0.9822,0.9803,0.9907,,,
31,AnonDiff_S_alpha_2,MIA_Ref,0.4643,0.2939,7,entropy,0.9785,0.9794,0.7828,,,
31,AnonDiff_S_alpha_2,MIA_Hidden,0.3571,0.4316,7,entropy,0.9958,0.9847,0.8883,,,
31,AnonDiff_S_alpha_2,SPV_MIA,0.8571,0.0137,7,entropy,0.0452,0.0373,0.1368,*,*,
31,AnonDiff_MeanCos,Steering,0.5636,0.0710,11,entropy,0.9873,0.9858,0.3534,,,
31,AnonDiff_MeanCos,ICL,0.5329,0.0914,11,entropy,0.1424,0.1946,0.4078,,,
31,AnonDiff_MeanCos,GCG,0.7888,0.0039,11,entropy,0.0744,0.0793,0.0670,,,
31,AnonDiff_MeanCos,MIA,-0.4909,0.1252,11,entropy,0.9988,0.7011,0.4879,,,
31,AnonDiff_MeanCos,MIA_MinK,-0.0357,0.9394,7,entropy,0.9822,0.9803,0.9907,,,
31,AnonDiff_MeanCos,MIA_Ref,-0.5714,0.1802,7,entropy,0.9785,0.9794,0.6003,,,
31,AnonDiff_MeanCos,MIA_Hidden,-0.2143,0.6445,7,entropy,0.9958,0.9847,0.9786,,,
31,AnonDiff_MeanCos,SPV_MIA,-0.8929,0.0068,7,entropy,0.0300,0.0261,0.0952,*,*,
31,AnonDiff_MeanL2,Steering,-0.1000,0.7699,11,entropy,0.9873,0.9858,0.9786,,,
31,AnonDiff_MeanL2,ICL,0.1963,0.5629,11,entropy,0.6257,0.6848,0.9586,,,
31,AnonDiff_MeanL2,GCG,0.0320,0.9256,11,entropy,0.9762,0.9736,0.9907,,,
31,AnonDiff_MeanL2,MIA,-0.3636,0.2716,11,entropy,0.9988,0.7011,0.7465,,,
31,AnonDiff_MeanL2,MIA_MinK,-0.3929,0.3833,7,entropy,0.9822,0.9120,0.8563,,,
31,AnonDiff_MeanL2,MIA_Ref,-0.0357,0.9394,7,entropy,0.9920,1.0000,0.9907,,,
31,AnonDiff_MeanL2,MIA_Hidden,-0.4643,0.2939,7,entropy,0.9958,0.8344,0.7828,,,
31,AnonDiff_MeanL2,SPV_MIA,-0.1786,0.7017,7,entropy,0.7515,0.7439,0.9786,,,
31,NormAnonDiff_S_alpha_2,Steering,-0.4636,0.1509,11,entropy,0.9873,0.9858,0.5434,,,
31,NormAnonDiff_S_alpha_2,ICL,-0.6077,0.0473,11,entropy,0.0847,0.1288,0.2859,,,
31,NormAnonDiff_S_alpha_2,GCG,-0.8315,0.0015,11,entropy,0.0570,0.0665,0.0464,,,*
31,NormAnonDiff_S_alpha_2,MIA,0.3000,0.3701,11,entropy,0.9988,0.7292,0.8482,,,
31,NormAnonDiff_S_alpha_2,MIA_MinK,-0.3929,0.3833,7,entropy,0.9822,0.9120,0.8563,,,
31,NormAnonDiff_S_alpha_2,MIA_Ref,0.2143,0.6445,7,entropy,0.9821,0.9885,0.9786,,,
31,NormAnonDiff_S_alpha_2,MIA_Hidden,0.3571,0.4316,7,entropy,0.9958,0.9847,0.8883,,,
31,NormAnonDiff_S_alpha_2,SPV_MIA,0.7500,0.0522,7,entropy,0.0980,0.0991,0.2896,,,
31,NormAnonDiff_MeanCos,Steering,0.5636,0.0710,11,entropy,0.9873,0.9858,0.3534,,,
31,NormAnonDiff_MeanCos,ICL,0.5329,0.0914,11,entropy,0.1424,0.1946,0.4078,,,
31,NormAnonDiff_MeanCos,GCG,0.7888,0.0039,11,entropy,0.0744,0.0793,0.0670,,,
31,NormAnonDiff_MeanCos,MIA,-0.4909,0.1252,11,entropy,0.9988,0.7011,0.4879,,,
31,NormAnonDiff_MeanCos,MIA_MinK,-0.0357,0.9394,7,entropy,0.9822,0.9803,0.9907,,,
31,NormAnonDiff_MeanCos,MIA_Ref,-0.5714,0.1802,7,entropy,0.9785,0.9794,0.6003,,,
31,NormAnonDiff_MeanCos,MIA_Hidden,-0.2143,0.6445,7,entropy,0.9958,0.9847,0.9786,,,
31,NormAnonDiff_MeanCos,SPV_MIA,-0.8929,0.0068,7,entropy,0.0300,0.0261,0.0952,*,*,
32,Centroid_Norm,Steering,0.3364,0.3118,11,auss,0.9873,0.9577,0.8031,,,
32,Centroid_Norm,ICL,0.5049,0.1132,11,auss,0.1647,0.1305,0.4652,,,
32,Centroid_Norm,GCG,0.8315,0.0015,11,auss,0.0570,0.0498,0.0464,,*,*
32,Centroid_Norm,MIA,-0.1182,0.7293,11,auss,0.9988,1.0000,0.9786,,,
32,Centroid_Norm,MIA_MinK,0.4286,0.3374,7,auss,0.9822,0.9762,0.8176,,,
32,Centroid_Norm,MIA_Ref,0.1429,0.7599,7,auss,0.9821,0.9434,0.9786,,,
32,Centroid_Norm,MIA_Hidden,-0.6786,0.0938,7,auss,0.6972,0.9939,0.4082,,,
32,Centroid_Norm,SPV_MIA,-0.6429,0.1194,7,auss,0.1771,0.1568,0.4767,,,
32,Global_Coherence,Steering,0.3364,0.3118,11,auss,0.9873,0.9577,0.8031,,,
32,Global_Coherence,ICL,0.5049,0.1132,11,auss,0.1647,0.1305,0.4652,,,
32,Global_Coherence,GCG,0.8315,0.0015,11,auss,0.0570,0.0498,0.0464,,*,*
32,Global_Coherence,MIA,-0.1182,0.7293,11,auss,0.9988,1.0000,0.9786,,,
32,Global_Coherence,MIA_MinK,0.4286,0.3374,7,auss,0.9822,0.9762,0.8176,,,
32,Global_Coherence,MIA_Ref,0.1429,0.7599,7,auss,0.9821,0.9434,0.9786,,,
32,Global_Coherence,MIA_Hidden,-0.6786,0.0938,7,auss,0.6972,0.9939,0.4082,,,
32,Global_Coherence,SPV_MIA,-0.6429,0.1194,7,auss,0.1771,0.1568,0.4767,,,
32,Batch_SecondMoment_TopEig,Steering,0.4000,0.2229,11,auss,0.9873,0.9577,0.6833,,,
32,Batch_SecondMoment_TopEig,ICL,0.4768,0.1381,11,auss,0.1899,0.1507,0.5195,,,
32,Batch_SecondMoment_TopEig,GCG,0.8315,0.0015,11,auss,0.0570,0.0498,0.0464,,*,*
32,Batch_SecondMoment_TopEig,MIA,-0.1727,0.6115,11,auss,0.9988,1.0000,0.9774,,,
32,Batch_SecondMoment_TopEig,MIA_MinK,0.4643,0.2939,7,auss,0.9822,0.9762,0.7828,,,
32,Batch_SecondMoment_TopEig,MIA_Ref,0.0357,0.9394,7,auss,0.9920,0.9650,0.9907,,,
32,Batch_SecondMoment_TopEig,MIA_Hidden,-0.7500,0.0522,7,auss,0.6560,0.9939,0.2896,,,
32,Batch_SecondMoment_TopEig,SPV_MIA,-0.6071,0.1482,7,auss,0.2073,0.1810,0.5404,,,
32,AUSS_L2,Steering,-0.3364,0.3118,11,auss,0.9873,0.9577,0.8031,,,
32,AUSS_L2,ICL,-0.5049,0.1132,11,auss,0.1647,0.1305,0.4652,,,
32,AUSS_L2,GCG,-0.8315,0.0015,11,auss,0.0570,0.0498,0.0464,,*,*
32,AUSS_L2,MIA,0.1182,0.7293,11,auss,0.9988,1.0000,0.9786,,,
32,AUSS_L2,MIA_MinK,-0.4286,0.3374,7,auss,0.9822,0.9762,0.8176,,,
32,AUSS_L2,MIA_Ref,-0.1429,0.7599,7,auss,0.9821,0.9434,0.9786,,,
32,AUSS_L2,MIA_Hidden,0.6786,0.0938,7,auss,0.6972,0.9939,0.4082,,,
32,AUSS_L2,SPV_MIA,0.6429,0.1194,7,auss,0.1771,0.1568,0.4767,,,
32,AUSS_Cos2,Steering,-0.3364,0.3118,11,auss,0.9873,0.9577,0.8031,,,
32,AUSS_Cos2,ICL,-0.5049,0.1132,11,auss,0.1647,0.1305,0.4652,,,
32,AUSS_Cos2,GCG,-0.8315,0.0015,11,auss,0.0570,0.0498,0.0464,,*,*
32,AUSS_Cos2,MIA,0.1182,0.7293,11,auss,0.9988,1.0000,0.9786,,,
32,AUSS_Cos2,MIA_MinK,-0.4286,0.3374,7,auss,0.9822,0.9762,0.8176,,,
32,AUSS_Cos2,MIA_Ref,-0.1429,0.7599,7,auss,0.9821,0.9434,0.9786,,,
32,AUSS_Cos2,MIA_Hidden,0.6786,0.0938,7,auss,0.6972,0.9939,0.4082,,,
32,AUSS_Cos2,SPV_MIA,0.6429,0.1194,7,auss,0.1771,0.1568,0.4767,,,
32,AUSS_Jac,Steering,-0.1545,0.6500,11,auss,0.9873,0.9577,0.9786,,,
32,AUSS_Jac,ICL,-0.8041,0.0029,11,auss,0.0122,0.0075,0.0543,*,**,
32,AUSS_Jac,GCG,-0.8528,0.0008,11,auss,0.0570,0.0498,0.0462,,*,*
32,AUSS_Jac,MIA,0.1091,0.7495,11,auss,0.9988,1.0000,0.9786,,,
32,AUSS_Jac,MIA_MinK,-0.4286,0.3374,7,auss,0.9822,0.9762,0.8176,,,
32,AUSS_Jac,MIA_Ref,-0.1429,0.7599,7,auss,0.9821,0.9434,0.9786,,,
32,AUSS_Jac,MIA_Hidden,0.6786,0.0938,7,auss,0.6972,0.9939,0.4082,,,
32,AUSS_Jac,SPV_MIA,0.6429,0.1194,7,auss,0.1771,0.1568,0.4767,,,
32,Batch_Cov_Trace,Steering,-0.3364,0.3118,11,auss,0.9873,0.9577,0.8031,,,
32,Batch_Cov_Trace,ICL,-0.5049,0.1132,11,auss,0.1647,0.1305,0.4652,,,
32,Batch_Cov_Trace,GCG,-0.8315,0.0015,11,auss,0.0570,0.0498,0.0464,,*,*
32,Batch_Cov_Trace,MIA,0.1182,0.7293,11,auss,0.9988,1.0000,0.9786,,,
32,Batch_Cov_Trace,MIA_MinK,-0.4286,0.3374,7,auss,0.9822,0.9762,0.8176,,,
32,Batch_Cov_Trace,MIA_Ref,-0.1429,0.7599,7,auss,0.9821,0.9434,0.9786,,,
32,Batch_Cov_Trace,MIA_Hidden,0.6786,0.0938,7,auss,0.6972,0.9939,0.4082,,,
32,Batch_Cov_Trace,SPV_MIA,0.6429,0.1194,7,auss,0.1771,0.1568,0.4767,,,
32,Batch_Cov_TopEig,Steering,-0.3273,0.3259,11,auss,0.9873,0.9577,0.8163,,,
32,Batch_Cov_TopEig,ICL,-0.4675,0.1471,11,auss,0.2007,0.1598,0.5398,,,
32,Batch_Cov_TopEig,GCG,-0.5970,0.0525,11,auss,0.3007,0.3124,0.2910,,,
32,Batch_Cov_TopEig,MIA,0.1182,0.7293,11,auss,0.9988,1.0000,0.9786,,,
32,Batch_Cov_TopEig,MIA_MinK,-0.4286,0.3374,7,auss,0.9822,0.9762,0.8176,,,
32,Batch_Cov_TopEig,MIA_Ref,-0.0714,0.8790,7,auss,0.9821,0.9434,0.9907,,,
32,Batch_Cov_TopEig,MIA_Hidden,0.2857,0.5345,7,auss,0.9958,0.9939,0.9499,,,
32,Batch_Cov_TopEig,SPV_MIA,0.0000,1.0000,7,auss,1.0000,1.0000,1.0000,,,
32,Reg_S_alpha_2,Steering,-0.6091,0.0467,11,entropy,0.9873,0.9858,0.2826,,,
32,Reg_S_alpha_2,ICL,-0.1402,0.6809,11,entropy,0.7219,0.7553,0.9786,,,
32,Reg_S_alpha_2,GCG,-0.7249,0.0116,11,entropy,0.1333,0.1613,0.1325,,,
32,Reg_S_alpha_2,MIA,0.2818,0.4011,11,entropy,0.9988,0.7370,0.8709,,,
32,Reg_S_alpha_2,MIA_MinK,-0.3571,0.4316,7,entropy,0.9822,0.9120,0.8883,,,
32,Reg_S_alpha_2,MIA_Ref,0.1429,0.7599,7,entropy,0.9821,0.9885,0.9786,,,
32,Reg_S_alpha_2,MIA_Hidden,0.6786,0.0938,7,entropy,0.6972,0.4267,0.4082,,,
32,Reg_S_alpha_2,SPV_MIA,0.1429,0.7599,7,entropy,0.7905,0.7828,0.9786,,,
32,Reg_MeanCos,Steering,0.6273,0.0388,11,entropy,0.9873,0.9858,0.2536,,,
32,Reg_MeanCos,ICL,0.1683,0.6209,11,entropy,0.6773,0.7285,0.9786,,,
32,Reg_MeanCos,GCG,0.8315,0.0015,11,entropy,0.0570,0.0665,0.0464,,,*
32,Reg_MeanCos,MIA,-0.3091,0.3550,11,entropy,0.9988,0.7292,0.8276,,,
32,Reg_MeanCos,MIA_MinK,0.2857,0.5345,7,entropy,0.9822,0.9120,0.9499,,,
32,Reg_MeanCos,MIA_Ref,-0.2500,0.5887,7,entropy,0.9785,0.9885,0.9684,,,
32,Reg_MeanCos,MIA_Hidden,-0.7143,0.0713,7,entropy,0.6849,0.3924,0.3545,,,
32,Reg_MeanCos,SPV_MIA,-0.6429,0.1194,7,entropy,0.1771,0.2034,0.4767,,,
32,Reg_MeanL2,Steering,-0.1273,0.7092,11,entropy,0.9873,0.9858,0.9786,,,
32,Reg_MeanL2,ICL,-0.0841,0.8057,11,entropy,0.8260,0.8341,0.9786,,,
32,Reg_MeanL2,GCG,0.2132,0.5291,11,entropy,0.9451,0.8655,0.9473,,,
32,Reg_MeanL2,MIA,0.6273,0.0388,11,entropy,0.9988,0.7011,0.2536,,,
32,Reg_MeanL2,MIA_MinK,0.6786,0.0938,7,entropy,0.9822,0.8250,0.4082,,,
32,Reg_MeanL2,MIA_Ref,0.8214,0.0234,7,entropy,0.9785,0.9794,0.1848,,,
32,Reg_MeanL2,MIA_Hidden,-0.5357,0.2152,7,entropy,0.9958,0.6845,0.6724,,,
32,Reg_MeanL2,SPV_MIA,0.4286,0.3374,7,entropy,0.4201,0.4738,0.8176,,,
32,AnonDiff_S_alpha_2,Steering,-0.5000,0.1173,11,entropy,0.9873,0.9858,0.4767,,,
32,AnonDiff_S_alpha_2,ICL,-0.4488,0.1662,11,entropy,0.2216,0.2886,0.5807,,,
32,AnonDiff_S_alpha_2,GCG,-0.8315,0.0015,11,entropy,0.0570,0.0665,0.0464,,,*
32,AnonDiff_S_alpha_2,MIA,0.2364,0.4841,11,entropy,0.9988,0.7495,0.9318,,,
32,AnonDiff_S_alpha_2,MIA_MinK,-0.3571,0.4316,7,entropy,0.9822,0.9120,0.8883,,,
32,AnonDiff_S_alpha_2,MIA_Ref,0.1429,0.7599,7,entropy,0.9821,0.9885,0.9786,,,
32,AnonDiff_S_alpha_2,MIA_Hidden,0.6786,0.0938,7,entropy,0.6972,0.4267,0.4082,,,
32,AnonDiff_S_alpha_2,SPV_MIA,0.5357,0.2152,7,entropy,0.2899,0.3423,0.6724,,,
32,AnonDiff_MeanCos,Steering,0.4455,0.1697,11,entropy,0.9873,0.9858,0.5807,,,
32,AnonDiff_MeanCos,ICL,0.5236,0.0983,11,entropy,0.1510,0.2013,0.4256,,,
32,AnonDiff_MeanCos,GCG,0.8315,0.0015,11,entropy,0.0570,0.0665,0.0464,,,*
32,AnonDiff_MeanCos,MIA,-0.2545,0.4500,11,entropy,0.9988,0.7484,0.9101,,,
32,AnonDiff_MeanCos,MIA_MinK,0.3214,0.4821,7,entropy,0.9822,0.9120,0.9318,,,
32,AnonDiff_MeanCos,MIA_Ref,-0.0357,0.9394,7,entropy,0.9920,1.0000,0.9907,,,
32,AnonDiff_MeanCos,MIA_Hidden,-0.8214,0.0234,7,entropy,0.5979,0.3680,0.1848,,,
32,AnonDiff_MeanCos,SPV_MIA,-0.6429,0.1194,7,entropy,0.1771,0.2034,0.4767,,,
32,AnonDiff_MeanL2,Steering,0.0727,0.8317,11,entropy,0.9873,0.9858,0.9786,,,
32,AnonDiff_MeanL2,ICL,-0.1589,0.6407,11,entropy,0.6932,0.7386,0.9786,,,
32,AnonDiff_MeanL2,GCG,0.3091,0.3549,11,entropy,0.7618,0.7099,0.8276,,,
32,AnonDiff_MeanL2,MIA,0.2455,0.4669,11,entropy,0.9988,0.7484,0.9203,,,
32,AnonDiff_MeanL2,MIA_MinK,-0.4286,0.3374,7,entropy,0.9822,0.9120,0.8176,,,
32,AnonDiff_MeanL2,MIA_Ref,0.0000,1.0000,7,entropy,1.0000,1.0000,1.0000,,,
32,AnonDiff_MeanL2,MIA_Hidden,-0.4286,0.3374,7,entropy,0.9958,0.8818,0.8176,,,
32,AnonDiff_MeanL2,SPV_MIA,-0.1071,0.8192,7,entropy,0.8431,0.8318,0.9786,,,
32,NormAnonDiff_S_alpha_2,Steering,-0.3818,0.2466,11,entropy,0.9873,0.9858,0.7270,,,
32,NormAnonDiff_S_alpha_2,ICL,-0.5236,0.0983,11,entropy,0.1510,0.2013,0.4256,,,
32,NormAnonDiff_S_alpha_2,GCG,-0.7782,0.0048,11,entropy,0.0744,0.0903,0.0781,,,
32,NormAnonDiff_S_alpha_2,MIA,0.1091,0.7495,11,entropy,0.9988,0.9219,0.9786,,,
32,NormAnonDiff_S_alpha_2,MIA_MinK,-0.6429,0.1194,7,entropy,0.9822,0.9120,0.4767,,,
32,NormAnonDiff_S_alpha_2,MIA_Ref,-0.2500,0.5887,7,entropy,0.9785,0.9885,0.9684,,,
32,NormAnonDiff_S_alpha_2,MIA_Hidden,0.7857,0.0362,7,entropy,0.5979,0.3680,0.2392,,,
32,NormAnonDiff_S_alpha_2,SPV_MIA,0.4643,0.2939,7,entropy,0.3767,0.4195,0.7828,,,
32,NormAnonDiff_MeanCos,Steering,0.4455,0.1697,11,entropy,0.9873,0.9858,0.5807,,,
32,NormAnonDiff_MeanCos,ICL,0.5236,0.0983,11,entropy,0.1510,0.2013,0.4256,,,
32,NormAnonDiff_MeanCos,GCG,0.8315,0.0015,11,entropy,0.0570,0.0665,0.0464,,,*
32,NormAnonDiff_MeanCos,MIA,-0.2545,0.4500,11,entropy,0.9988,0.7484,0.9101,,,
32,NormAnonDiff_MeanCos,MIA_MinK,0.3214,0.4821,7,entropy,0.9822,0.9120,0.9318,,,
32,NormAnonDiff_MeanCos,MIA_Ref,-0.0357,0.9394,7,entropy,0.9920,1.0000,0.9907,,,
32,NormAnonDiff_MeanCos,MIA_Hidden,-0.8214,0.0234,7,entropy,0.5979,0.3680,0.1848,,,
32,NormAnonDiff_MeanCos,SPV_MIA,-0.6429,0.1194,7,entropy,0.1771,0.2034,0.4767,,,
