layer,metric,attack,rho,pval,n,family
0,Centroid_Norm,Steering,-0.1928571428571428,0.4910487016052232,15,auss
0,Centroid_Norm,ICL,0.5848118245468965,0.022030208511854242,15,auss
0,Centroid_Norm,GCG,0.3155043751720223,0.2520035227730589,15,auss
0,Centroid_Norm,MIA,0.07142857142857141,0.8002959873970544,15,auss
0,Centroid_Norm,MIA_MinK,0.6454545454545455,0.03196279932801745,11,auss
0,Centroid_Norm,MIA_Ref,0.18181818181818182,0.5926152128455,11,auss
0,Centroid_Norm,MIA_Hidden,-0.3454545454545455,0.2980892209030388,11,auss
0,Centroid_Norm,SPV_MIA,-0.11872269889407801,0.7280862602638447,11,auss
0,Global_Coherence,Steering,-0.1928571428571428,0.4910487016052232,15,auss
0,Global_Coherence,ICL,0.5848118245468965,0.022030208511854242,15,auss
0,Global_Coherence,GCG,0.3155043751720223,0.2520035227730589,15,auss
0,Global_Coherence,MIA,0.07142857142857141,0.8002959873970544,15,auss
0,Global_Coherence,MIA_MinK,0.6454545454545455,0.03196279932801745,11,auss
0,Global_Coherence,MIA_Ref,0.18181818181818182,0.5926152128455,11,auss
0,Global_Coherence,MIA_Hidden,-0.3454545454545455,0.2980892209030388,11,auss
0,Global_Coherence,SPV_MIA,-0.11872269889407801,0.7280862602638447,11,auss
0,Batch_SecondMoment_TopEig,Steering,-0.1928571428571428,0.4910487016052232,15,auss
0,Batch_SecondMoment_TopEig,ICL,0.5848118245468965,0.022030208511854242,15,auss
0,Batch_SecondMoment_TopEig,GCG,0.3155043751720223,0.2520035227730589,15,auss
0,Batch_SecondMoment_TopEig,MIA,0.07142857142857141,0.8002959873970544,15,auss
0,Batch_SecondMoment_TopEig,MIA_MinK,0.6454545454545455,0.03196279932801745,11,auss
0,Batch_SecondMoment_TopEig,MIA_Ref,0.18181818181818182,0.5926152128455,11,auss
0,Batch_SecondMoment_TopEig,MIA_Hidden,-0.3454545454545455,0.2980892209030388,11,auss
0,Batch_SecondMoment_TopEig,SPV_MIA,-0.11872269889407801,0.7280862602638447,11,auss
0,AUSS_L2,Steering,0.1928571428571428,0.4910487016052232,15,auss
0,AUSS_L2,ICL,-0.5848118245468965,0.022030208511854242,15,auss
0,AUSS_L2,GCG,-0.3155043751720223,0.2520035227730589,15,auss
0,AUSS_L2,MIA,-0.07142857142857141,0.8002959873970544,15,auss
0,AUSS_L2,MIA_MinK,-0.6454545454545455,0.03196279932801745,11,auss
0,AUSS_L2,MIA_Ref,-0.18181818181818182,0.5926152128455,11,auss
0,AUSS_L2,MIA_Hidden,0.3454545454545455,0.2980892209030388,11,auss
0,AUSS_L2,SPV_MIA,0.11872269889407801,0.7280862602638447,11,auss
0,AUSS_Cos2,Steering,0.1928571428571428,0.4910487016052232,15,auss
0,AUSS_Cos2,ICL,-0.5848118245468965,0.022030208511854242,15,auss
0,AUSS_Cos2,GCG,-0.3155043751720223,0.2520035227730589,15,auss
0,AUSS_Cos2,MIA,-0.07142857142857141,0.8002959873970544,15,auss
0,AUSS_Cos2,MIA_MinK,-0.6454545454545455,0.03196279932801745,11,auss
0,AUSS_Cos2,MIA_Ref,-0.18181818181818182,0.5926152128455,11,auss
0,AUSS_Cos2,MIA_Hidden,0.3454545454545455,0.2980892209030388,11,auss
0,AUSS_Cos2,SPV_MIA,0.11872269889407801,0.7280862602638447,11,auss
0,AUSS_Jac,Steering,-0.02150551448197962,0.9393613149587409,15,auss
0,AUSS_Jac,ICL,-0.5647640831249505,0.028268941042643575,15,auss
0,AUSS_Jac,GCG,-0.43267201741036765,0.10721471224994511,15,auss
0,AUSS_Jac,MIA,0.24372916412910237,0.38136899388944534,15,auss
0,AUSS_Jac,MIA_MinK,-0.07339758434175737,0.8301847435189387,11,auss
0,AUSS_Jac,MIA_Ref,-0.11927107455535572,0.7268716909393486,11,auss
0,AUSS_Jac,MIA_Hidden,-0.14679516868351475,0.6666844982807617,11,auss
0,AUSS_Jac,SPV_MIA,0.34101744589242083,0.30475093676404863,11,auss
0,Batch_Cov_Trace,Steering,0.1928571428571428,0.4910487016052232,15,auss
0,Batch_Cov_Trace,ICL,-0.5848118245468965,0.022030208511854242,15,auss
0,Batch_Cov_Trace,GCG,-0.3155043751720223,0.2520035227730589,15,auss
0,Batch_Cov_Trace,MIA,-0.07142857142857141,0.8002959873970544,15,auss
0,Batch_Cov_Trace,MIA_MinK,-0.6454545454545455,0.03196279932801745,11,auss
0,Batch_Cov_Trace,MIA_Ref,-0.18181818181818182,0.5926152128455,11,auss
0,Batch_Cov_Trace,MIA_Hidden,0.3454545454545455,0.2980892209030388,11,auss
0,Batch_Cov_Trace,SPV_MIA,0.11872269889407801,0.7280862602638447,11,auss
0,Batch_Cov_TopEig,Steering,0.11428571428571425,0.6850657626568972,15,auss
0,Batch_Cov_TopEig,ICL,-0.5737776391780871,0.025317694685885815,15,auss
0,Batch_Cov_TopEig,GCG,-0.44876088145585774,0.09336864841901008,15,auss
0,Batch_Cov_TopEig,MIA,-0.0964285714285714,0.7324528633867308,15,auss
0,Batch_Cov_TopEig,MIA_MinK,-0.5727272727272729,0.06554305260101842,11,auss
0,Batch_Cov_TopEig,MIA_Ref,-0.15454545454545454,0.65003396549758,11,auss
0,Batch_Cov_TopEig,MIA_Hidden,0.3727272727272728,0.25892587368422215,11,auss
0,Batch_Cov_TopEig,SPV_MIA,0.10502392594476133,0.758602917769562,11,auss
0,Reg_S_alpha_2,Steering,-0.06593406593406594,0.8305423857560938,13,entropy
0,Reg_S_alpha_2,ICL,-0.11005362893715058,0.7204093308322488,13,entropy
0,Reg_S_alpha_2,GCG,-0.46252523058703393,0.11150959630129112,13,entropy
0,Reg_S_alpha_2,MIA,-0.15934065934065936,0.6030877531318972,13,entropy
0,Reg_S_alpha_2,MIA_MinK,-0.39999999999999997,0.2861051019083129,9,entropy
0,Reg_S_alpha_2,MIA_Ref,0.21666666666666667,0.5755148957119259,9,entropy
0,Reg_S_alpha_2,MIA_Hidden,0.7833333333333333,0.012519873019449882,9,entropy
0,Reg_S_alpha_2,SPV_MIA,0.18333333333333335,0.6368198117628943,9,entropy
0,Reg_MeanCos,Steering,0.06593406593406594,0.8305423857560938,13,entropy
0,Reg_MeanCos,ICL,0.11005362893715058,0.7204093308322488,13,entropy
0,Reg_MeanCos,GCG,0.46252523058703393,0.11150959630129112,13,entropy
0,Reg_MeanCos,MIA,0.15934065934065936,0.6030877531318972,13,entropy
0,Reg_MeanCos,MIA_MinK,0.39999999999999997,0.2861051019083129,9,entropy
0,Reg_MeanCos,MIA_Ref,-0.21666666666666667,0.5755148957119259,9,entropy
0,Reg_MeanCos,MIA_Hidden,-0.7833333333333333,0.012519873019449882,9,entropy
0,Reg_MeanCos,SPV_MIA,-0.18333333333333335,0.6368198117628943,9,entropy
0,Reg_MeanL2,Steering,-0.18131868131868134,0.5532950092839335,13,entropy
0,Reg_MeanL2,ICL,-0.16649138736645855,0.5866988041930951,13,entropy
0,Reg_MeanL2,GCG,-0.4306269388224109,0.14184831433653405,13,entropy
0,Reg_MeanL2,MIA,-0.19780219780219782,0.51713091148483,13,entropy
0,Reg_MeanL2,MIA_MinK,0.45,0.22421610749233659,9,entropy
0,Reg_MeanL2,MIA_Ref,0.016666666666666666,0.9660548039946861,9,entropy
0,Reg_MeanL2,MIA_Hidden,-0.31666666666666665,0.4063970144863861,9,entropy
0,Reg_MeanL2,SPV_MIA,0.8333333333333333,0.005265691029161748,9,entropy
0,AnonDiff_S_alpha_2,Steering,0.15384615384615383,0.6157988686488814,13,entropy
0,AnonDiff_S_alpha_2,ICL,-0.8606758160469467,0.0001587793243092038,13,entropy
0,AnonDiff_S_alpha_2,GCG,-0.40829813458717473,0.16603005511497088,13,entropy
0,AnonDiff_S_alpha_2,MIA,0.21978021978021978,0.47061485147214255,13,entropy
0,AnonDiff_S_alpha_2,MIA_MinK,-0.19999999999999998,0.6059012741795533,9,entropy
0,AnonDiff_S_alpha_2,MIA_Ref,-0.13333333333333333,0.7323675052362975,9,entropy
0,AnonDiff_S_alpha_2,MIA_Hidden,0.33333333333333337,0.38071318167686347,9,entropy
0,AnonDiff_S_alpha_2,SPV_MIA,0.7666666666666667,0.01594401657897401,9,entropy
0,AnonDiff_MeanCos,Steering,0.1043956043956044,0.7343037452877026,13,entropy
0,AnonDiff_MeanCos,ICL,0.6490342219370416,0.016385464774556463,13,entropy
0,AnonDiff_MeanCos,GCG,0.4752845472928831,0.10071051212118423,13,entropy
0,AnonDiff_MeanCos,MIA,-0.5054945054945055,0.07803332731018388,13,entropy
0,AnonDiff_MeanCos,MIA_MinK,-0.16666666666666669,0.668231040071504,9,entropy
0,AnonDiff_MeanCos,MIA_Ref,-0.08333333333333334,0.831214097710308,9,entropy
0,AnonDiff_MeanCos,MIA_Hidden,-0.25,0.5164895523012263,9,entropy
0,AnonDiff_MeanCos,SPV_MIA,-0.8833333333333333,0.0015905004234978686,9,entropy
0,AnonDiff_MeanL2,Steering,-0.14835164835164835,0.6286094178894162,13,entropy
0,AnonDiff_MeanL2,ICL,0.44585829159153306,0.12675574065992923,13,entropy
0,AnonDiff_MeanL2,GCG,0.02232880423523612,0.9422808056350152,13,entropy
0,AnonDiff_MeanL2,MIA,-0.532967032967033,0.06073650306561792,13,entropy
0,AnonDiff_MeanL2,MIA_MinK,0.13333333333333333,0.7323675052362975,9,entropy
0,AnonDiff_MeanL2,MIA_Ref,-0.21666666666666667,0.5755148957119259,9,entropy
0,AnonDiff_MeanL2,MIA_Hidden,-0.3666666666666667,0.33173980143301507,9,entropy
0,AnonDiff_MeanL2,SPV_MIA,-0.7166666666666667,0.029818035695845287,9,entropy
0,NormAnonDiff_S_alpha_2,Steering,0.07692307692307691,0.8027630076692551,13,entropy
0,NormAnonDiff_S_alpha_2,ICL,-0.8437444885181543,0.0002883374184316047,13,entropy
0,NormAnonDiff_S_alpha_2,GCG,-0.5231319849398176,0.06658098074185795,13,entropy
0,NormAnonDiff_S_alpha_2,MIA,0.2912087912087912,0.3343858561975295,13,entropy
0,NormAnonDiff_S_alpha_2,MIA_MinK,-0.16666666666666669,0.668231040071504,9,entropy
0,NormAnonDiff_S_alpha_2,MIA_Ref,-0.049999999999999996,0.8983528043506301,9,entropy
0,NormAnonDiff_S_alpha_2,MIA_Hidden,0.41666666666666663,0.26458604674749614,9,entropy
0,NormAnonDiff_S_alpha_2,SPV_MIA,0.75,0.019942126131992522,9,entropy
0,NormAnonDiff_MeanCos,Steering,0.1043956043956044,0.7343037452877026,13,entropy
0,NormAnonDiff_MeanCos,ICL,0.6490342219370416,0.016385464774556463,13,entropy
0,NormAnonDiff_MeanCos,GCG,0.4752845472928831,0.10071051212118423,13,entropy
0,NormAnonDiff_MeanCos,MIA,-0.5054945054945055,0.07803332731018388,13,entropy
0,NormAnonDiff_MeanCos,MIA_MinK,-0.16666666666666669,0.668231040071504,9,entropy
0,NormAnonDiff_MeanCos,MIA_Ref,-0.08333333333333334,0.831214097710308,9,entropy
0,NormAnonDiff_MeanCos,MIA_Hidden,-0.25,0.5164895523012263,9,entropy
0,NormAnonDiff_MeanCos,SPV_MIA,-0.8833333333333333,0.0015905004234978686,9,entropy
1,Centroid_Norm,Steering,-0.09999999999999999,0.7228973252791182,15,auss
1,Centroid_Norm,ICL,0.7282562343414183,0.002079099715782308,15,auss
1,Centroid_Norm,GCG,0.32922195670124066,0.23083161020424778,15,auss
1,Centroid_Norm,MIA,-0.0964285714285714,0.7324528633867308,15,auss
1,Centroid_Norm,MIA_MinK,0.22727272727272727,0.501535667604937,11,auss
1,Centroid_Norm,MIA_Ref,-0.09090909090909091,0.7903727377532903,11,auss
1,Centroid_Norm,MIA_Hidden,-0.02727272727272728,0.9365584481926122,11,auss
1,Centroid_Norm,SPV_MIA,-0.8219263769590017,0.0019078517267601207,11,auss
1,Global_Coherence,Steering,-0.1357142857142857,0.6296204418728145,15,auss
1,Global_Coherence,ICL,0.7429684814998307,0.0015056898492542224,15,auss
1,Global_Coherence,GCG,0.32922195670124066,0.23083161020424778,15,auss
1,Global_Coherence,MIA,-0.05357142857142857,0.8496099367776071,15,auss
1,Global_Coherence,MIA_MinK,0.27272727272727276,0.41714143714253127,11,auss
1,Global_Coherence,MIA_Ref,-0.009090909090909092,0.9788365001441937,11,auss
1,Global_Coherence,MIA_Hidden,-0.06363636363636364,0.8525390725425217,11,auss
1,Global_Coherence,SPV_MIA,-0.8401914075580906,0.0012054910259263949,11,auss
1,Batch_SecondMoment_TopEig,Steering,-0.09999999999999999,0.7228973252791182,15,auss
1,Batch_SecondMoment_TopEig,ICL,0.7282562343414183,0.002079099715782308,15,auss
1,Batch_SecondMoment_TopEig,GCG,0.32922195670124066,0.23083161020424778,15,auss
1,Batch_SecondMoment_TopEig,MIA,-0.0964285714285714,0.7324528633867308,15,auss
1,Batch_SecondMoment_TopEig,MIA_MinK,0.22727272727272727,0.501535667604937,11,auss
1,Batch_SecondMoment_TopEig,MIA_Ref,-0.09090909090909091,0.7903727377532903,11,auss
1,Batch_SecondMoment_TopEig,MIA_Hidden,-0.02727272727272728,0.9365584481926122,11,auss
1,Batch_SecondMoment_TopEig,SPV_MIA,-0.8219263769590017,0.0019078517267601207,11,auss
1,AUSS_L2,Steering,0.1357142857142857,0.6296204418728145,15,auss
1,AUSS_L2,ICL,-0.7429684814998307,0.0015056898492542224,15,auss
1,AUSS_L2,GCG,-0.32922195670124066,0.23083161020424778,15,auss
1,AUSS_L2,MIA,0.05357142857142857,0.8496099367776071,15,auss
1,AUSS_L2,MIA_MinK,-0.27272727272727276,0.41714143714253127,11,auss
1,AUSS_L2,MIA_Ref,0.009090909090909092,0.9788365001441937,11,auss
1,AUSS_L2,MIA_Hidden,0.06363636363636364,0.8525390725425217,11,auss
1,AUSS_L2,SPV_MIA,0.8401914075580906,0.0012054910259263949,11,auss
1,AUSS_Cos2,Steering,0.09999999999999999,0.7228973252791182,15,auss
1,AUSS_Cos2,ICL,-0.7282562343414183,0.002079099715782308,15,auss
1,AUSS_Cos2,GCG,-0.32922195670124066,0.23083161020424778,15,auss
1,AUSS_Cos2,MIA,0.0964285714285714,0.7324528633867308,15,auss
1,AUSS_Cos2,MIA_MinK,-0.22727272727272727,0.501535667604937,11,auss
1,AUSS_Cos2,MIA_Ref,0.09090909090909091,0.7903727377532903,11,auss
1,AUSS_Cos2,MIA_Hidden,0.02727272727272728,0.9365584481926122,11,auss
1,AUSS_Cos2,SPV_MIA,0.8219263769590017,0.0019078517267601207,11,auss
1,AUSS_Jac,Steering,0.010714285714285713,0.9697698761545686,15,auss
1,AUSS_Jac,ICL,0.5112505887548341,0.05143895535044793,15,auss
1,AUSS_Jac,GCG,-0.12737754277131333,0.6509930440948273,15,auss
1,AUSS_Jac,MIA,-0.08214285714285713,0.7710285652881772,15,auss
1,AUSS_Jac,MIA_MinK,0.20000000000000004,0.5554454421055854,11,auss
1,AUSS_Jac,MIA_Ref,-0.06363636363636364,0.8525390725425217,11,auss
1,AUSS_Jac,MIA_Hidden,0.3272727272727273,0.32589494101284167,11,auss
1,AUSS_Jac,SPV_MIA,-0.2465779130877005,0.46482031341588437,11,auss
1,Batch_Cov_Trace,Steering,0.1357142857142857,0.6296204418728145,15,auss
1,Batch_Cov_Trace,ICL,-0.7429684814998307,0.0015056898492542224,15,auss
1,Batch_Cov_Trace,GCG,-0.32922195670124066,0.23083161020424778,15,auss
1,Batch_Cov_Trace,MIA,0.05357142857142857,0.8496099367776071,15,auss
1,Batch_Cov_Trace,MIA_MinK,-0.27272727272727276,0.41714143714253127,11,auss
1,Batch_Cov_Trace,MIA_Ref,0.009090909090909092,0.9788365001441937,11,auss
1,Batch_Cov_Trace,MIA_Hidden,0.06363636363636364,0.8525390725425217,11,auss
1,Batch_Cov_Trace,SPV_MIA,0.8401914075580906,0.0012054910259263949,11,auss
1,Batch_Cov_TopEig,Steering,0.25357142857142856,0.3618161038158896,15,auss
1,Batch_Cov_TopEig,ICL,-0.6179143806533246,0.01409245937056775,15,auss
1,Batch_Cov_TopEig,GCG,-0.307665757155326,0.264617855058918,15,auss
1,Batch_Cov_TopEig,MIA,-0.25357142857142856,0.3618161038158896,15,auss
1,Batch_Cov_TopEig,MIA_MinK,-0.4727272727272727,0.14199852020631992,11,auss
1,Batch_Cov_TopEig,MIA_Ref,-0.20000000000000004,0.5554454421055854,11,auss
1,Batch_Cov_TopEig,MIA_Hidden,-0.02727272727272728,0.9365584481926122,11,auss
1,Batch_Cov_TopEig,SPV_MIA,0.39726441553018416,0.22634391204459434,11,auss
1,Reg_S_alpha_2,Steering,-0.16483516483516483,0.590478988652005,13,entropy
1,Reg_S_alpha_2,ICL,-0.29912011967533225,0.32080639735784044,13,entropy
1,Reg_S_alpha_2,GCG,-0.06698641270570836,0.8278737645471099,13,entropy
1,Reg_S_alpha_2,MIA,0.5494505494505494,0.05177062555916269,13,entropy
1,Reg_S_alpha_2,MIA_MinK,0.5,0.17047066078705375,9,entropy
1,Reg_S_alpha_2,MIA_Ref,0.21666666666666667,0.5755148957119259,9,entropy
1,Reg_S_alpha_2,MIA_Hidden,-0.48333333333333334,0.18746985521554207,9,entropy
1,Reg_S_alpha_2,SPV_MIA,0.7999999999999999,0.00962792472537983,9,entropy
1,Reg_MeanCos,Steering,0.16483516483516483,0.590478988652005,13,entropy
1,Reg_MeanCos,ICL,0.29912011967533225,0.32080639735784044,13,entropy
1,Reg_MeanCos,GCG,0.06698641270570836,0.8278737645471099,13,entropy
1,Reg_MeanCos,MIA,-0.5494505494505494,0.05177062555916269,13,entropy
1,Reg_MeanCos,MIA_MinK,-0.5,0.17047066078705375,9,entropy
1,Reg_MeanCos,MIA_Ref,-0.21666666666666667,0.5755148957119259,9,entropy
1,Reg_MeanCos,MIA_Hidden,0.48333333333333334,0.18746985521554207,9,entropy
1,Reg_MeanCos,SPV_MIA,-0.7999999999999999,0.00962792472537983,9,entropy
1,Reg_MeanL2,Steering,-0.005494505494505494,0.9857869107140623,13,entropy
1,Reg_MeanL2,ICL,0.17777893905232015,0.5611964913848333,13,entropy
1,Reg_MeanL2,GCG,-0.02232880423523612,0.9422808056350152,13,entropy
1,Reg_MeanL2,MIA,-0.3131868131868132,0.2974384220710292,13,entropy
1,Reg_MeanL2,MIA_MinK,0.75,0.019942126131992522,9,entropy
1,Reg_MeanL2,MIA_Ref,-0.13333333333333333,0.7323675052362975,9,entropy
1,Reg_MeanL2,MIA_Hidden,-0.41666666666666663,0.26458604674749614,9,entropy
1,Reg_MeanL2,SPV_MIA,0.2833333333333333,0.46003032896571994,9,entropy
1,AnonDiff_S_alpha_2,Steering,0.08241758241758242,0.788950927847518,13,entropy
1,AnonDiff_S_alpha_2,ICL,-0.812703721382035,0.0007332327272424231,13,entropy
1,AnonDiff_S_alpha_2,GCG,-0.48485403482227,0.09309475134156509,13,entropy
1,AnonDiff_S_alpha_2,MIA,0.2087912087912088,0.493621819356885,13,entropy
1,AnonDiff_S_alpha_2,MIA_MinK,-0.15,0.7000942309691419,9,entropy
1,AnonDiff_S_alpha_2,MIA_Ref,0.0,1.0,9,entropy
1,AnonDiff_S_alpha_2,MIA_Hidden,0.016666666666666666,0.9660548039946861,9,entropy
1,AnonDiff_S_alpha_2,SPV_MIA,0.8499999999999999,0.0037047773275858133,9,entropy
1,AnonDiff_MeanCos,Steering,0.14835164835164835,0.6286094178894162,13,entropy
1,AnonDiff_MeanCos,ICL,0.6179934548009225,0.024383628114535583,13,entropy
1,AnonDiff_MeanCos,GCG,0.4752845472928831,0.10071051212118423,13,entropy
1,AnonDiff_MeanCos,MIA,-0.45604395604395603,0.11728306543614495,13,entropy
1,AnonDiff_MeanCos,MIA_MinK,-0.18333333333333335,0.6368198117628943,9,entropy
1,AnonDiff_MeanCos,MIA_Ref,-0.13333333333333333,0.7323675052362975,9,entropy
1,AnonDiff_MeanCos,MIA_Hidden,0.15,0.7000942309691419,9,entropy
1,AnonDiff_MeanCos,SPV_MIA,-0.9833333333333333,1.9361963037459243e-06,9,entropy
1,AnonDiff_MeanL2,Steering,-0.08241758241758242,0.788950927847518,13,entropy
1,AnonDiff_MeanL2,ICL,0.34427032641877864,0.24937797622797359,13,entropy
1,AnonDiff_MeanL2,GCG,0.1307829962349544,0.6702033346905142,13,entropy
1,AnonDiff_MeanL2,MIA,-0.4340659340659341,0.1383423778882127,13,entropy
1,AnonDiff_MeanL2,MIA_MinK,0.39999999999999997,0.2861051019083129,9,entropy
1,AnonDiff_MeanL2,MIA_Ref,-0.21666666666666667,0.5755148957119259,9,entropy
1,AnonDiff_MeanL2,MIA_Hidden,-0.7833333333333333,0.012519873019449882,9,entropy
1,AnonDiff_MeanL2,SPV_MIA,-0.18333333333333335,0.6368198117628943,9,entropy
1,NormAnonDiff_S_alpha_2,Steering,-0.005494505494505494,0.9857869107140623,13,entropy
1,NormAnonDiff_S_alpha_2,ICL,-0.812703721382035,0.0007332327272424231,13,entropy
1,NormAnonDiff_S_alpha_2,GCG,-0.5231319849398176,0.06658098074185795,13,entropy
1,NormAnonDiff_S_alpha_2,MIA,0.25274725274725274,0.40477407127094656,13,entropy
1,NormAnonDiff_S_alpha_2,MIA_MinK,-0.09999999999999999,0.797971695234851,9,entropy
1,NormAnonDiff_S_alpha_2,MIA_Ref,0.11666666666666665,0.7650079429261462,9,entropy
1,NormAnonDiff_S_alpha_2,MIA_Hidden,-0.016666666666666666,0.9660548039946861,9,entropy
1,NormAnonDiff_S_alpha_2,SPV_MIA,0.8166666666666667,0.007224785246358786,9,entropy
1,NormAnonDiff_MeanCos,Steering,0.14835164835164835,0.6286094178894162,13,entropy
1,NormAnonDiff_MeanCos,ICL,0.6179934548009225,0.024383628114535583,13,entropy
1,NormAnonDiff_MeanCos,GCG,0.4752845472928831,0.10071051212118423,13,entropy
1,NormAnonDiff_MeanCos,MIA,-0.45604395604395603,0.11728306543614495,13,entropy
1,NormAnonDiff_MeanCos,MIA_MinK,-0.18333333333333335,0.6368198117628943,9,entropy
1,NormAnonDiff_MeanCos,MIA_Ref,-0.13333333333333333,0.7323675052362975,9,entropy
1,NormAnonDiff_MeanCos,MIA_Hidden,0.15,0.7000942309691419,9,entropy
1,NormAnonDiff_MeanCos,SPV_MIA,-0.9833333333333333,1.9361963037459243e-06,9,entropy
2,Centroid_Norm,Steering,-0.16785714285714282,0.5498555542278019,15,auss
2,Centroid_Norm,ICL,0.41194292043554975,0.12707767538891956,15,auss
2,Centroid_Norm,GCG,0.4036888278598545,0.135643413258801,15,auss
2,Centroid_Norm,MIA,0.0,1.0,15,auss
2,Centroid_Norm,MIA_MinK,0.02727272727272728,0.9365584481926122,11,auss
2,Centroid_Norm,MIA_Ref,0.18181818181818182,0.5926152128455,11,auss
2,Centroid_Norm,MIA_Hidden,-0.018181818181818184,0.9576852410216187,11,auss
2,Centroid_Norm,SPV_MIA,-0.5570834332722122,0.0750311232667093,11,auss
2,Global_Coherence,Steering,-0.16785714285714282,0.5498555542278019,15,auss
2,Global_Coherence,ICL,0.41194292043554975,0.12707767538891956,15,auss
2,Global_Coherence,GCG,0.4036888278598545,0.135643413258801,15,auss
2,Global_Coherence,MIA,0.0,1.0,15,auss
2,Global_Coherence,MIA_MinK,0.02727272727272728,0.9365584481926122,11,auss
2,Global_Coherence,MIA_Ref,0.18181818181818182,0.5926152128455,11,auss
2,Global_Coherence,MIA_Hidden,-0.018181818181818184,0.9576852410216187,11,auss
2,Global_Coherence,SPV_MIA,-0.5570834332722122,0.0750311232667093,11,auss
2,Batch_SecondMoment_TopEig,Steering,-0.16785714285714282,0.5498555542278019,15,auss
2,Batch_SecondMoment_TopEig,ICL,0.41194292043554975,0.12707767538891956,15,auss
2,Batch_SecondMoment_TopEig,GCG,0.4036888278598545,0.135643413258801,15,auss
2,Batch_SecondMoment_TopEig,MIA,0.0,1.0,15,auss
2,Batch_SecondMoment_TopEig,MIA_MinK,0.02727272727272728,0.9365584481926122,11,auss
2,Batch_SecondMoment_TopEig,MIA_Ref,0.18181818181818182,0.5926152128455,11,auss
2,Batch_SecondMoment_TopEig,MIA_Hidden,-0.018181818181818184,0.9576852410216187,11,auss
2,Batch_SecondMoment_TopEig,SPV_MIA,-0.5570834332722122,0.0750311232667093,11,auss
2,AUSS_L2,Steering,0.16785714285714282,0.5498555542278019,15,auss
2,AUSS_L2,ICL,-0.41194292043554975,0.12707767538891956,15,auss
2,AUSS_L2,GCG,-0.4036888278598545,0.135643413258801,15,auss
2,AUSS_L2,MIA,0.0,1.0,15,auss
2,AUSS_L2,MIA_MinK,-0.02727272727272728,0.9365584481926122,11,auss
2,AUSS_L2,MIA_Ref,-0.18181818181818182,0.5926152128455,11,auss
2,AUSS_L2,MIA_Hidden,0.018181818181818184,0.9576852410216187,11,auss
2,AUSS_L2,SPV_MIA,0.5570834332722122,0.0750311232667093,11,auss
2,AUSS_Cos2,Steering,0.16785714285714282,0.5498555542278019,15,auss
2,AUSS_Cos2,ICL,-0.41194292043554975,0.12707767538891956,15,auss
2,AUSS_Cos2,GCG,-0.4036888278598545,0.135643413258801,15,auss
2,AUSS_Cos2,MIA,0.0,1.0,15,auss
2,AUSS_Cos2,MIA_MinK,-0.02727272727272728,0.9365584481926122,11,auss
2,AUSS_Cos2,MIA_Ref,-0.18181818181818182,0.5926152128455,11,auss
2,AUSS_Cos2,MIA_Hidden,0.018181818181818184,0.9576852410216187,11,auss
2,AUSS_Cos2,SPV_MIA,0.5570834332722122,0.0750311232667093,11,auss
2,AUSS_Jac,Steering,0.14285714285714282,0.6115222287644655,15,auss
2,AUSS_Jac,ICL,-0.4266551675939622,0.11274125692498826,15,auss
2,AUSS_Jac,GCG,-0.4134871003807248,0.12551727688457148,15,auss
2,AUSS_Jac,MIA,0.075,0.7905107941552679,15,auss
2,AUSS_Jac,MIA_MinK,0.07272727272727274,0.831716405381337,11,auss
2,AUSS_Jac,MIA_Ref,-0.26363636363636367,0.4334407376116145,11,auss
2,AUSS_Jac,MIA_Hidden,0.009090909090909092,0.9788365001441937,11,auss
2,AUSS_Jac,SPV_MIA,0.611878525069479,0.04542676677345926,11,auss
2,Batch_Cov_Trace,Steering,0.16785714285714282,0.5498555542278019,15,auss
2,Batch_Cov_Trace,ICL,-0.41194292043554975,0.12707767538891956,15,auss
2,Batch_Cov_Trace,GCG,-0.4036888278598545,0.135643413258801,15,auss
2,Batch_Cov_Trace,MIA,0.0,1.0,15,auss
2,Batch_Cov_Trace,MIA_MinK,-0.02727272727272728,0.9365584481926122,11,auss
2,Batch_Cov_Trace,MIA_Ref,-0.18181818181818182,0.5926152128455,11,auss
2,Batch_Cov_Trace,MIA_Hidden,0.018181818181818184,0.9576852410216187,11,auss
2,Batch_Cov_Trace,SPV_MIA,0.5570834332722122,0.0750311232667093,11,auss
2,Batch_Cov_TopEig,Steering,0.2785714285714285,0.3147094732307908,15,auss
2,Batch_Cov_TopEig,ICL,-0.5627434538092778,0.02896478020959455,15,auss
2,Batch_Cov_TopEig,GCG,-0.4330836454224653,0.10684365160257359,15,auss
2,Batch_Cov_TopEig,MIA,-0.0964285714285714,0.7324528633867308,15,auss
2,Batch_Cov_TopEig,MIA_MinK,-0.14545454545454548,0.6695786456420787,11,auss
2,Batch_Cov_TopEig,MIA_Ref,-0.20000000000000004,0.5554454421055854,11,auss
2,Batch_Cov_TopEig,MIA_Hidden,-0.045454545454545456,0.8944269969053026,11,auss
2,Batch_Cov_TopEig,SPV_MIA,0.4383607343781342,0.17745328714543396,11,auss
2,Reg_S_alpha_2,Steering,0.010989010989010988,0.971577682777073,13,entropy
2,Reg_S_alpha_2,ICL,-0.3781329814763635,0.20267985068165642,13,entropy
2,Reg_S_alpha_2,GCG,-0.13716265458787902,0.6549917371775356,13,entropy
2,Reg_S_alpha_2,MIA,0.14285714285714285,0.6415164215860882,13,entropy
2,Reg_S_alpha_2,MIA_MinK,0.4666666666666666,0.20538635110581185,9,entropy
2,Reg_S_alpha_2,MIA_Ref,-0.33333333333333337,0.38071318167686347,9,entropy
2,Reg_S_alpha_2,MIA_Hidden,-0.08333333333333334,0.831214097710308,9,entropy
2,Reg_S_alpha_2,SPV_MIA,0.6666666666666667,0.04986723056888511,9,entropy
2,Reg_MeanCos,Steering,0.06043956043956044,0.8445023706449684,13,entropy
2,Reg_MeanCos,ICL,0.4515020674344638,0.12144632386568147,13,entropy
2,Reg_MeanCos,GCG,0.21371855482297428,0.48324259673793757,13,entropy
2,Reg_MeanCos,MIA,-0.21978021978021978,0.47061485147214255,13,entropy
2,Reg_MeanCos,MIA_MinK,-0.41666666666666663,0.26458604674749614,9,entropy
2,Reg_MeanCos,MIA_Ref,0.19999999999999998,0.6059012741795533,9,entropy
2,Reg_MeanCos,MIA_Hidden,0.11666666666666665,0.7650079429261462,9,entropy
2,Reg_MeanCos,SPV_MIA,-0.8166666666666667,0.007224785246358786,9,entropy
2,Reg_MeanL2,Steering,-0.2912087912087912,0.3343858561975295,13,entropy
2,Reg_MeanL2,ICL,0.36966731771196726,0.21380067271055034,13,entropy
2,Reg_MeanL2,GCG,-0.15311180047019055,0.617505336073775,13,entropy
2,Reg_MeanL2,MIA,0.016483516483516484,0.9573761750901849,13,entropy
2,Reg_MeanL2,MIA_MinK,-0.08333333333333334,0.831214097710308,9,entropy
2,Reg_MeanL2,MIA_Ref,0.7666666666666667,0.01594401657897401,9,entropy
2,Reg_MeanL2,MIA_Hidden,0.21666666666666667,0.5755148957119259,9,entropy
2,Reg_MeanL2,SPV_MIA,-0.18333333333333335,0.6368198117628943,9,entropy
2,AnonDiff_S_alpha_2,Steering,0.03296703296703297,0.9148564744875125,13,entropy
2,AnonDiff_S_alpha_2,ICL,-0.5389805929998913,0.0573473233563424,13,entropy
2,AnonDiff_S_alpha_2,GCG,-0.1913897505877382,0.5310738750489168,13,entropy
2,AnonDiff_S_alpha_2,MIA,0.12087912087912088,0.6940473279966857,13,entropy
2,AnonDiff_S_alpha_2,MIA_MinK,0.21666666666666667,0.5755148957119259,9,entropy
2,AnonDiff_S_alpha_2,MIA_Ref,-0.35,0.35581957250178897,9,entropy
2,AnonDiff_S_alpha_2,MIA_Hidden,-0.11666666666666665,0.7650079429261462,9,entropy
2,AnonDiff_S_alpha_2,SPV_MIA,0.7666666666666667,0.01594401657897401,9,entropy
2,AnonDiff_MeanCos,Steering,-0.08241758241758242,0.788950927847518,13,entropy
2,AnonDiff_MeanCos,ICL,0.7844848421673808,0.001496851832502471,13,entropy
2,AnonDiff_MeanCos,GCG,0.5390811308221292,0.05729182944670378,13,entropy
2,AnonDiff_MeanCos,MIA,-0.010989010989010988,0.971577682777073,13,entropy
2,AnonDiff_MeanCos,MIA_MinK,0.016666666666666666,0.9660548039946861,9,entropy
2,AnonDiff_MeanCos,MIA_Ref,0.3,0.4328453267094823,9,entropy
2,AnonDiff_MeanCos,MIA_Hidden,-0.016666666666666666,0.9660548039946861,9,entropy
2,AnonDiff_MeanCos,SPV_MIA,-0.8166666666666667,0.007224785246358786,9,entropy
2,AnonDiff_MeanL2,Steering,-0.03296703296703297,0.9148564744875125,13,entropy
2,AnonDiff_MeanL2,ICL,0.5418024809213566,0.05580417070004108,13,entropy
2,AnonDiff_MeanL2,GCG,0.15311180047019055,0.617505336073775,13,entropy
2,AnonDiff_MeanL2,MIA,-0.3131868131868132,0.2974384220710292,13,entropy
2,AnonDiff_MeanL2,MIA_MinK,-0.21666666666666667,0.5755148957119259,9,entropy
2,AnonDiff_MeanL2,MIA_Ref,0.35,0.35581957250178897,9,entropy
2,AnonDiff_MeanL2,MIA_Hidden,0.11666666666666665,0.7650079429261462,9,entropy
2,AnonDiff_MeanL2,SPV_MIA,-0.7666666666666667,0.01594401657897401,9,entropy
2,NormAnonDiff_S_alpha_2,Steering,0.0879120879120879,0.7751954088891221,13,entropy
2,NormAnonDiff_S_alpha_2,ICL,-0.46278961912032546,0.1112782329356761,13,entropy
2,NormAnonDiff_S_alpha_2,GCG,-0.15311180047019055,0.617505336073775,13,entropy
2,NormAnonDiff_S_alpha_2,MIA,0.06043956043956044,0.8445023706449684,13,entropy
2,NormAnonDiff_S_alpha_2,MIA_MinK,0.21666666666666667,0.5755148957119259,9,entropy
2,NormAnonDiff_S_alpha_2,MIA_Ref,-0.35,0.35581957250178897,9,entropy
2,NormAnonDiff_S_alpha_2,MIA_Hidden,-0.11666666666666665,0.7650079429261462,9,entropy
2,NormAnonDiff_S_alpha_2,SPV_MIA,0.7666666666666667,0.01594401657897401,9,entropy
2,NormAnonDiff_MeanCos,Steering,-0.08241758241758242,0.788950927847518,13,entropy
2,NormAnonDiff_MeanCos,ICL,0.7844848421673808,0.001496851832502471,13,entropy
2,NormAnonDiff_MeanCos,GCG,0.5390811308221292,0.05729182944670378,13,entropy
2,NormAnonDiff_MeanCos,MIA,-0.010989010989010988,0.971577682777073,13,entropy
2,NormAnonDiff_MeanCos,MIA_MinK,0.016666666666666666,0.9660548039946861,9,entropy
2,NormAnonDiff_MeanCos,MIA_Ref,0.3,0.4328453267094823,9,entropy
2,NormAnonDiff_MeanCos,MIA_Hidden,-0.016666666666666666,0.9660548039946861,9,entropy
2,NormAnonDiff_MeanCos,SPV_MIA,-0.8166666666666667,0.007224785246358786,9,entropy
3,Centroid_Norm,Steering,-0.2678571428571428,0.3344436005123538,15,auss
3,Centroid_Norm,ICL,0.4045867968563435,0.1346930597657053,15,auss
3,Centroid_Norm,GCG,0.39585020984315833,0.14413283569820373,15,auss
3,Centroid_Norm,MIA,0.017857142857142853,0.9496353041738621,15,auss
3,Centroid_Norm,MIA_MinK,0.11818181818181818,0.72928477951978,11,auss
3,Centroid_Norm,MIA_Ref,0.17272727272727276,0.6115423848512369,11,auss
3,Centroid_Norm,MIA_Hidden,0.0,1.0,11,auss
3,Centroid_Norm,SPV_MIA,-0.630143555668568,0.03769580748333446,11,auss
3,Global_Coherence,Steering,-0.2678571428571428,0.3344436005123538,15,auss
3,Global_Coherence,ICL,0.4045867968563435,0.1346930597657053,15,auss
3,Global_Coherence,GCG,0.39585020984315833,0.14413283569820373,15,auss
3,Global_Coherence,MIA,0.017857142857142853,0.9496353041738621,15,auss
3,Global_Coherence,MIA_MinK,0.11818181818181818,0.72928477951978,11,auss
3,Global_Coherence,MIA_Ref,0.17272727272727276,0.6115423848512369,11,auss
3,Global_Coherence,MIA_Hidden,0.0,1.0,11,auss
3,Global_Coherence,SPV_MIA,-0.630143555668568,0.03769580748333446,11,auss
3,Batch_SecondMoment_TopEig,Steering,-0.25357142857142856,0.3618161038158896,15,auss
3,Batch_SecondMoment_TopEig,ICL,0.4229771058043591,0.11621502403446585,15,auss
3,Batch_SecondMoment_TopEig,GCG,0.35665711975967734,0.19192267331407303,15,auss
3,Batch_SecondMoment_TopEig,MIA,0.028571428571428564,0.9194899083821857,15,auss
3,Batch_SecondMoment_TopEig,MIA_MinK,0.09090909090909091,0.7903727377532903,11,auss
3,Batch_SecondMoment_TopEig,MIA_Ref,0.20000000000000004,0.5554454421055854,11,auss
3,Batch_SecondMoment_TopEig,MIA_Hidden,0.045454545454545456,0.8944269969053026,11,auss
3,Batch_SecondMoment_TopEig,SPV_MIA,-0.6758061321662903,0.022454376986333617,11,auss
3,AUSS_L2,Steering,0.2678571428571428,0.3344436005123538,15,auss
3,AUSS_L2,ICL,-0.4045867968563435,0.1346930597657053,15,auss
3,AUSS_L2,GCG,-0.39585020984315833,0.14413283569820373,15,auss
3,AUSS_L2,MIA,-0.017857142857142853,0.9496353041738621,15,auss
3,AUSS_L2,MIA_MinK,-0.11818181818181818,0.72928477951978,11,auss
3,AUSS_L2,MIA_Ref,-0.17272727272727276,0.6115423848512369,11,auss
3,AUSS_L2,MIA_Hidden,0.0,1.0,11,auss
3,AUSS_L2,SPV_MIA,0.630143555668568,0.03769580748333446,11,auss
3,AUSS_Cos2,Steering,0.25357142857142856,0.3618161038158896,15,auss
3,AUSS_Cos2,ICL,-0.4229771058043591,0.11621502403446585,15,auss
3,AUSS_Cos2,GCG,-0.35665711975967734,0.19192267331407303,15,auss
3,AUSS_Cos2,MIA,-0.028571428571428564,0.9194899083821857,15,auss
3,AUSS_Cos2,MIA_MinK,-0.09090909090909091,0.7903727377532903,11,auss
3,AUSS_Cos2,MIA_Ref,-0.20000000000000004,0.5554454421055854,11,auss
3,AUSS_Cos2,MIA_Hidden,-0.045454545454545456,0.8944269969053026,11,auss
3,AUSS_Cos2,SPV_MIA,0.6758061321662903,0.022454376986333617,11,auss
3,AUSS_Jac,Steering,0.03214285714285714,0.9094621170945906,15,auss
3,AUSS_Jac,ICL,-0.4965383415964215,0.059732097147151095,15,auss
3,AUSS_Jac,GCG,-0.6055332417897819,0.01674654462368822,15,auss
3,AUSS_Jac,MIA,0.04642857142857142,0.8694915255450946,15,auss
3,AUSS_Jac,MIA_MinK,0.20000000000000004,0.5554454421055854,11,auss
3,AUSS_Jac,MIA_Ref,0.0,1.0,11,auss
3,AUSS_Jac,MIA_Hidden,-0.16363636363636366,0.6306852146425357,11,auss
3,AUSS_Jac,SPV_MIA,0.6027460097699346,0.04967453878562136,11,auss
3,Batch_Cov_Trace,Steering,0.2678571428571428,0.3344436005123538,15,auss
3,Batch_Cov_Trace,ICL,-0.4045867968563435,0.1346930597657053,15,auss
3,Batch_Cov_Trace,GCG,-0.39585020984315833,0.14413283569820373,15,auss
3,Batch_Cov_Trace,MIA,-0.017857142857142853,0.9496353041738621,15,auss
3,Batch_Cov_Trace,MIA_MinK,-0.11818181818181818,0.72928477951978,11,auss
3,Batch_Cov_Trace,MIA_Ref,-0.17272727272727276,0.6115423848512369,11,auss
3,Batch_Cov_Trace,MIA_Hidden,0.0,1.0,11,auss
3,Batch_Cov_Trace,SPV_MIA,0.630143555668568,0.03769580748333446,11,auss
3,Batch_Cov_TopEig,Steering,0.3107142857142856,0.2596673973372179,15,auss
3,Batch_Cov_TopEig,ICL,-0.5296408977028496,0.042301587285740905,15,auss
3,Batch_Cov_TopEig,GCG,-0.3605764287680254,0.18673516397546497,15,auss
3,Batch_Cov_TopEig,MIA,-0.07857142857142857,0.7807545523090466,15,auss
3,Batch_Cov_TopEig,MIA_MinK,-0.14545454545454548,0.6695786456420787,11,auss
3,Batch_Cov_TopEig,MIA_Ref,-0.20000000000000004,0.5554454421055854,11,auss
3,Batch_Cov_TopEig,MIA_Hidden,-0.045454545454545456,0.8944269969053026,11,auss
3,Batch_Cov_TopEig,SPV_MIA,0.4383607343781342,0.17745328714543396,11,auss
3,Reg_S_alpha_2,Steering,0.010989010989010988,0.971577682777073,13,entropy
3,Reg_S_alpha_2,ICL,-0.3781329814763635,0.20267985068165642,13,entropy
3,Reg_S_alpha_2,GCG,-0.13716265458787902,0.6549917371775356,13,entropy
3,Reg_S_alpha_2,MIA,0.14285714285714285,0.6415164215860882,13,entropy
3,Reg_S_alpha_2,MIA_MinK,0.4666666666666666,0.20538635110581185,9,entropy
3,Reg_S_alpha_2,MIA_Ref,-0.33333333333333337,0.38071318167686347,9,entropy
3,Reg_S_alpha_2,MIA_Hidden,-0.08333333333333334,0.831214097710308,9,entropy
3,Reg_S_alpha_2,SPV_MIA,0.6666666666666667,0.04986723056888511,9,entropy
3,Reg_MeanCos,Steering,0.06043956043956044,0.8445023706449684,13,entropy
3,Reg_MeanCos,ICL,0.4515020674344638,0.12144632386568147,13,entropy
3,Reg_MeanCos,GCG,0.21371855482297428,0.48324259673793757,13,entropy
3,Reg_MeanCos,MIA,-0.21978021978021978,0.47061485147214255,13,entropy
3,Reg_MeanCos,MIA_MinK,-0.41666666666666663,0.26458604674749614,9,entropy
3,Reg_MeanCos,MIA_Ref,0.19999999999999998,0.6059012741795533,9,entropy
3,Reg_MeanCos,MIA_Hidden,0.11666666666666665,0.7650079429261462,9,entropy
3,Reg_MeanCos,SPV_MIA,-0.8166666666666667,0.007224785246358786,9,entropy
3,Reg_MeanL2,Steering,-0.2912087912087912,0.3343858561975295,13,entropy
3,Reg_MeanL2,ICL,0.36966731771196726,0.21380067271055034,13,entropy
3,Reg_MeanL2,GCG,-0.15311180047019055,0.617505336073775,13,entropy
3,Reg_MeanL2,MIA,0.016483516483516484,0.9573761750901849,13,entropy
3,Reg_MeanL2,MIA_MinK,-0.08333333333333334,0.831214097710308,9,entropy
3,Reg_MeanL2,MIA_Ref,0.7666666666666667,0.01594401657897401,9,entropy
3,Reg_MeanL2,MIA_Hidden,0.21666666666666667,0.5755148957119259,9,entropy
3,Reg_MeanL2,SPV_MIA,-0.18333333333333335,0.6368198117628943,9,entropy
3,AnonDiff_S_alpha_2,Steering,0.0934065934065934,0.7615000227827016,13,entropy
3,AnonDiff_S_alpha_2,ICL,-0.46278961912032546,0.1112782329356761,13,entropy
3,AnonDiff_S_alpha_2,GCG,-0.15311180047019055,0.617505336073775,13,entropy
3,AnonDiff_S_alpha_2,MIA,0.049450549450549455,0.8725444288811492,13,entropy
3,AnonDiff_S_alpha_2,MIA_MinK,0.13333333333333333,0.7323675052362975,9,entropy
3,AnonDiff_S_alpha_2,MIA_Ref,-0.41666666666666663,0.26458604674749614,9,entropy
3,AnonDiff_S_alpha_2,MIA_Hidden,-0.049999999999999996,0.8983528043506301,9,entropy
3,AnonDiff_S_alpha_2,SPV_MIA,0.7833333333333333,0.012519873019449882,9,entropy
3,AnonDiff_MeanCos,Steering,-0.07142857142857142,0.816628040676086,13,entropy
3,AnonDiff_MeanCos,ICL,0.8070599455391041,0.0008533395324197888,13,entropy
3,AnonDiff_MeanCos,GCG,0.5390811308221292,0.05729182944670378,13,entropy
3,AnonDiff_MeanCos,MIA,-0.005494505494505494,0.9857869107140623,13,entropy
3,AnonDiff_MeanCos,MIA_MinK,0.09999999999999999,0.797971695234851,9,entropy
3,AnonDiff_MeanCos,MIA_Ref,0.3666666666666667,0.33173980143301507,9,entropy
3,AnonDiff_MeanCos,MIA_Hidden,-0.08333333333333334,0.831214097710308,9,entropy
3,AnonDiff_MeanCos,SPV_MIA,-0.8333333333333333,0.005265691029161748,9,entropy
3,AnonDiff_MeanL2,Steering,-0.08241758241758242,0.788950927847518,13,entropy
3,AnonDiff_MeanL2,ICL,0.615171566879457,0.02523191014519462,13,entropy
3,AnonDiff_MeanL2,GCG,0.16906094635250205,0.580853109193416,13,entropy
3,AnonDiff_MeanL2,MIA,-0.32967032967032966,0.27133505450523554,13,entropy
3,AnonDiff_MeanL2,MIA_MinK,0.016666666666666666,0.9660548039946861,9,entropy
3,AnonDiff_MeanL2,MIA_Ref,0.3,0.4328453267094823,9,entropy
3,AnonDiff_MeanL2,MIA_Hidden,-0.016666666666666666,0.9660548039946861,9,entropy
3,AnonDiff_MeanL2,SPV_MIA,-0.8166666666666667,0.007224785246358786,9,entropy
3,NormAnonDiff_S_alpha_2,Steering,0.1043956043956044,0.7343037452877026,13,entropy
3,NormAnonDiff_S_alpha_2,ICL,-0.3978861969266213,0.17815805820971842,13,entropy
3,NormAnonDiff_S_alpha_2,GCG,-0.11483385035264292,0.7087316423235421,13,entropy
3,NormAnonDiff_S_alpha_2,MIA,0.021978021978021976,0.9431862416608072,13,entropy
3,NormAnonDiff_S_alpha_2,MIA_MinK,0.13333333333333333,0.7323675052362975,9,entropy
3,NormAnonDiff_S_alpha_2,MIA_Ref,-0.41666666666666663,0.26458604674749614,9,entropy
3,NormAnonDiff_S_alpha_2,MIA_Hidden,-0.049999999999999996,0.8983528043506301,9,entropy
3,NormAnonDiff_S_alpha_2,SPV_MIA,0.7833333333333333,0.012519873019449882,9,entropy
3,NormAnonDiff_MeanCos,Steering,-0.07142857142857142,0.816628040676086,13,entropy
3,NormAnonDiff_MeanCos,ICL,0.8070599455391041,0.0008533395324197888,13,entropy
3,NormAnonDiff_MeanCos,GCG,0.5390811308221292,0.05729182944670378,13,entropy
3,NormAnonDiff_MeanCos,MIA,-0.005494505494505494,0.9857869107140623,13,entropy
3,NormAnonDiff_MeanCos,MIA_MinK,0.09999999999999999,0.797971695234851,9,entropy
3,NormAnonDiff_MeanCos,MIA_Ref,0.3666666666666667,0.33173980143301507,9,entropy
3,NormAnonDiff_MeanCos,MIA_Hidden,-0.08333333333333334,0.831214097710308,9,entropy
3,NormAnonDiff_MeanCos,SPV_MIA,-0.8333333333333333,0.005265691029161748,9,entropy
4,Centroid_Norm,Steering,-0.07142857142857141,0.8002959873970544,15,auss
4,Centroid_Norm,ICL,0.4855041562276122,0.06656140842342105,15,auss
4,Centroid_Norm,GCG,-0.0646685986377437,0.8188919146093059,15,auss
4,Centroid_Norm,MIA,0.024999999999999998,0.9295289708192378,15,auss
4,Centroid_Norm,MIA_MinK,0.05454545454545456,0.8734465775233149,11,auss
4,Centroid_Norm,MIA_Ref,0.3545454545454546,0.2846927409558867,11,auss
4,Centroid_Norm,MIA_Hidden,0.24545454545454545,0.4669223669820163,11,auss
4,Centroid_Norm,SPV_MIA,-0.4977220838251732,0.11925475721599557,11,auss
4,Global_Coherence,Steering,-0.07142857142857141,0.8002959873970544,15,auss
4,Global_Coherence,ICL,0.4855041562276122,0.06656140842342105,15,auss
4,Global_Coherence,GCG,-0.0646685986377437,0.8188919146093059,15,auss
4,Global_Coherence,MIA,0.024999999999999998,0.9295289708192378,15,auss
4,Global_Coherence,MIA_MinK,0.05454545454545456,0.8734465775233149,11,auss
4,Global_Coherence,MIA_Ref,0.3545454545454546,0.2846927409558867,11,auss
4,Global_Coherence,MIA_Hidden,0.24545454545454545,0.4669223669820163,11,auss
4,Global_Coherence,SPV_MIA,-0.4977220838251732,0.11925475721599557,11,auss
4,Batch_SecondMoment_TopEig,Steering,-0.05714285714285713,0.8396998687415758,15,auss
4,Batch_SecondMoment_TopEig,ICL,0.4744699708588028,0.07393803990666704,15,auss
4,Batch_SecondMoment_TopEig,GCG,-0.0646685986377437,0.8188919146093059,15,auss
4,Batch_SecondMoment_TopEig,MIA,0.010714285714285713,0.9697698761545686,15,auss
4,Batch_SecondMoment_TopEig,MIA_MinK,0.05454545454545456,0.8734465775233149,11,auss
4,Batch_SecondMoment_TopEig,MIA_Ref,0.3545454545454546,0.2846927409558867,11,auss
4,Batch_SecondMoment_TopEig,MIA_Hidden,0.24545454545454545,0.4669223669820163,11,auss
4,Batch_SecondMoment_TopEig,SPV_MIA,-0.4977220838251732,0.11925475721599557,11,auss
4,AUSS_L2,Steering,0.07142857142857141,0.8002959873970544,15,auss
4,AUSS_L2,ICL,-0.4855041562276122,0.06656140842342105,15,auss
4,AUSS_L2,GCG,0.0646685986377437,0.8188919146093059,15,auss
4,AUSS_L2,MIA,-0.024999999999999998,0.9295289708192378,15,auss
4,AUSS_L2,MIA_MinK,-0.05454545454545456,0.8734465775233149,11,auss
4,AUSS_L2,MIA_Ref,-0.3545454545454546,0.2846927409558867,11,auss
4,AUSS_L2,MIA_Hidden,-0.24545454545454545,0.4669223669820163,11,auss
4,AUSS_L2,SPV_MIA,0.4977220838251732,0.11925475721599557,11,auss
4,AUSS_Cos2,Steering,0.05714285714285713,0.8396998687415758,15,auss
4,AUSS_Cos2,ICL,-0.4744699708588028,0.07393803990666704,15,auss
4,AUSS_Cos2,GCG,0.0646685986377437,0.8188919146093059,15,auss
4,AUSS_Cos2,MIA,-0.010714285714285713,0.9697698761545686,15,auss
4,AUSS_Cos2,MIA_MinK,-0.05454545454545456,0.8734465775233149,11,auss
4,AUSS_Cos2,MIA_Ref,-0.3545454545454546,0.2846927409558867,11,auss
4,AUSS_Cos2,MIA_Hidden,-0.24545454545454545,0.4669223669820163,11,auss
4,AUSS_Cos2,SPV_MIA,0.4977220838251732,0.11925475721599557,11,auss
4,AUSS_Jac,Steering,-0.16785714285714282,0.5498555542278019,15,auss
4,AUSS_Jac,ICL,-0.628948566022134,0.012012645782413647,15,auss
4,AUSS_Jac,GCG,-0.15873201483809815,0.5720496172362131,15,auss
4,AUSS_Jac,MIA,0.15714285714285714,0.5759526006037947,15,auss
4,AUSS_Jac,MIA_MinK,0.06363636363636364,0.8525390725425217,11,auss
4,AUSS_Jac,MIA_Ref,-0.2545454545454546,0.4500365768888285,11,auss
4,AUSS_Jac,MIA_Hidden,-0.045454545454545456,0.8944269969053026,11,auss
4,AUSS_Jac,SPV_MIA,0.7260349663137847,0.011413116374855363,11,auss
4,Batch_Cov_Trace,Steering,0.07142857142857141,0.8002959873970544,15,auss
4,Batch_Cov_Trace,ICL,-0.4855041562276122,0.06656140842342105,15,auss
4,Batch_Cov_Trace,GCG,0.0646685986377437,0.8188919146093059,15,auss
4,Batch_Cov_Trace,MIA,-0.024999999999999998,0.9295289708192378,15,auss
4,Batch_Cov_Trace,MIA_MinK,-0.05454545454545456,0.8734465775233149,11,auss
4,Batch_Cov_Trace,MIA_Ref,-0.3545454545454546,0.2846927409558867,11,auss
4,Batch_Cov_Trace,MIA_Hidden,-0.24545454545454545,0.4669223669820163,11,auss
4,Batch_Cov_Trace,SPV_MIA,0.4977220838251732,0.11925475721599557,11,auss
4,Batch_Cov_TopEig,Steering,0.09999999999999999,0.7228973252791182,15,auss
4,Batch_Cov_TopEig,ICL,-0.570099577388484,0.026492266694474995,15,auss
4,Batch_Cov_TopEig,GCG,-0.0019596545041740514,0.9944697527031623,15,auss
4,Batch_Cov_TopEig,MIA,-0.10357142857142855,0.7133796306287292,15,auss
4,Batch_Cov_TopEig,MIA_MinK,-0.08181818181818183,0.8109903943000458,11,auss
4,Batch_Cov_TopEig,MIA_Ref,-0.4090909090909091,0.2115450103420961,11,auss
4,Batch_Cov_TopEig,MIA_Hidden,-0.21818181818181823,0.519248247554982,11,auss
4,Batch_Cov_TopEig,SPV_MIA,0.46575828027676763,0.14879303522674128,11,auss
4,Reg_S_alpha_2,Steering,0.16483516483516483,0.590478988652005,13,entropy
4,Reg_S_alpha_2,ICL,-0.4148175244554137,0.15871359276744218,13,entropy
4,Reg_S_alpha_2,GCG,0.0,1.0,13,entropy
4,Reg_S_alpha_2,MIA,0.21978021978021978,0.47061485147214255,13,entropy
4,Reg_S_alpha_2,MIA_MinK,0.35,0.35581957250178897,9,entropy
4,Reg_S_alpha_2,MIA_Ref,-0.45,0.22421610749233659,9,entropy
4,Reg_S_alpha_2,MIA_Hidden,-0.049999999999999996,0.8983528043506301,9,entropy
4,Reg_S_alpha_2,SPV_MIA,0.6333333333333333,0.06708578689234565,9,entropy
4,Reg_MeanCos,Steering,-0.005494505494505494,0.9857869107140623,13,entropy
4,Reg_MeanCos,ICL,0.4373926278271369,0.13500570131107353,13,entropy
4,Reg_MeanCos,GCG,0.09888470447033139,0.7479088795660462,13,entropy
4,Reg_MeanCos,MIA,-0.37912087912087916,0.20140608996104353,13,entropy
4,Reg_MeanCos,MIA_MinK,-0.41666666666666663,0.26458604674749614,9,entropy
4,Reg_MeanCos,MIA_Ref,0.19999999999999998,0.6059012741795533,9,entropy
4,Reg_MeanCos,MIA_Hidden,0.11666666666666665,0.7650079429261462,9,entropy
4,Reg_MeanCos,SPV_MIA,-0.8166666666666667,0.007224785246358786,9,entropy
4,Reg_MeanL2,Steering,-0.3681318681318681,0.21585718064938147,13,entropy
4,Reg_MeanL2,ICL,0.2793669042250745,0.3552924395267817,13,entropy
4,Reg_MeanL2,GCG,-0.15949145882311513,0.6027403200349186,13,entropy
4,Reg_MeanL2,MIA,-0.03296703296703297,0.9148564744875125,13,entropy
4,Reg_MeanL2,MIA_MinK,0.6666666666666667,0.04986723056888511,9,entropy
4,Reg_MeanL2,MIA_Ref,0.31666666666666665,0.4063970144863861,9,entropy
4,Reg_MeanL2,MIA_Hidden,-0.5333333333333333,0.13922686754397814,9,entropy
4,Reg_MeanL2,SPV_MIA,0.41666666666666663,0.26458604674749614,9,entropy
4,AnonDiff_S_alpha_2,Steering,0.1868131868131868,0.5411235235098939,13,entropy
4,AnonDiff_S_alpha_2,ICL,-0.4712552828847216,0.10404037066735333,13,entropy
4,AnonDiff_S_alpha_2,GCG,-0.038277950117547636,0.9011960885975846,13,entropy
4,AnonDiff_S_alpha_2,MIA,0.2087912087912088,0.493621819356885,13,entropy
4,AnonDiff_S_alpha_2,MIA_MinK,0.21666666666666667,0.5755148957119259,9,entropy
4,AnonDiff_S_alpha_2,MIA_Ref,-0.35,0.35581957250178897,9,entropy
4,AnonDiff_S_alpha_2,MIA_Hidden,-0.11666666666666665,0.7650079429261462,9,entropy
4,AnonDiff_S_alpha_2,SPV_MIA,0.7666666666666667,0.01594401657897401,9,entropy
4,AnonDiff_MeanCos,Steering,0.0879120879120879,0.7751954088891221,13,entropy
4,AnonDiff_MeanCos,ICL,0.6744312132302304,0.011458400483692413,13,entropy
4,AnonDiff_MeanCos,GCG,0.5996878851749129,0.03027930662001154,13,entropy
4,AnonDiff_MeanCos,MIA,0.03846153846153846,0.9007243023389337,13,entropy
4,AnonDiff_MeanCos,MIA_MinK,-0.26666666666666666,0.4879222748387009,9,entropy
4,AnonDiff_MeanCos,MIA_Ref,0.3666666666666667,0.33173980143301507,9,entropy
4,AnonDiff_MeanCos,MIA_Hidden,0.09999999999999999,0.797971695234851,9,entropy
4,AnonDiff_MeanCos,SPV_MIA,-0.7,0.03576957497026169,9,entropy
4,AnonDiff_MeanL2,Steering,-0.12087912087912088,0.6940473279966857,13,entropy
4,AnonDiff_MeanL2,ICL,0.41763941237687907,0.15561251200166518,13,entropy
4,AnonDiff_MeanL2,GCG,0.14673214211726593,0.6324038690587923,13,entropy
4,AnonDiff_MeanL2,MIA,-0.34065934065934067,0.2547064607541252,13,entropy
4,AnonDiff_MeanL2,MIA_MinK,0.5333333333333333,0.13922686754397814,9,entropy
4,AnonDiff_MeanL2,MIA_Ref,-0.09999999999999999,0.797971695234851,9,entropy
4,AnonDiff_MeanL2,MIA_Hidden,-0.6333333333333333,0.06708578689234565,9,entropy
4,AnonDiff_MeanL2,SPV_MIA,-0.16666666666666669,0.668231040071504,9,entropy
4,NormAnonDiff_S_alpha_2,Steering,0.15384615384615383,0.6157988686488814,13,entropy
4,NormAnonDiff_S_alpha_2,ICL,-0.4797209466491178,0.09712897057881097,13,entropy
4,NormAnonDiff_S_alpha_2,GCG,-0.07655590023509527,0.8036879436515951,13,entropy
4,NormAnonDiff_S_alpha_2,MIA,0.22527472527472525,0.4593051427250058,13,entropy
4,NormAnonDiff_S_alpha_2,MIA_MinK,0.21666666666666667,0.5755148957119259,9,entropy
4,NormAnonDiff_S_alpha_2,MIA_Ref,-0.35,0.35581957250178897,9,entropy
4,NormAnonDiff_S_alpha_2,MIA_Hidden,-0.11666666666666665,0.7650079429261462,9,entropy
4,NormAnonDiff_S_alpha_2,SPV_MIA,0.7666666666666667,0.01594401657897401,9,entropy
4,NormAnonDiff_MeanCos,Steering,0.0879120879120879,0.7751954088891221,13,entropy
4,NormAnonDiff_MeanCos,ICL,0.6744312132302304,0.011458400483692413,13,entropy
4,NormAnonDiff_MeanCos,GCG,0.5996878851749129,0.03027930662001154,13,entropy
4,NormAnonDiff_MeanCos,MIA,0.03846153846153846,0.9007243023389337,13,entropy
4,NormAnonDiff_MeanCos,MIA_MinK,-0.26666666666666666,0.4879222748387009,9,entropy
4,NormAnonDiff_MeanCos,MIA_Ref,0.3666666666666667,0.33173980143301507,9,entropy
4,NormAnonDiff_MeanCos,MIA_Hidden,0.09999999999999999,0.797971695234851,9,entropy
4,NormAnonDiff_MeanCos,SPV_MIA,-0.7,0.03576957497026169,9,entropy
5,Centroid_Norm,Steering,-0.08214285714285713,0.7710285652881772,15,auss
5,Centroid_Norm,ICL,0.4965383415964215,0.059732097147151095,15,auss
5,Centroid_Norm,GCG,-0.07054756215026584,0.8027141250412722,15,auss
5,Centroid_Norm,MIA,0.04642857142857142,0.8694915255450946,15,auss
5,Centroid_Norm,MIA_MinK,0.08181818181818183,0.8109903943000458,11,auss
5,Centroid_Norm,MIA_Ref,0.4090909090909091,0.2115450103420961,11,auss
5,Centroid_Norm,MIA_Hidden,0.21818181818181823,0.519248247554982,11,auss
5,Centroid_Norm,SPV_MIA,-0.46575828027676763,0.14879303522674128,11,auss
5,Global_Coherence,Steering,-0.08214285714285713,0.7710285652881772,15,auss
5,Global_Coherence,ICL,0.4965383415964215,0.059732097147151095,15,auss
5,Global_Coherence,GCG,-0.07054756215026584,0.8027141250412722,15,auss
5,Global_Coherence,MIA,0.04642857142857142,0.8694915255450946,15,auss
5,Global_Coherence,MIA_MinK,0.08181818181818183,0.8109903943000458,11,auss
5,Global_Coherence,MIA_Ref,0.4090909090909091,0.2115450103420961,11,auss
5,Global_Coherence,MIA_Hidden,0.21818181818181823,0.519248247554982,11,auss
5,Global_Coherence,SPV_MIA,-0.46575828027676763,0.14879303522674128,11,auss
5,Batch_SecondMoment_TopEig,Steering,-0.08214285714285713,0.7710285652881772,15,auss
5,Batch_SecondMoment_TopEig,ICL,0.4965383415964215,0.059732097147151095,15,auss
5,Batch_SecondMoment_TopEig,GCG,-0.07054756215026584,0.8027141250412722,15,auss
5,Batch_SecondMoment_TopEig,MIA,0.04642857142857142,0.8694915255450946,15,auss
5,Batch_SecondMoment_TopEig,MIA_MinK,0.08181818181818183,0.8109903943000458,11,auss
5,Batch_SecondMoment_TopEig,MIA_Ref,0.4090909090909091,0.2115450103420961,11,auss
5,Batch_SecondMoment_TopEig,MIA_Hidden,0.21818181818181823,0.519248247554982,11,auss
5,Batch_SecondMoment_TopEig,SPV_MIA,-0.46575828027676763,0.14879303522674128,11,auss
5,AUSS_L2,Steering,0.08214285714285713,0.7710285652881772,15,auss
5,AUSS_L2,ICL,-0.4965383415964215,0.059732097147151095,15,auss
5,AUSS_L2,GCG,0.07054756215026584,0.8027141250412722,15,auss
5,AUSS_L2,MIA,-0.04642857142857142,0.8694915255450946,15,auss
5,AUSS_L2,MIA_MinK,-0.08181818181818183,0.8109903943000458,11,auss
5,AUSS_L2,MIA_Ref,-0.4090909090909091,0.2115450103420961,11,auss
5,AUSS_L2,MIA_Hidden,-0.21818181818181823,0.519248247554982,11,auss
5,AUSS_L2,SPV_MIA,0.46575828027676763,0.14879303522674128,11,auss
5,AUSS_Cos2,Steering,0.08214285714285713,0.7710285652881772,15,auss
5,AUSS_Cos2,ICL,-0.4965383415964215,0.059732097147151095,15,auss
5,AUSS_Cos2,GCG,0.07054756215026584,0.8027141250412722,15,auss
5,AUSS_Cos2,MIA,-0.04642857142857142,0.8694915255450946,15,auss
5,AUSS_Cos2,MIA_MinK,-0.08181818181818183,0.8109903943000458,11,auss
5,AUSS_Cos2,MIA_Ref,-0.4090909090909091,0.2115450103420961,11,auss
5,AUSS_Cos2,MIA_Hidden,-0.21818181818181823,0.519248247554982,11,auss
5,AUSS_Cos2,SPV_MIA,0.46575828027676763,0.14879303522674128,11,auss
5,AUSS_Jac,Steering,-0.2321428571428571,0.40509874069364893,15,auss
5,AUSS_Jac,ICL,-0.4707919090691997,0.07652232100145806,15,auss
5,AUSS_Jac,GCG,0.05682998062104748,0.8405671730539398,15,auss
5,AUSS_Jac,MIA,0.1857142857142857,0.5075409629336737,15,auss
5,AUSS_Jac,MIA_MinK,0.30000000000000004,0.37008312228206786,11,auss
5,AUSS_Jac,MIA_Ref,-0.18181818181818182,0.5926152128455,11,auss
5,AUSS_Jac,MIA_Hidden,-0.08181818181818183,0.8109903943000458,11,auss
5,AUSS_Jac,SPV_MIA,0.630143555668568,0.03769580748333446,11,auss
5,Batch_Cov_Trace,Steering,0.08214285714285713,0.7710285652881772,15,auss
5,Batch_Cov_Trace,ICL,-0.4965383415964215,0.059732097147151095,15,auss
5,Batch_Cov_Trace,GCG,0.07054756215026584,0.8027141250412722,15,auss
5,Batch_Cov_Trace,MIA,-0.04642857142857142,0.8694915255450946,15,auss
5,Batch_Cov_Trace,MIA_MinK,-0.08181818181818183,0.8109903943000458,11,auss
5,Batch_Cov_Trace,MIA_Ref,-0.4090909090909091,0.2115450103420961,11,auss
5,Batch_Cov_Trace,MIA_Hidden,-0.21818181818181823,0.519248247554982,11,auss
5,Batch_Cov_Trace,SPV_MIA,0.46575828027676763,0.14879303522674128,11,auss
5,Batch_Cov_TopEig,Steering,0.09999999999999999,0.7228973252791182,15,auss
5,Batch_Cov_TopEig,ICL,-0.6326266278117372,0.011375242205590781,15,auss
5,Batch_Cov_TopEig,GCG,-0.0685879076460918,0.8080987899350416,15,auss
5,Batch_Cov_TopEig,MIA,-0.15357142857142855,0.5847640949410158,15,auss
5,Batch_Cov_TopEig,MIA_MinK,-0.08181818181818183,0.8109903943000458,11,auss
5,Batch_Cov_TopEig,MIA_Ref,-0.4090909090909091,0.2115450103420961,11,auss
5,Batch_Cov_TopEig,MIA_Hidden,-0.21818181818181823,0.519248247554982,11,auss
5,Batch_Cov_TopEig,SPV_MIA,0.46575828027676763,0.14879303522674128,11,auss
5,Reg_S_alpha_2,Steering,0.16483516483516483,0.590478988652005,13,entropy
5,Reg_S_alpha_2,ICL,-0.4148175244554137,0.15871359276744218,13,entropy
5,Reg_S_alpha_2,GCG,0.0,1.0,13,entropy
5,Reg_S_alpha_2,MIA,0.21978021978021978,0.47061485147214255,13,entropy
5,Reg_S_alpha_2,MIA_MinK,0.35,0.35581957250178897,9,entropy
5,Reg_S_alpha_2,MIA_Ref,-0.45,0.22421610749233659,9,entropy
5,Reg_S_alpha_2,MIA_Hidden,-0.049999999999999996,0.8983528043506301,9,entropy
5,Reg_S_alpha_2,SPV_MIA,0.6333333333333333,0.06708578689234565,9,entropy
5,Reg_MeanCos,Steering,-0.005494505494505494,0.9857869107140623,13,entropy
5,Reg_MeanCos,ICL,0.4373926278271369,0.13500570131107353,13,entropy
5,Reg_MeanCos,GCG,0.09888470447033139,0.7479088795660462,13,entropy
5,Reg_MeanCos,MIA,-0.37912087912087916,0.20140608996104353,13,entropy
5,Reg_MeanCos,MIA_MinK,-0.41666666666666663,0.26458604674749614,9,entropy
5,Reg_MeanCos,MIA_Ref,0.19999999999999998,0.6059012741795533,9,entropy
5,Reg_MeanCos,MIA_Hidden,0.11666666666666665,0.7650079429261462,9,entropy
5,Reg_MeanCos,SPV_MIA,-0.8166666666666667,0.007224785246358786,9,entropy
5,Reg_MeanL2,Steering,-0.34615384615384615,0.24662526251007164,13,entropy
5,Reg_MeanL2,ICL,0.2539699129318859,0.40242752810523774,13,entropy
5,Reg_MeanL2,GCG,-0.1212135087055675,0.6932378912046793,13,entropy
5,Reg_MeanL2,MIA,-0.027472527472527472,0.929011729160351,13,entropy
5,Reg_MeanL2,MIA_MinK,0.6666666666666667,0.04986723056888511,9,entropy
5,Reg_MeanL2,MIA_Ref,0.31666666666666665,0.4063970144863861,9,entropy
5,Reg_MeanL2,MIA_Hidden,-0.5333333333333333,0.13922686754397814,9,entropy
5,Reg_MeanL2,SPV_MIA,0.41666666666666663,0.26458604674749614,9,entropy
5,AnonDiff_S_alpha_2,Steering,0.10989010989010989,0.7208097995138618,13,entropy
5,AnonDiff_S_alpha_2,ICL,-0.5220492654710989,0.06724767902633014,13,entropy
5,AnonDiff_S_alpha_2,GCG,-0.11483385035264292,0.7087316423235421,13,entropy
5,AnonDiff_S_alpha_2,MIA,0.26373626373626374,0.3839365166506743,13,entropy
5,AnonDiff_S_alpha_2,MIA_MinK,0.21666666666666667,0.5755148957119259,9,entropy
5,AnonDiff_S_alpha_2,MIA_Ref,-0.35,0.35581957250178897,9,entropy
5,AnonDiff_S_alpha_2,MIA_Hidden,-0.11666666666666665,0.7650079429261462,9,entropy
5,AnonDiff_S_alpha_2,SPV_MIA,0.7666666666666667,0.01594401657897401,9,entropy
5,AnonDiff_MeanCos,Steering,0.07692307692307691,0.8027630076692551,13,entropy
5,AnonDiff_MeanCos,ICL,0.6546779977799726,0.01517437485163565,13,entropy
5,AnonDiff_MeanCos,GCG,0.5614099350573653,0.04588738025169015,13,entropy
5,AnonDiff_MeanCos,MIA,0.03846153846153846,0.9007243023389337,13,entropy
5,AnonDiff_MeanCos,MIA_MinK,-0.2833333333333333,0.46003032896571994,9,entropy
5,AnonDiff_MeanCos,MIA_Ref,0.33333333333333337,0.38071318167686347,9,entropy
5,AnonDiff_MeanCos,MIA_Hidden,0.016666666666666666,0.9660548039946861,9,entropy
5,AnonDiff_MeanCos,SPV_MIA,-0.65,0.05807305801714863,9,entropy
5,AnonDiff_MeanL2,Steering,-0.12087912087912088,0.6940473279966857,13,entropy
5,AnonDiff_MeanL2,ICL,0.41763941237687907,0.15561251200166518,13,entropy
5,AnonDiff_MeanL2,GCG,0.14673214211726593,0.6324038690587923,13,entropy
5,AnonDiff_MeanL2,MIA,-0.34065934065934067,0.2547064607541252,13,entropy
5,AnonDiff_MeanL2,MIA_MinK,0.5333333333333333,0.13922686754397814,9,entropy
5,AnonDiff_MeanL2,MIA_Ref,-0.09999999999999999,0.797971695234851,9,entropy
5,AnonDiff_MeanL2,MIA_Hidden,-0.6333333333333333,0.06708578689234565,9,entropy
5,AnonDiff_MeanL2,SPV_MIA,-0.16666666666666669,0.668231040071504,9,entropy
5,NormAnonDiff_S_alpha_2,Steering,0.049450549450549455,0.8725444288811492,13,entropy
5,NormAnonDiff_S_alpha_2,ICL,-0.4994741620993756,0.08223756039579501,13,entropy
5,NormAnonDiff_S_alpha_2,GCG,-0.15311180047019055,0.617505336073775,13,entropy
5,NormAnonDiff_S_alpha_2,MIA,0.2802197802197803,0.35376363563367896,13,entropy
5,NormAnonDiff_S_alpha_2,MIA_MinK,0.2833333333333333,0.46003032896571994,9,entropy
5,NormAnonDiff_S_alpha_2,MIA_Ref,-0.33333333333333337,0.38071318167686347,9,entropy
5,NormAnonDiff_S_alpha_2,MIA_Hidden,-0.016666666666666666,0.9660548039946861,9,entropy
5,NormAnonDiff_S_alpha_2,SPV_MIA,0.65,0.05807305801714863,9,entropy
5,NormAnonDiff_MeanCos,Steering,0.07692307692307691,0.8027630076692551,13,entropy
5,NormAnonDiff_MeanCos,ICL,0.6546779977799726,0.01517437485163565,13,entropy
5,NormAnonDiff_MeanCos,GCG,0.5614099350573653,0.04588738025169015,13,entropy
5,NormAnonDiff_MeanCos,MIA,0.03846153846153846,0.9007243023389337,13,entropy
5,NormAnonDiff_MeanCos,MIA_MinK,-0.2833333333333333,0.46003032896571994,9,entropy
5,NormAnonDiff_MeanCos,MIA_Ref,0.33333333333333337,0.38071318167686347,9,entropy
5,NormAnonDiff_MeanCos,MIA_Hidden,0.016666666666666666,0.9660548039946861,9,entropy
5,NormAnonDiff_MeanCos,SPV_MIA,-0.65,0.05807305801714863,9,entropy
6,Centroid_Norm,Steering,-0.0964285714285714,0.7324528633867308,15,auss
6,Centroid_Norm,ICL,0.5848118245468965,0.022030208511854242,15,auss
6,Centroid_Norm,GCG,-0.047031708100177226,0.8678097732959495,15,auss
6,Centroid_Norm,MIA,-0.021428571428571425,0.9395779040128779,15,auss
6,Centroid_Norm,MIA_MinK,0.045454545454545456,0.8944269969053026,11,auss
6,Centroid_Norm,MIA_Ref,0.36363636363636365,0.2716375409938228,11,auss
6,Centroid_Norm,MIA_Hidden,0.14545454545454548,0.6695786456420787,11,auss
6,Centroid_Norm,SPV_MIA,-0.5114208567744899,0.10784950997626619,11,auss
6,Global_Coherence,Steering,-0.0964285714285714,0.7324528633867308,15,auss
6,Global_Coherence,ICL,0.5848118245468965,0.022030208511854242,15,auss
6,Global_Coherence,GCG,-0.047031708100177226,0.8678097732959495,15,auss
6,Global_Coherence,MIA,-0.021428571428571425,0.9395779040128779,15,auss
6,Global_Coherence,MIA_MinK,0.045454545454545456,0.8944269969053026,11,auss
6,Global_Coherence,MIA_Ref,0.36363636363636365,0.2716375409938228,11,auss
6,Global_Coherence,MIA_Hidden,0.14545454545454548,0.6695786456420787,11,auss
6,Global_Coherence,SPV_MIA,-0.5114208567744899,0.10784950997626619,11,auss
6,Batch_SecondMoment_TopEig,Steering,-0.0964285714285714,0.7324528633867308,15,auss
6,Batch_SecondMoment_TopEig,ICL,0.5848118245468965,0.022030208511854242,15,auss
6,Batch_SecondMoment_TopEig,GCG,-0.047031708100177226,0.8678097732959495,15,auss
6,Batch_SecondMoment_TopEig,MIA,-0.021428571428571425,0.9395779040128779,15,auss
6,Batch_SecondMoment_TopEig,MIA_MinK,0.045454545454545456,0.8944269969053026,11,auss
6,Batch_SecondMoment_TopEig,MIA_Ref,0.36363636363636365,0.2716375409938228,11,auss
6,Batch_SecondMoment_TopEig,MIA_Hidden,0.14545454545454548,0.6695786456420787,11,auss
6,Batch_SecondMoment_TopEig,SPV_MIA,-0.5114208567744899,0.10784950997626619,11,auss
6,AUSS_L2,Steering,0.0964285714285714,0.7324528633867308,15,auss
6,AUSS_L2,ICL,-0.5848118245468965,0.022030208511854242,15,auss
6,AUSS_L2,GCG,0.047031708100177226,0.8678097732959495,15,auss
6,AUSS_L2,MIA,0.021428571428571425,0.9395779040128779,15,auss
6,AUSS_L2,MIA_MinK,-0.045454545454545456,0.8944269969053026,11,auss
6,AUSS_L2,MIA_Ref,-0.36363636363636365,0.2716375409938228,11,auss
6,AUSS_L2,MIA_Hidden,-0.14545454545454548,0.6695786456420787,11,auss
6,AUSS_L2,SPV_MIA,0.5114208567744899,0.10784950997626619,11,auss
6,AUSS_Cos2,Steering,0.0964285714285714,0.7324528633867308,15,auss
6,AUSS_Cos2,ICL,-0.5848118245468965,0.022030208511854242,15,auss
6,AUSS_Cos2,GCG,0.047031708100177226,0.8678097732959495,15,auss
6,AUSS_Cos2,MIA,0.021428571428571425,0.9395779040128779,15,auss
6,AUSS_Cos2,MIA_MinK,-0.045454545454545456,0.8944269969053026,11,auss
6,AUSS_Cos2,MIA_Ref,-0.36363636363636365,0.2716375409938228,11,auss
6,AUSS_Cos2,MIA_Hidden,-0.14545454545454548,0.6695786456420787,11,auss
6,AUSS_Cos2,SPV_MIA,0.5114208567744899,0.10784950997626619,11,auss
6,AUSS_Jac,Steering,-0.17857142857142855,0.5242843600465525,15,auss
6,AUSS_Jac,ICL,-0.6142363188637214,0.014844252742388285,15,auss
6,AUSS_Jac,GCG,0.07054756215026584,0.8027141250412722,15,auss
6,AUSS_Jac,MIA,0.24642857142857136,0.37595051597380524,15,auss
6,AUSS_Jac,MIA_MinK,-0.02727272727272728,0.9365584481926122,11,auss
6,AUSS_Jac,MIA_Ref,-0.1272727272727273,0.7092146257733047,11,auss
6,AUSS_Jac,MIA_Hidden,0.16363636363636366,0.6306852146425357,11,auss
6,AUSS_Jac,SPV_MIA,0.28310797428587836,0.3989002218282989,11,auss
6,Batch_Cov_Trace,Steering,0.0964285714285714,0.7324528633867308,15,auss
6,Batch_Cov_Trace,ICL,-0.5848118245468965,0.022030208511854242,15,auss
6,Batch_Cov_Trace,GCG,0.047031708100177226,0.8678097732959495,15,auss
6,Batch_Cov_Trace,MIA,0.021428571428571425,0.9395779040128779,15,auss
6,Batch_Cov_Trace,MIA_MinK,-0.045454545454545456,0.8944269969053026,11,auss
6,Batch_Cov_Trace,MIA_Ref,-0.36363636363636365,0.2716375409938228,11,auss
6,Batch_Cov_Trace,MIA_Hidden,-0.14545454545454548,0.6695786456420787,11,auss
6,Batch_Cov_Trace,SPV_MIA,0.5114208567744899,0.10784950997626619,11,auss
6,Batch_Cov_TopEig,Steering,0.09999999999999999,0.7228973252791182,15,auss
6,Batch_Cov_TopEig,ICL,-0.6326266278117372,0.011375242205590781,15,auss
6,Batch_Cov_TopEig,GCG,-0.0685879076460918,0.8080987899350416,15,auss
6,Batch_Cov_TopEig,MIA,-0.15357142857142855,0.5847640949410158,15,auss
6,Batch_Cov_TopEig,MIA_MinK,-0.08181818181818183,0.8109903943000458,11,auss
6,Batch_Cov_TopEig,MIA_Ref,-0.4090909090909091,0.2115450103420961,11,auss
6,Batch_Cov_TopEig,MIA_Hidden,-0.21818181818181823,0.519248247554982,11,auss
6,Batch_Cov_TopEig,SPV_MIA,0.46575828027676763,0.14879303522674128,11,auss
6,Reg_S_alpha_2,Steering,0.2912087912087912,0.3343858561975295,13,entropy
6,Reg_S_alpha_2,ICL,-0.5248711533925643,0.06551981916497875,13,entropy
6,Reg_S_alpha_2,GCG,0.02232880423523612,0.9422808056350152,13,entropy
6,Reg_S_alpha_2,MIA,0.3021978021978022,0.3156083662499549,13,entropy
6,Reg_S_alpha_2,MIA_MinK,-0.03333333333333333,0.932156735540504,9,entropy
6,Reg_S_alpha_2,MIA_Ref,-0.19999999999999998,0.6059012741795533,9,entropy
6,Reg_S_alpha_2,MIA_Hidden,0.19999999999999998,0.6059012741795533,9,entropy
6,Reg_S_alpha_2,SPV_MIA,0.7166666666666667,0.029818035695845287,9,entropy
6,Reg_MeanCos,Steering,-0.11538461538461539,0.7073898735142602,13,entropy
6,Reg_MeanCos,ICL,0.5418024809213566,0.05580417070004108,13,entropy
6,Reg_MeanCos,GCG,0.11483385035264292,0.7087316423235421,13,entropy
6,Reg_MeanCos,MIA,-0.43956043956043955,0.13286024415692976,13,entropy
6,Reg_MeanCos,MIA_MinK,-0.13333333333333333,0.7323675052362975,9,entropy
6,Reg_MeanCos,MIA_Ref,0.016666666666666666,0.9660548039946861,9,entropy
6,Reg_MeanCos,MIA_Hidden,-0.09999999999999999,0.797971695234851,9,entropy
6,Reg_MeanCos,SPV_MIA,-0.8666666666666667,0.0024953982859902053,9,entropy
6,Reg_MeanL2,Steering,-0.34615384615384615,0.24662526251007164,13,entropy
6,Reg_MeanL2,ICL,0.2539699129318859,0.40242752810523774,13,entropy
6,Reg_MeanL2,GCG,-0.1212135087055675,0.6932378912046793,13,entropy
6,Reg_MeanL2,MIA,-0.027472527472527472,0.929011729160351,13,entropy
6,Reg_MeanL2,MIA_MinK,0.6666666666666667,0.04986723056888511,9,entropy
6,Reg_MeanL2,MIA_Ref,0.31666666666666665,0.4063970144863861,9,entropy
6,Reg_MeanL2,MIA_Hidden,-0.5333333333333333,0.13922686754397814,9,entropy
6,Reg_MeanL2,SPV_MIA,0.41666666666666663,0.26458604674749614,9,entropy
6,AnonDiff_S_alpha_2,Steering,0.12087912087912088,0.6940473279966857,13,entropy
6,AnonDiff_S_alpha_2,ICL,-0.6236372306438531,0.02275054896153525,13,entropy
6,AnonDiff_S_alpha_2,GCG,-0.2232880423523612,0.463379341750486,13,entropy
6,AnonDiff_S_alpha_2,MIA,0.26373626373626374,0.3839365166506743,13,entropy
6,AnonDiff_S_alpha_2,MIA_MinK,-0.15,0.7000942309691419,9,entropy
6,AnonDiff_S_alpha_2,MIA_Ref,-0.2833333333333333,0.46003032896571994,9,entropy
6,AnonDiff_S_alpha_2,MIA_Hidden,0.18333333333333335,0.6368198117628943,9,entropy
6,AnonDiff_S_alpha_2,SPV_MIA,0.7333333333333334,0.02455415007146968,9,entropy
6,AnonDiff_MeanCos,Steering,0.11538461538461539,0.7073898735142602,13,entropy
6,AnonDiff_MeanCos,ICL,0.6264591185653187,0.02196510640238996,13,entropy
6,AnonDiff_MeanCos,GCG,0.45295574305764696,0.12010324585514859,13,entropy
6,AnonDiff_MeanCos,MIA,-0.0879120879120879,0.7751954088891221,13,entropy
6,AnonDiff_MeanCos,MIA_MinK,-0.2833333333333333,0.46003032896571994,9,entropy
6,AnonDiff_MeanCos,MIA_Ref,0.33333333333333337,0.38071318167686347,9,entropy
6,AnonDiff_MeanCos,MIA_Hidden,0.016666666666666666,0.9660548039946861,9,entropy
6,AnonDiff_MeanCos,SPV_MIA,-0.65,0.05807305801714863,9,entropy
6,AnonDiff_MeanL2,Steering,-0.12087912087912088,0.6940473279966857,13,entropy
6,AnonDiff_MeanL2,ICL,0.41763941237687907,0.15561251200166518,13,entropy
6,AnonDiff_MeanL2,GCG,0.14673214211726593,0.6324038690587923,13,entropy
6,AnonDiff_MeanL2,MIA,-0.34065934065934067,0.2547064607541252,13,entropy
6,AnonDiff_MeanL2,MIA_MinK,0.5333333333333333,0.13922686754397814,9,entropy
6,AnonDiff_MeanL2,MIA_Ref,-0.09999999999999999,0.797971695234851,9,entropy
6,AnonDiff_MeanL2,MIA_Hidden,-0.6333333333333333,0.06708578689234565,9,entropy
6,AnonDiff_MeanL2,SPV_MIA,-0.16666666666666669,0.668231040071504,9,entropy
6,NormAnonDiff_S_alpha_2,Steering,0.06043956043956044,0.8445023706449684,13,entropy
6,NormAnonDiff_S_alpha_2,ICL,-0.6010621272721299,0.02980366591348462,13,entropy
6,NormAnonDiff_S_alpha_2,GCG,-0.2615659924699088,0.388006540211546,13,entropy
6,NormAnonDiff_S_alpha_2,MIA,0.2802197802197803,0.35376363563367896,13,entropy
6,NormAnonDiff_S_alpha_2,MIA_MinK,-0.08333333333333334,0.831214097710308,9,entropy
6,NormAnonDiff_S_alpha_2,MIA_Ref,-0.26666666666666666,0.4879222748387009,9,entropy
6,NormAnonDiff_S_alpha_2,MIA_Hidden,0.2833333333333333,0.46003032896571994,9,entropy
6,NormAnonDiff_S_alpha_2,SPV_MIA,0.6166666666666666,0.07692880993776309,9,entropy
6,NormAnonDiff_MeanCos,Steering,0.11538461538461539,0.7073898735142602,13,entropy
6,NormAnonDiff_MeanCos,ICL,0.6264591185653187,0.02196510640238996,13,entropy
6,NormAnonDiff_MeanCos,GCG,0.45295574305764696,0.12010324585514859,13,entropy
6,NormAnonDiff_MeanCos,MIA,-0.0879120879120879,0.7751954088891221,13,entropy
6,NormAnonDiff_MeanCos,MIA_MinK,-0.2833333333333333,0.46003032896571994,9,entropy
6,NormAnonDiff_MeanCos,MIA_Ref,0.33333333333333337,0.38071318167686347,9,entropy
6,NormAnonDiff_MeanCos,MIA_Hidden,0.016666666666666666,0.9660548039946861,9,entropy
6,NormAnonDiff_MeanCos,SPV_MIA,-0.65,0.05807305801714863,9,entropy
7,Centroid_Norm,Steering,-0.0857142857142857,0.7613341261907667,15,auss
7,Centroid_Norm,ICL,0.6032021334949121,0.017286569549913082,15,auss
7,Centroid_Norm,GCG,-0.023515854050088613,0.9337037959085169,15,auss
7,Centroid_Norm,MIA,-0.017857142857142853,0.9496353041738621,15,auss
7,Centroid_Norm,MIA_MinK,0.045454545454545456,0.8944269969053026,11,auss
7,Centroid_Norm,MIA_Ref,0.36363636363636365,0.2716375409938228,11,auss
7,Centroid_Norm,MIA_Hidden,0.14545454545454548,0.6695786456420787,11,auss
7,Centroid_Norm,SPV_MIA,-0.5114208567744899,0.10784950997626619,11,auss
7,Global_Coherence,Steering,-0.0857142857142857,0.7613341261907667,15,auss
7,Global_Coherence,ICL,0.6032021334949121,0.017286569549913082,15,auss
7,Global_Coherence,GCG,-0.023515854050088613,0.9337037959085169,15,auss
7,Global_Coherence,MIA,-0.017857142857142853,0.9496353041738621,15,auss
7,Global_Coherence,MIA_MinK,0.045454545454545456,0.8944269969053026,11,auss
7,Global_Coherence,MIA_Ref,0.36363636363636365,0.2716375409938228,11,auss
7,Global_Coherence,MIA_Hidden,0.14545454545454548,0.6695786456420787,11,auss
7,Global_Coherence,SPV_MIA,-0.5114208567744899,0.10784950997626619,11,auss
7,Batch_SecondMoment_TopEig,Steering,-0.0964285714285714,0.7324528633867308,15,auss
7,Batch_SecondMoment_TopEig,ICL,0.6142363188637214,0.014844252742388285,15,auss
7,Batch_SecondMoment_TopEig,GCG,-0.023515854050088613,0.9337037959085169,15,auss
7,Batch_SecondMoment_TopEig,MIA,-0.024999999999999998,0.9295289708192378,15,auss
7,Batch_SecondMoment_TopEig,MIA_MinK,0.045454545454545456,0.8944269969053026,11,auss
7,Batch_SecondMoment_TopEig,MIA_Ref,0.36363636363636365,0.2716375409938228,11,auss
7,Batch_SecondMoment_TopEig,MIA_Hidden,0.14545454545454548,0.6695786456420787,11,auss
7,Batch_SecondMoment_TopEig,SPV_MIA,-0.5114208567744899,0.10784950997626619,11,auss
7,AUSS_L2,Steering,0.0857142857142857,0.7613341261907667,15,auss
7,AUSS_L2,ICL,-0.6032021334949121,0.017286569549913082,15,auss
7,AUSS_L2,GCG,0.023515854050088613,0.9337037959085169,15,auss
7,AUSS_L2,MIA,0.017857142857142853,0.9496353041738621,15,auss
7,AUSS_L2,MIA_MinK,-0.045454545454545456,0.8944269969053026,11,auss
7,AUSS_L2,MIA_Ref,-0.36363636363636365,0.2716375409938228,11,auss
7,AUSS_L2,MIA_Hidden,-0.14545454545454548,0.6695786456420787,11,auss
7,AUSS_L2,SPV_MIA,0.5114208567744899,0.10784950997626619,11,auss
7,AUSS_Cos2,Steering,0.075,0.7905107941552679,15,auss
7,AUSS_Cos2,ICL,-0.628948566022134,0.012012645782413647,15,auss
7,AUSS_Cos2,GCG,0.023515854050088613,0.9337037959085169,15,auss
7,AUSS_Cos2,MIA,0.06071428571428571,0.8298120954425188,15,auss
7,AUSS_Cos2,MIA_MinK,-0.045454545454545456,0.8944269969053026,11,auss
7,AUSS_Cos2,MIA_Ref,-0.36363636363636365,0.2716375409938228,11,auss
7,AUSS_Cos2,MIA_Hidden,-0.14545454545454548,0.6695786456420787,11,auss
7,AUSS_Cos2,SPV_MIA,0.5114208567744899,0.10784950997626619,11,auss
7,AUSS_Jac,Steering,0.035714285714285705,0.8994469934720875,15,auss
7,AUSS_Jac,ICL,-0.3383816846434873,0.21733346173250678,15,auss
7,AUSS_Jac,GCG,0.17832855987983867,0.5248579981791959,15,auss
7,AUSS_Jac,MIA,-0.024999999999999998,0.9295289708192378,15,auss
7,AUSS_Jac,MIA_MinK,-0.21818181818181823,0.519248247554982,11,auss
7,AUSS_Jac,MIA_Ref,0.009090909090909092,0.9788365001441937,11,auss
7,AUSS_Jac,MIA_Hidden,0.2545454545454546,0.4500365768888285,11,auss
7,AUSS_Jac,SPV_MIA,-0.1461202447927114,0.668141022093742,11,auss
7,Batch_Cov_Trace,Steering,0.0857142857142857,0.7613341261907667,15,auss
7,Batch_Cov_Trace,ICL,-0.6032021334949121,0.017286569549913082,15,auss
7,Batch_Cov_Trace,GCG,0.023515854050088613,0.9337037959085169,15,auss
7,Batch_Cov_Trace,MIA,0.017857142857142853,0.9496353041738621,15,auss
7,Batch_Cov_Trace,MIA_MinK,-0.045454545454545456,0.8944269969053026,11,auss
7,Batch_Cov_Trace,MIA_Ref,-0.36363636363636365,0.2716375409938228,11,auss
7,Batch_Cov_Trace,MIA_Hidden,-0.14545454545454548,0.6695786456420787,11,auss
7,Batch_Cov_Trace,SPV_MIA,0.5114208567744899,0.10784950997626619,11,auss
7,Batch_Cov_TopEig,Steering,0.06785714285714285,0.8101088187105131,15,auss
7,Batch_Cov_TopEig,ICL,-0.6326266278117372,0.011375242205590781,15,auss
7,Batch_Cov_TopEig,GCG,-0.0921037616961804,0.744073000325588,15,auss
7,Batch_Cov_TopEig,MIA,-0.1464285714285714,0.602549920983054,15,auss
7,Batch_Cov_TopEig,MIA_MinK,-0.08181818181818183,0.8109903943000458,11,auss
7,Batch_Cov_TopEig,MIA_Ref,-0.4090909090909091,0.2115450103420961,11,auss
7,Batch_Cov_TopEig,MIA_Hidden,-0.21818181818181823,0.519248247554982,11,auss
7,Batch_Cov_TopEig,SPV_MIA,0.46575828027676763,0.14879303522674128,11,auss
7,Reg_S_alpha_2,Steering,0.2747252747252747,0.3636749816401784,13,entropy
7,Reg_S_alpha_2,ICL,-0.44303640367006764,0.12946744104751629,13,entropy
7,Reg_S_alpha_2,GCG,-0.07017624188217066,0.8197952464850373,13,entropy
7,Reg_S_alpha_2,MIA,0.2857142857142857,0.34400021825867,13,entropy
7,Reg_S_alpha_2,MIA_MinK,-0.33333333333333337,0.38071318167686347,9,entropy
7,Reg_S_alpha_2,MIA_Ref,0.0,1.0,9,entropy
7,Reg_S_alpha_2,MIA_Hidden,0.6,0.0876228290414024,9,entropy
7,Reg_S_alpha_2,SPV_MIA,0.31666666666666665,0.4063970144863861,9,entropy
7,Reg_MeanCos,Steering,-0.2087912087912088,0.493621819356885,13,entropy
7,Reg_MeanCos,ICL,0.46843339496325626,0.10641643009301503,13,entropy
7,Reg_MeanCos,GCG,0.0,1.0,13,entropy
7,Reg_MeanCos,MIA,-0.4450549450549451,0.12752383613843676,13,entropy
7,Reg_MeanCos,MIA_MinK,0.13333333333333333,0.7323675052362975,9,entropy
7,Reg_MeanCos,MIA_Ref,-0.08333333333333334,0.831214097710308,9,entropy
7,Reg_MeanCos,MIA_Hidden,-0.19999999999999998,0.6059012741795533,9,entropy
7,Reg_MeanCos,SPV_MIA,-0.75,0.019942126131992522,9,entropy
7,Reg_MeanL2,Steering,-0.34615384615384615,0.24662526251007164,13,entropy
7,Reg_MeanL2,ICL,0.2539699129318859,0.40242752810523774,13,entropy
7,Reg_MeanL2,GCG,-0.1212135087055675,0.6932378912046793,13,entropy
7,Reg_MeanL2,MIA,-0.027472527472527472,0.929011729160351,13,entropy
7,Reg_MeanL2,MIA_MinK,0.6666666666666667,0.04986723056888511,9,entropy
7,Reg_MeanL2,MIA_Ref,0.31666666666666665,0.4063970144863861,9,entropy
7,Reg_MeanL2,MIA_Hidden,-0.5333333333333333,0.13922686754397814,9,entropy
7,Reg_MeanL2,SPV_MIA,0.41666666666666663,0.26458604674749614,9,entropy
7,AnonDiff_S_alpha_2,Steering,0.12087912087912088,0.6940473279966857,13,entropy
7,AnonDiff_S_alpha_2,ICL,-0.6236372306438531,0.02275054896153525,13,entropy
7,AnonDiff_S_alpha_2,GCG,-0.2232880423523612,0.463379341750486,13,entropy
7,AnonDiff_S_alpha_2,MIA,0.26373626373626374,0.3839365166506743,13,entropy
7,AnonDiff_S_alpha_2,MIA_MinK,-0.15,0.7000942309691419,9,entropy
7,AnonDiff_S_alpha_2,MIA_Ref,-0.2833333333333333,0.46003032896571994,9,entropy
7,AnonDiff_S_alpha_2,MIA_Hidden,0.18333333333333335,0.6368198117628943,9,entropy
7,AnonDiff_S_alpha_2,SPV_MIA,0.7333333333333334,0.02455415007146968,9,entropy
7,AnonDiff_MeanCos,Steering,0.11538461538461539,0.7073898735142602,13,entropy
7,AnonDiff_MeanCos,ICL,0.6264591185653187,0.02196510640238996,13,entropy
7,AnonDiff_MeanCos,GCG,0.45295574305764696,0.12010324585514859,13,entropy
7,AnonDiff_MeanCos,MIA,-0.0879120879120879,0.7751954088891221,13,entropy
7,AnonDiff_MeanCos,MIA_MinK,-0.2833333333333333,0.46003032896571994,9,entropy
7,AnonDiff_MeanCos,MIA_Ref,0.33333333333333337,0.38071318167686347,9,entropy
7,AnonDiff_MeanCos,MIA_Hidden,0.016666666666666666,0.9660548039946861,9,entropy
7,AnonDiff_MeanCos,SPV_MIA,-0.65,0.05807305801714863,9,entropy
7,AnonDiff_MeanL2,Steering,-0.11538461538461539,0.7073898735142602,13,entropy
7,AnonDiff_MeanL2,ICL,0.3809548693978289,0.19905467420998807,13,entropy
7,AnonDiff_MeanL2,GCG,0.14673214211726593,0.6324038690587923,13,entropy
7,AnonDiff_MeanL2,MIA,-0.35714285714285715,0.23092986230203402,13,entropy
7,AnonDiff_MeanL2,MIA_MinK,0.45,0.22421610749233659,9,entropy
7,AnonDiff_MeanL2,MIA_Ref,-0.13333333333333333,0.7323675052362975,9,entropy
7,AnonDiff_MeanL2,MIA_Hidden,-0.6666666666666667,0.04986723056888511,9,entropy
7,AnonDiff_MeanL2,SPV_MIA,-0.18333333333333335,0.6368198117628943,9,entropy
7,NormAnonDiff_S_alpha_2,Steering,0.07692307692307691,0.8027630076692551,13,entropy
7,NormAnonDiff_S_alpha_2,ICL,-0.6010621272721299,0.02980366591348462,13,entropy
7,NormAnonDiff_S_alpha_2,GCG,-0.2615659924699088,0.388006540211546,13,entropy
7,NormAnonDiff_S_alpha_2,MIA,0.24725274725274726,0.4154051197255382,13,entropy
7,NormAnonDiff_S_alpha_2,MIA_MinK,-0.09999999999999999,0.797971695234851,9,entropy
7,NormAnonDiff_S_alpha_2,MIA_Ref,-0.3,0.4328453267094823,9,entropy
7,NormAnonDiff_S_alpha_2,MIA_Hidden,0.19999999999999998,0.6059012741795533,9,entropy
7,NormAnonDiff_S_alpha_2,SPV_MIA,0.6666666666666667,0.04986723056888511,9,entropy
7,NormAnonDiff_MeanCos,Steering,0.11538461538461539,0.7073898735142602,13,entropy
7,NormAnonDiff_MeanCos,ICL,0.6264591185653187,0.02196510640238996,13,entropy
7,NormAnonDiff_MeanCos,GCG,0.45295574305764696,0.12010324585514859,13,entropy
7,NormAnonDiff_MeanCos,MIA,-0.0879120879120879,0.7751954088891221,13,entropy
7,NormAnonDiff_MeanCos,MIA_MinK,-0.2833333333333333,0.46003032896571994,9,entropy
7,NormAnonDiff_MeanCos,MIA_Ref,0.33333333333333337,0.38071318167686347,9,entropy
7,NormAnonDiff_MeanCos,MIA_Hidden,0.016666666666666666,0.9660548039946861,9,entropy
7,NormAnonDiff_MeanCos,SPV_MIA,-0.65,0.05807305801714863,9,entropy
8,Centroid_Norm,Steering,-0.06785714285714285,0.8101088187105131,15,auss
8,Centroid_Norm,ICL,0.6215924424429278,0.013370462109980281,15,auss
8,Centroid_Norm,GCG,0.0,1.0,15,auss
8,Centroid_Norm,MIA,-0.04285714285714285,0.8794603130258999,15,auss
8,Centroid_Norm,MIA_MinK,0.02727272727272728,0.9365584481926122,11,auss
8,Centroid_Norm,MIA_Ref,0.39090909090909093,0.23454006709519432,11,auss
8,Centroid_Norm,MIA_Hidden,0.16363636363636366,0.6306852146425357,11,auss
8,Centroid_Norm,SPV_MIA,-0.611878525069479,0.04542676677345926,11,auss
8,Global_Coherence,Steering,-0.06785714285714285,0.8101088187105131,15,auss
8,Global_Coherence,ICL,0.6215924424429278,0.013370462109980281,15,auss
8,Global_Coherence,GCG,0.0,1.0,15,auss
8,Global_Coherence,MIA,-0.04285714285714285,0.8794603130258999,15,auss
8,Global_Coherence,MIA_MinK,0.02727272727272728,0.9365584481926122,11,auss
8,Global_Coherence,MIA_Ref,0.39090909090909093,0.23454006709519432,11,auss
8,Global_Coherence,MIA_Hidden,0.16363636363636366,0.6306852146425357,11,auss
8,Global_Coherence,SPV_MIA,-0.611878525069479,0.04542676677345926,11,auss
8,Batch_SecondMoment_TopEig,Steering,-0.0857142857142857,0.7613341261907667,15,auss
8,Batch_SecondMoment_TopEig,ICL,0.5774557009676903,0.024183076055873602,15,auss
8,Batch_SecondMoment_TopEig,GCG,-0.023515854050088613,0.9337037959085169,15,auss
8,Batch_SecondMoment_TopEig,MIA,-0.024999999999999998,0.9295289708192378,15,auss
8,Batch_SecondMoment_TopEig,MIA_MinK,0.02727272727272728,0.9365584481926122,11,auss
8,Batch_SecondMoment_TopEig,MIA_Ref,0.39090909090909093,0.23454006709519432,11,auss
8,Batch_SecondMoment_TopEig,MIA_Hidden,0.16363636363636366,0.6306852146425357,11,auss
8,Batch_SecondMoment_TopEig,SPV_MIA,-0.611878525069479,0.04542676677345926,11,auss
8,AUSS_L2,Steering,0.06785714285714285,0.8101088187105131,15,auss
8,AUSS_L2,ICL,-0.6215924424429278,0.013370462109980281,15,auss
8,AUSS_L2,GCG,0.0,1.0,15,auss
8,AUSS_L2,MIA,0.04285714285714285,0.8794603130258999,15,auss
8,AUSS_L2,MIA_MinK,-0.02727272727272728,0.9365584481926122,11,auss
8,AUSS_L2,MIA_Ref,-0.39090909090909093,0.23454006709519432,11,auss
8,AUSS_L2,MIA_Hidden,-0.16363636363636366,0.6306852146425357,11,auss
8,AUSS_L2,SPV_MIA,0.611878525069479,0.04542676677345926,11,auss
8,AUSS_Cos2,Steering,0.0964285714285714,0.7324528633867308,15,auss
8,AUSS_Cos2,ICL,-0.5884898863364996,0.02101022375996498,15,auss
8,AUSS_Cos2,GCG,0.023515854050088613,0.9337037959085169,15,auss
8,AUSS_Cos2,MIA,0.03214285714285714,0.9094621170945906,15,auss
8,AUSS_Cos2,MIA_MinK,-0.02727272727272728,0.9365584481926122,11,auss
8,AUSS_Cos2,MIA_Ref,-0.39090909090909093,0.23454006709519432,11,auss
8,AUSS_Cos2,MIA_Hidden,-0.16363636363636366,0.6306852146425357,11,auss
8,AUSS_Cos2,SPV_MIA,0.611878525069479,0.04542676677345926,11,auss
8,AUSS_Jac,Steering,-0.28928571428571426,0.29566536100437785,15,auss
8,AUSS_Jac,ICL,-0.30527912853705913,0.26853306205363325,15,auss
8,AUSS_Jac,GCG,0.05095101710852533,0.8568944988039109,15,auss
8,AUSS_Jac,MIA,0.12142857142857141,0.6664011137233894,15,auss
8,AUSS_Jac,MIA_MinK,-0.24545454545454545,0.4669223669820163,11,auss
8,AUSS_Jac,MIA_Ref,0.20000000000000004,0.5554454421055854,11,auss
8,AUSS_Jac,MIA_Hidden,0.23636363636363636,0.4840911622253965,11,auss
8,AUSS_Jac,SPV_MIA,-0.11872269889407801,0.7280862602638447,11,auss
8,Batch_Cov_Trace,Steering,0.06785714285714285,0.8101088187105131,15,auss
8,Batch_Cov_Trace,ICL,-0.6215924424429278,0.013370462109980281,15,auss
8,Batch_Cov_Trace,GCG,0.0,1.0,15,auss
8,Batch_Cov_Trace,MIA,0.04285714285714285,0.8794603130258999,15,auss
8,Batch_Cov_Trace,MIA_MinK,-0.02727272727272728,0.9365584481926122,11,auss
8,Batch_Cov_Trace,MIA_Ref,-0.39090909090909093,0.23454006709519432,11,auss
8,Batch_Cov_Trace,MIA_Hidden,-0.16363636363636366,0.6306852146425357,11,auss
8,Batch_Cov_Trace,SPV_MIA,0.611878525069479,0.04542676677345926,11,auss
8,Batch_Cov_TopEig,Steering,0.06428571428571428,0.8199479653196377,15,auss
8,Batch_Cov_TopEig,ICL,-0.6326266278117372,0.011375242205590781,15,auss
8,Batch_Cov_TopEig,GCG,-0.076426525662788,0.7866103402749393,15,auss
8,Batch_Cov_TopEig,MIA,-0.15,0.5936302027425882,15,auss
8,Batch_Cov_TopEig,MIA_MinK,-0.09090909090909091,0.7903727377532903,11,auss
8,Batch_Cov_TopEig,MIA_Ref,-0.44545454545454555,0.16973260492681172,11,auss
8,Batch_Cov_TopEig,MIA_Hidden,-0.26363636363636367,0.4334407376116145,11,auss
8,Batch_Cov_TopEig,SPV_MIA,0.493155826175401,0.12322185658071347,11,auss
8,Reg_S_alpha_2,Steering,0.18131868131868134,0.5532950092839335,13,entropy
8,Reg_S_alpha_2,ICL,-0.46843339496325626,0.10641643009301503,13,entropy
8,Reg_S_alpha_2,GCG,-0.18501009223481354,0.545105100170298,13,entropy
8,Reg_S_alpha_2,MIA,0.2692307692307692,0.37373304228189164,13,entropy
8,Reg_S_alpha_2,MIA_MinK,-0.18333333333333335,0.6368198117628943,9,entropy
8,Reg_S_alpha_2,MIA_Ref,-0.13333333333333333,0.7323675052362975,9,entropy
8,Reg_S_alpha_2,MIA_Hidden,0.5833333333333334,0.09918581647988323,9,entropy
8,Reg_S_alpha_2,SPV_MIA,0.39999999999999997,0.2861051019083129,9,entropy
8,Reg_MeanCos,Steering,-0.18131868131868134,0.5532950092839335,13,entropy
8,Reg_MeanCos,ICL,0.5079398258637718,0.07636917915609609,13,entropy
8,Reg_MeanCos,GCG,0.07655590023509527,0.8036879436515951,13,entropy
8,Reg_MeanCos,MIA,-0.4010989010989011,0.17435746494503282,13,entropy
8,Reg_MeanCos,MIA_MinK,-0.016666666666666666,0.9660548039946861,9,entropy
8,Reg_MeanCos,MIA_Ref,0.049999999999999996,0.8983528043506301,9,entropy
8,Reg_MeanCos,MIA_Hidden,-0.18333333333333335,0.6368198117628943,9,entropy
8,Reg_MeanCos,SPV_MIA,-0.8333333333333333,0.005265691029161748,9,entropy
8,Reg_MeanL2,Steering,-0.34615384615384615,0.24662526251007164,13,entropy
8,Reg_MeanL2,ICL,0.2539699129318859,0.40242752810523774,13,entropy
8,Reg_MeanL2,GCG,-0.1212135087055675,0.6932378912046793,13,entropy
8,Reg_MeanL2,MIA,-0.027472527472527472,0.929011729160351,13,entropy
8,Reg_MeanL2,MIA_MinK,0.6666666666666667,0.04986723056888511,9,entropy
8,Reg_MeanL2,MIA_Ref,0.31666666666666665,0.4063970144863861,9,entropy
8,Reg_MeanL2,MIA_Hidden,-0.5333333333333333,0.13922686754397814,9,entropy
8,Reg_MeanL2,SPV_MIA,0.41666666666666663,0.26458604674749614,9,entropy
8,AnonDiff_S_alpha_2,Steering,0.11538461538461539,0.7073898735142602,13,entropy
8,AnonDiff_S_alpha_2,ICL,-0.6687874373872996,0.012440734995768457,13,entropy
8,AnonDiff_S_alpha_2,GCG,-0.315793088469768,0.29321883967643325,13,entropy
8,AnonDiff_S_alpha_2,MIA,0.21428571428571427,0.4820544547023683,13,entropy
8,AnonDiff_S_alpha_2,MIA_MinK,-0.15,0.7000942309691419,9,entropy
8,AnonDiff_S_alpha_2,MIA_Ref,-0.2833333333333333,0.46003032896571994,9,entropy
8,AnonDiff_S_alpha_2,MIA_Hidden,0.18333333333333335,0.6368198117628943,9,entropy
8,AnonDiff_S_alpha_2,SPV_MIA,0.7333333333333334,0.02455415007146968,9,entropy
8,AnonDiff_MeanCos,Steering,0.12087912087912088,0.6940473279966857,13,entropy
8,AnonDiff_MeanCos,ICL,0.7054719803663498,0.007061156829111333,13,entropy
8,AnonDiff_MeanCos,GCG,0.45295574305764696,0.12010324585514859,13,entropy
8,AnonDiff_MeanCos,MIA,-0.1758241758241758,0.5655798619595345,13,entropy
8,AnonDiff_MeanCos,MIA_MinK,-0.21666666666666667,0.5755148957119259,9,entropy
8,AnonDiff_MeanCos,MIA_Ref,0.35,0.35581957250178897,9,entropy
8,AnonDiff_MeanCos,MIA_Hidden,0.11666666666666665,0.7650079429261462,9,entropy
8,AnonDiff_MeanCos,SPV_MIA,-0.7666666666666667,0.01594401657897401,9,entropy
8,AnonDiff_MeanL2,Steering,-0.11538461538461539,0.7073898735142602,13,entropy
8,AnonDiff_MeanL2,ICL,0.3809548693978289,0.19905467420998807,13,entropy
8,AnonDiff_MeanL2,GCG,0.14673214211726593,0.6324038690587923,13,entropy
8,AnonDiff_MeanL2,MIA,-0.35714285714285715,0.23092986230203402,13,entropy
8,AnonDiff_MeanL2,MIA_MinK,0.45,0.22421610749233659,9,entropy
8,AnonDiff_MeanL2,MIA_Ref,-0.13333333333333333,0.7323675052362975,9,entropy
8,AnonDiff_MeanL2,MIA_Hidden,-0.6666666666666667,0.04986723056888511,9,entropy
8,AnonDiff_MeanL2,SPV_MIA,-0.18333333333333335,0.6368198117628943,9,entropy
8,NormAnonDiff_S_alpha_2,Steering,0.06593406593406594,0.8305423857560938,13,entropy
8,NormAnonDiff_S_alpha_2,ICL,-0.6349247823297148,0.01972930137108615,13,entropy
8,NormAnonDiff_S_alpha_2,GCG,-0.2615659924699088,0.388006540211546,13,entropy
8,NormAnonDiff_S_alpha_2,MIA,0.2692307692307692,0.37373304228189164,13,entropy
8,NormAnonDiff_S_alpha_2,MIA_MinK,-0.09999999999999999,0.797971695234851,9,entropy
8,NormAnonDiff_S_alpha_2,MIA_Ref,-0.3,0.4328453267094823,9,entropy
8,NormAnonDiff_S_alpha_2,MIA_Hidden,0.19999999999999998,0.6059012741795533,9,entropy
8,NormAnonDiff_S_alpha_2,SPV_MIA,0.6666666666666667,0.04986723056888511,9,entropy
8,NormAnonDiff_MeanCos,Steering,0.12087912087912088,0.6940473279966857,13,entropy
8,NormAnonDiff_MeanCos,ICL,0.7054719803663498,0.007061156829111333,13,entropy
8,NormAnonDiff_MeanCos,GCG,0.45295574305764696,0.12010324585514859,13,entropy
8,NormAnonDiff_MeanCos,MIA,-0.1758241758241758,0.5655798619595345,13,entropy
8,NormAnonDiff_MeanCos,MIA_MinK,-0.21666666666666667,0.5755148957119259,9,entropy
8,NormAnonDiff_MeanCos,MIA_Ref,0.35,0.35581957250178897,9,entropy
8,NormAnonDiff_MeanCos,MIA_Hidden,0.11666666666666665,0.7650079429261462,9,entropy
8,NormAnonDiff_MeanCos,SPV_MIA,-0.7666666666666667,0.01594401657897401,9,entropy
9,Centroid_Norm,Steering,-0.06071428571428571,0.8298120954425188,15,auss
9,Centroid_Norm,ICL,0.6326266278117372,0.011375242205590781,15,auss
9,Centroid_Norm,GCG,-0.07838618016696204,0.781259871457538,15,auss
9,Centroid_Norm,MIA,0.007142857142857141,0.9798442277615982,15,auss
9,Centroid_Norm,MIA_MinK,0.018181818181818184,0.9576852410216187,11,auss
9,Centroid_Norm,MIA_Ref,0.46363636363636374,0.15090149929248603,11,auss
9,Centroid_Norm,MIA_Hidden,0.16363636363636366,0.6306852146425357,11,auss
9,Centroid_Norm,SPV_MIA,-0.5570834332722122,0.0750311232667093,11,auss
9,Global_Coherence,Steering,-0.06071428571428571,0.8298120954425188,15,auss
9,Global_Coherence,ICL,0.6326266278117372,0.011375242205590781,15,auss
9,Global_Coherence,GCG,-0.07838618016696204,0.781259871457538,15,auss
9,Global_Coherence,MIA,0.007142857142857141,0.9798442277615982,15,auss
9,Global_Coherence,MIA_MinK,0.018181818181818184,0.9576852410216187,11,auss
9,Global_Coherence,MIA_Ref,0.46363636363636374,0.15090149929248603,11,auss
9,Global_Coherence,MIA_Hidden,0.16363636363636366,0.6306852146425357,11,auss
9,Global_Coherence,SPV_MIA,-0.5570834332722122,0.0750311232667093,11,auss
9,Batch_SecondMoment_TopEig,Steering,-0.06071428571428571,0.8298120954425188,15,auss
9,Batch_SecondMoment_TopEig,ICL,0.6326266278117372,0.011375242205590781,15,auss
9,Batch_SecondMoment_TopEig,GCG,-0.07838618016696204,0.781259871457538,15,auss
9,Batch_SecondMoment_TopEig,MIA,0.007142857142857141,0.9798442277615982,15,auss
9,Batch_SecondMoment_TopEig,MIA_MinK,0.018181818181818184,0.9576852410216187,11,auss
9,Batch_SecondMoment_TopEig,MIA_Ref,0.46363636363636374,0.15090149929248603,11,auss
9,Batch_SecondMoment_TopEig,MIA_Hidden,0.16363636363636366,0.6306852146425357,11,auss
9,Batch_SecondMoment_TopEig,SPV_MIA,-0.5570834332722122,0.0750311232667093,11,auss
9,AUSS_L2,Steering,0.06071428571428571,0.8298120954425188,15,auss
9,AUSS_L2,ICL,-0.6326266278117372,0.011375242205590781,15,auss
9,AUSS_L2,GCG,0.07838618016696204,0.781259871457538,15,auss
9,AUSS_L2,MIA,-0.007142857142857141,0.9798442277615982,15,auss
9,AUSS_L2,MIA_MinK,-0.018181818181818184,0.9576852410216187,11,auss
9,AUSS_L2,MIA_Ref,-0.46363636363636374,0.15090149929248603,11,auss
9,AUSS_L2,MIA_Hidden,-0.16363636363636366,0.6306852146425357,11,auss
9,AUSS_L2,SPV_MIA,0.5570834332722122,0.0750311232667093,11,auss
9,AUSS_Cos2,Steering,0.0964285714285714,0.7324528633867308,15,auss
9,AUSS_Cos2,ICL,-0.6179143806533246,0.01409245937056775,15,auss
9,AUSS_Cos2,GCG,0.1254178882671393,0.6560545216774095,15,auss
9,AUSS_Cos2,MIA,0.04285714285714285,0.8794603130258999,15,auss
9,AUSS_Cos2,MIA_MinK,-0.018181818181818184,0.9576852410216187,11,auss
9,AUSS_Cos2,MIA_Ref,-0.46363636363636374,0.15090149929248603,11,auss
9,AUSS_Cos2,MIA_Hidden,-0.16363636363636366,0.6306852146425357,11,auss
9,AUSS_Cos2,SPV_MIA,0.5570834332722122,0.0750311232667093,11,auss
9,AUSS_Jac,Steering,-0.1857142857142857,0.5075409629336737,15,auss
9,AUSS_Jac,ICL,-0.25010820169301234,0.36863221220301745,15,auss
9,AUSS_Jac,GCG,-0.021556199545914565,0.9392186423737299,15,auss
9,AUSS_Jac,MIA,-0.1464285714285714,0.602549920983054,15,auss
9,AUSS_Jac,MIA_MinK,-0.3090909090909091,0.3550284397015071,11,auss
9,AUSS_Jac,MIA_Ref,0.11818181818181818,0.72928477951978,11,auss
9,AUSS_Jac,MIA_Hidden,0.45454545454545453,0.16014543725525882,11,auss
9,AUSS_Jac,SPV_MIA,-0.1552527600922559,0.648521403528366,11,auss
9,Batch_Cov_Trace,Steering,0.06071428571428571,0.8298120954425188,15,auss
9,Batch_Cov_Trace,ICL,-0.6326266278117372,0.011375242205590781,15,auss
9,Batch_Cov_Trace,GCG,0.07838618016696204,0.781259871457538,15,auss
9,Batch_Cov_Trace,MIA,-0.007142857142857141,0.9798442277615982,15,auss
9,Batch_Cov_Trace,MIA_MinK,-0.018181818181818184,0.9576852410216187,11,auss
9,Batch_Cov_Trace,MIA_Ref,-0.46363636363636374,0.15090149929248603,11,auss
9,Batch_Cov_Trace,MIA_Hidden,-0.16363636363636366,0.6306852146425357,11,auss
9,Batch_Cov_Trace,SPV_MIA,0.5570834332722122,0.0750311232667093,11,auss
9,Batch_Cov_TopEig,Steering,0.06428571428571428,0.8199479653196377,15,auss
9,Batch_Cov_TopEig,ICL,-0.6326266278117372,0.011375242205590781,15,auss
9,Batch_Cov_TopEig,GCG,-0.076426525662788,0.7866103402749393,15,auss
9,Batch_Cov_TopEig,MIA,-0.15,0.5936302027425882,15,auss
9,Batch_Cov_TopEig,MIA_MinK,-0.09090909090909091,0.7903727377532903,11,auss
9,Batch_Cov_TopEig,MIA_Ref,-0.44545454545454555,0.16973260492681172,11,auss
9,Batch_Cov_TopEig,MIA_Hidden,-0.26363636363636367,0.4334407376116145,11,auss
9,Batch_Cov_TopEig,SPV_MIA,0.493155826175401,0.12322185658071347,11,auss
9,Reg_S_alpha_2,Steering,0.2857142857142857,0.34400021825867,13,entropy
9,Reg_S_alpha_2,ICL,-0.3922424210836904,0.18496131039595848,13,entropy
9,Reg_S_alpha_2,GCG,-0.03189829176462303,0.9176081366624986,13,entropy
9,Reg_S_alpha_2,MIA,0.21978021978021978,0.47061485147214255,13,entropy
9,Reg_S_alpha_2,MIA_MinK,-0.3666666666666667,0.33173980143301507,9,entropy
9,Reg_S_alpha_2,MIA_Ref,-0.16666666666666669,0.668231040071504,9,entropy
9,Reg_S_alpha_2,MIA_Hidden,0.6,0.0876228290414024,9,entropy
9,Reg_S_alpha_2,SPV_MIA,0.15,0.7000942309691419,9,entropy
9,Reg_MeanCos,Steering,-0.20329670329670327,0.5053147342962486,13,entropy
9,Reg_MeanCos,ICL,0.4881866104135141,0.0905380157343993,13,entropy
9,Reg_MeanCos,GCG,0.038277950117547636,0.9011960885975846,13,entropy
9,Reg_MeanCos,MIA,-0.40659340659340654,0.16797834614789645,13,entropy
9,Reg_MeanCos,MIA_MinK,0.06666666666666667,0.8646897846262037,9,entropy
9,Reg_MeanCos,MIA_Ref,0.0,1.0,9,entropy
9,Reg_MeanCos,MIA_Hidden,-0.15,0.7000942309691419,9,entropy
9,Reg_MeanCos,SPV_MIA,-0.8166666666666667,0.007224785246358786,9,entropy
9,Reg_MeanL2,Steering,-0.34615384615384615,0.24662526251007164,13,entropy
9,Reg_MeanL2,ICL,0.2539699129318859,0.40242752810523774,13,entropy
9,Reg_MeanL2,GCG,-0.1212135087055675,0.6932378912046793,13,entropy
9,Reg_MeanL2,MIA,-0.027472527472527472,0.929011729160351,13,entropy
9,Reg_MeanL2,MIA_MinK,0.6666666666666667,0.04986723056888511,9,entropy
9,Reg_MeanL2,MIA_Ref,0.31666666666666665,0.4063970144863861,9,entropy
9,Reg_MeanL2,MIA_Hidden,-0.5333333333333333,0.13922686754397814,9,entropy
9,Reg_MeanL2,SPV_MIA,0.41666666666666663,0.26458604674749614,9,entropy
9,AnonDiff_S_alpha_2,Steering,0.11538461538461539,0.7073898735142602,13,entropy
9,AnonDiff_S_alpha_2,ICL,-0.6687874373872996,0.012440734995768457,13,entropy
9,AnonDiff_S_alpha_2,GCG,-0.315793088469768,0.29321883967643325,13,entropy
9,AnonDiff_S_alpha_2,MIA,0.21428571428571427,0.4820544547023683,13,entropy
9,AnonDiff_S_alpha_2,MIA_MinK,-0.15,0.7000942309691419,9,entropy
9,AnonDiff_S_alpha_2,MIA_Ref,-0.2833333333333333,0.46003032896571994,9,entropy
9,AnonDiff_S_alpha_2,MIA_Hidden,0.18333333333333335,0.6368198117628943,9,entropy
9,AnonDiff_S_alpha_2,SPV_MIA,0.7333333333333334,0.02455415007146968,9,entropy
9,AnonDiff_MeanCos,Steering,0.04395604395604395,0.8866190227890784,13,entropy
9,AnonDiff_MeanCos,ICL,0.756265962952727,0.002776607242649395,13,entropy
9,AnonDiff_MeanCos,GCG,0.4146777929400994,0.15886817997626615,13,entropy
9,AnonDiff_MeanCos,MIA,-0.20329670329670327,0.5053147342962486,13,entropy
9,AnonDiff_MeanCos,MIA_MinK,-0.21666666666666667,0.5755148957119259,9,entropy
9,AnonDiff_MeanCos,MIA_Ref,0.35,0.35581957250178897,9,entropy
9,AnonDiff_MeanCos,MIA_Hidden,0.11666666666666665,0.7650079429261462,9,entropy
9,AnonDiff_MeanCos,SPV_MIA,-0.7666666666666667,0.01594401657897401,9,entropy
9,AnonDiff_MeanL2,Steering,-0.11538461538461539,0.7073898735142602,13,entropy
9,AnonDiff_MeanL2,ICL,0.3809548693978289,0.19905467420998807,13,entropy
9,AnonDiff_MeanL2,GCG,0.14673214211726593,0.6324038690587923,13,entropy
9,AnonDiff_MeanL2,MIA,-0.35714285714285715,0.23092986230203402,13,entropy
9,AnonDiff_MeanL2,MIA_MinK,0.45,0.22421610749233659,9,entropy
9,AnonDiff_MeanL2,MIA_Ref,-0.13333333333333333,0.7323675052362975,9,entropy
9,AnonDiff_MeanL2,MIA_Hidden,-0.6666666666666667,0.04986723056888511,9,entropy
9,AnonDiff_MeanL2,SPV_MIA,-0.18333333333333335,0.6368198117628943,9,entropy
9,NormAnonDiff_S_alpha_2,Steering,0.07692307692307691,0.8027630076692551,13,entropy
9,NormAnonDiff_S_alpha_2,ICL,-0.6010621272721299,0.02980366591348462,13,entropy
9,NormAnonDiff_S_alpha_2,GCG,-0.2615659924699088,0.388006540211546,13,entropy
9,NormAnonDiff_S_alpha_2,MIA,0.24725274725274726,0.4154051197255382,13,entropy
9,NormAnonDiff_S_alpha_2,MIA_MinK,-0.09999999999999999,0.797971695234851,9,entropy
9,NormAnonDiff_S_alpha_2,MIA_Ref,-0.3,0.4328453267094823,9,entropy
9,NormAnonDiff_S_alpha_2,MIA_Hidden,0.19999999999999998,0.6059012741795533,9,entropy
9,NormAnonDiff_S_alpha_2,SPV_MIA,0.6666666666666667,0.04986723056888511,9,entropy
9,NormAnonDiff_MeanCos,Steering,0.04395604395604395,0.8866190227890784,13,entropy
9,NormAnonDiff_MeanCos,ICL,0.756265962952727,0.002776607242649395,13,entropy
9,NormAnonDiff_MeanCos,GCG,0.4146777929400994,0.15886817997626615,13,entropy
9,NormAnonDiff_MeanCos,MIA,-0.20329670329670327,0.5053147342962486,13,entropy
9,NormAnonDiff_MeanCos,MIA_MinK,-0.21666666666666667,0.5755148957119259,9,entropy
9,NormAnonDiff_MeanCos,MIA_Ref,0.35,0.35581957250178897,9,entropy
9,NormAnonDiff_MeanCos,MIA_Hidden,0.11666666666666665,0.7650079429261462,9,entropy
9,NormAnonDiff_MeanCos,SPV_MIA,-0.7666666666666667,0.01594401657897401,9,entropy
10,Centroid_Norm,Steering,-0.021428571428571425,0.9395779040128779,15,auss
10,Centroid_Norm,ICL,0.6215924424429278,0.013370462109980281,15,auss
10,Centroid_Norm,GCG,0.047031708100177226,0.8678097732959495,15,auss
10,Centroid_Norm,MIA,-0.049999999999999996,0.859540943467457,15,auss
10,Centroid_Norm,MIA_MinK,0.0,1.0,11,auss
10,Centroid_Norm,MIA_Ref,0.4000000000000001,0.22286835013352002,11,auss
10,Centroid_Norm,MIA_Hidden,0.15454545454545454,0.65003396549758,11,auss
10,Centroid_Norm,SPV_MIA,-0.5662159485717567,0.06938760597963257,11,auss
10,Global_Coherence,Steering,-0.021428571428571425,0.9395779040128779,15,auss
10,Global_Coherence,ICL,0.6215924424429278,0.013370462109980281,15,auss
10,Global_Coherence,GCG,0.047031708100177226,0.8678097732959495,15,auss
10,Global_Coherence,MIA,-0.049999999999999996,0.859540943467457,15,auss
10,Global_Coherence,MIA_MinK,0.0,1.0,11,auss
10,Global_Coherence,MIA_Ref,0.4000000000000001,0.22286835013352002,11,auss
10,Global_Coherence,MIA_Hidden,0.15454545454545454,0.65003396549758,11,auss
10,Global_Coherence,SPV_MIA,-0.5662159485717567,0.06938760597963257,11,auss
10,Batch_SecondMoment_TopEig,Steering,0.010714285714285713,0.9697698761545686,15,auss
10,Batch_SecondMoment_TopEig,ICL,0.6215924424429278,0.013370462109980281,15,auss
10,Batch_SecondMoment_TopEig,GCG,0.07054756215026584,0.8027141250412722,15,auss
10,Batch_SecondMoment_TopEig,MIA,-0.0964285714285714,0.7324528633867308,15,auss
10,Batch_SecondMoment_TopEig,MIA_MinK,-0.07272727272727274,0.831716405381337,11,auss
10,Batch_SecondMoment_TopEig,MIA_Ref,0.3090909090909091,0.3550284397015071,11,auss
10,Batch_SecondMoment_TopEig,MIA_Hidden,0.16363636363636366,0.6306852146425357,11,auss
10,Batch_SecondMoment_TopEig,SPV_MIA,-0.6210110403690235,0.041436441273795234,11,auss
10,AUSS_L2,Steering,0.021428571428571425,0.9395779040128779,15,auss
10,AUSS_L2,ICL,-0.6215924424429278,0.013370462109980281,15,auss
10,AUSS_L2,GCG,-0.047031708100177226,0.8678097732959495,15,auss
10,AUSS_L2,MIA,0.049999999999999996,0.859540943467457,15,auss
10,AUSS_L2,MIA_MinK,0.0,1.0,11,auss
10,AUSS_L2,MIA_Ref,-0.4000000000000001,0.22286835013352002,11,auss
10,AUSS_L2,MIA_Hidden,-0.15454545454545454,0.65003396549758,11,auss
10,AUSS_L2,SPV_MIA,0.5662159485717567,0.06938760597963257,11,auss
10,AUSS_Cos2,Steering,-0.010714285714285713,0.9697698761545686,15,auss
10,AUSS_Cos2,ICL,-0.6215924424429278,0.013370462109980281,15,auss
10,AUSS_Cos2,GCG,-0.07054756215026584,0.8027141250412722,15,auss
10,AUSS_Cos2,MIA,0.0964285714285714,0.7324528633867308,15,auss
10,AUSS_Cos2,MIA_MinK,0.07272727272727274,0.831716405381337,11,auss
10,AUSS_Cos2,MIA_Ref,-0.3090909090909091,0.3550284397015071,11,auss
10,AUSS_Cos2,MIA_Hidden,-0.16363636363636366,0.6306852146425357,11,auss
10,AUSS_Cos2,SPV_MIA,0.6210110403690235,0.041436441273795234,11,auss
10,AUSS_Jac,Steering,-0.1357142857142857,0.6296204418728145,15,auss
10,AUSS_Jac,ICL,-0.30160106674745607,0.27463488179428813,15,auss
10,AUSS_Jac,GCG,0.05095101710852533,0.8568944988039109,15,auss
10,AUSS_Jac,MIA,-0.028571428571428564,0.9194899083821857,15,auss
10,AUSS_Jac,MIA_MinK,-0.3454545454545455,0.2980892209030388,11,auss
10,AUSS_Jac,MIA_Ref,0.14545454545454548,0.6695786456420787,11,auss
10,AUSS_Jac,MIA_Hidden,0.4000000000000001,0.22286835013352002,11,auss
10,AUSS_Jac,SPV_MIA,-0.03653006119817785,0.915082643506121,11,auss
10,Batch_Cov_Trace,Steering,0.021428571428571425,0.9395779040128779,15,auss
10,Batch_Cov_Trace,ICL,-0.6215924424429278,0.013370462109980281,15,auss
10,Batch_Cov_Trace,GCG,-0.047031708100177226,0.8678097732959495,15,auss
10,Batch_Cov_Trace,MIA,0.049999999999999996,0.859540943467457,15,auss
10,Batch_Cov_Trace,MIA_MinK,0.0,1.0,11,auss
10,Batch_Cov_Trace,MIA_Ref,-0.4000000000000001,0.22286835013352002,11,auss
10,Batch_Cov_Trace,MIA_Hidden,-0.15454545454545454,0.65003396549758,11,auss
10,Batch_Cov_Trace,SPV_MIA,0.5662159485717567,0.06938760597963257,11,auss
10,Batch_Cov_TopEig,Steering,0.035714285714285705,0.8994469934720875,15,auss
10,Batch_Cov_TopEig,ICL,-0.628948566022134,0.012012645782413647,15,auss
10,Batch_Cov_TopEig,GCG,-0.19400579591323105,0.4884204316611057,15,auss
10,Batch_Cov_TopEig,MIA,-0.21428571428571427,0.44314093482351424,15,auss
10,Batch_Cov_TopEig,MIA_MinK,-0.06363636363636364,0.8525390725425217,11,auss
10,Batch_Cov_TopEig,MIA_Ref,-0.45454545454545453,0.16014543725525882,11,auss
10,Batch_Cov_TopEig,MIA_Hidden,-0.2545454545454546,0.4500365768888285,11,auss
10,Batch_Cov_TopEig,SPV_MIA,0.44749324967767873,0.16755265305915112,11,auss
10,Reg_S_alpha_2,Steering,0.34065934065934067,0.2547064607541252,13,entropy
10,Reg_S_alpha_2,ICL,-0.40917374861248285,0.16503501143272298,13,entropy
10,Reg_S_alpha_2,GCG,-0.015949145882311513,0.9587569028426022,13,entropy
10,Reg_S_alpha_2,MIA,0.15384615384615383,0.6157988686488814,13,entropy
10,Reg_S_alpha_2,MIA_MinK,-0.11666666666666665,0.7650079429261462,9,entropy
10,Reg_S_alpha_2,MIA_Ref,-0.25,0.5164895523012263,9,entropy
10,Reg_S_alpha_2,MIA_Hidden,0.5,0.17047066078705375,9,entropy
10,Reg_S_alpha_2,SPV_MIA,0.16666666666666669,0.668231040071504,9,entropy
10,Reg_MeanCos,Steering,-0.18131868131868134,0.5532950092839335,13,entropy
10,Reg_MeanCos,ICL,0.5079398258637718,0.07636917915609609,13,entropy
10,Reg_MeanCos,GCG,0.07655590023509527,0.8036879436515951,13,entropy
10,Reg_MeanCos,MIA,-0.4010989010989011,0.17435746494503282,13,entropy
10,Reg_MeanCos,MIA_MinK,-0.016666666666666666,0.9660548039946861,9,entropy
10,Reg_MeanCos,MIA_Ref,0.049999999999999996,0.8983528043506301,9,entropy
10,Reg_MeanCos,MIA_Hidden,-0.18333333333333335,0.6368198117628943,9,entropy
10,Reg_MeanCos,SPV_MIA,-0.8333333333333333,0.005265691029161748,9,entropy
10,Reg_MeanL2,Steering,-0.3021978021978022,0.3156083662499549,13,entropy
10,Reg_MeanL2,ICL,0.2962982317538669,0.32561416542433474,13,entropy
10,Reg_MeanL2,GCG,-0.08293555858801988,0.7876517015927583,13,entropy
10,Reg_MeanL2,MIA,-0.06593406593406594,0.8305423857560938,13,entropy
10,Reg_MeanL2,MIA_MinK,0.6666666666666667,0.04986723056888511,9,entropy
10,Reg_MeanL2,MIA_Ref,0.31666666666666665,0.4063970144863861,9,entropy
10,Reg_MeanL2,MIA_Hidden,-0.5333333333333333,0.13922686754397814,9,entropy
10,Reg_MeanL2,SPV_MIA,0.41666666666666663,0.26458604674749614,9,entropy
10,AnonDiff_S_alpha_2,Steering,0.10989010989010989,0.7208097995138618,13,entropy
10,AnonDiff_S_alpha_2,ICL,-0.6631436615443688,0.01348533426775929,13,entropy
10,AnonDiff_S_alpha_2,GCG,-0.35407103858731565,0.23525456224304903,13,entropy
10,AnonDiff_S_alpha_2,MIA,0.15384615384615383,0.6157988686488814,13,entropy
10,AnonDiff_S_alpha_2,MIA_MinK,-0.2333333333333333,0.5456987782182727,9,entropy
10,AnonDiff_S_alpha_2,MIA_Ref,-0.35,0.35581957250178897,9,entropy
10,AnonDiff_S_alpha_2,MIA_Hidden,0.25,0.5164895523012263,9,entropy
10,AnonDiff_S_alpha_2,SPV_MIA,0.75,0.019942126131992522,9,entropy
10,AnonDiff_MeanCos,Steering,0.005494505494505494,0.9857869107140623,13,entropy
10,AnonDiff_MeanCos,ICL,0.7929505059317772,0.0012220068892818585,13,entropy
10,AnonDiff_MeanCos,GCG,0.4306269388224109,0.14184831433653405,13,entropy
10,AnonDiff_MeanCos,MIA,-0.18131868131868134,0.5532950092839335,13,entropy
10,AnonDiff_MeanCos,MIA_MinK,0.0,1.0,9,entropy
10,AnonDiff_MeanCos,MIA_Ref,0.43333333333333335,0.2439524358800516,9,entropy
10,AnonDiff_MeanCos,MIA_Hidden,-0.049999999999999996,0.8983528043506301,9,entropy
10,AnonDiff_MeanCos,SPV_MIA,-0.7999999999999999,0.00962792472537983,9,entropy
10,AnonDiff_MeanL2,Steering,-0.11538461538461539,0.7073898735142602,13,entropy
10,AnonDiff_MeanL2,ICL,0.3809548693978289,0.19905467420998807,13,entropy
10,AnonDiff_MeanL2,GCG,0.14673214211726593,0.6324038690587923,13,entropy
10,AnonDiff_MeanL2,MIA,-0.35714285714285715,0.23092986230203402,13,entropy
10,AnonDiff_MeanL2,MIA_MinK,0.45,0.22421610749233659,9,entropy
10,AnonDiff_MeanL2,MIA_Ref,-0.13333333333333333,0.7323675052362975,9,entropy
10,AnonDiff_MeanL2,MIA_Hidden,-0.6666666666666667,0.04986723056888511,9,entropy
10,AnonDiff_MeanL2,SPV_MIA,-0.18333333333333335,0.6368198117628943,9,entropy
10,NormAnonDiff_S_alpha_2,Steering,0.08241758241758242,0.788950927847518,13,entropy
10,NormAnonDiff_S_alpha_2,ICL,-0.6010621272721299,0.02980366591348462,13,entropy
10,NormAnonDiff_S_alpha_2,GCG,-0.2615659924699088,0.388006540211546,13,entropy
10,NormAnonDiff_S_alpha_2,MIA,0.23626373626373626,0.4370835438311814,13,entropy
10,NormAnonDiff_S_alpha_2,MIA_MinK,-0.18333333333333335,0.6368198117628943,9,entropy
10,NormAnonDiff_S_alpha_2,MIA_Ref,-0.3666666666666667,0.33173980143301507,9,entropy
10,NormAnonDiff_S_alpha_2,MIA_Hidden,0.26666666666666666,0.4879222748387009,9,entropy
10,NormAnonDiff_S_alpha_2,SPV_MIA,0.6833333333333333,0.04244227208707231,9,entropy
10,NormAnonDiff_MeanCos,Steering,0.005494505494505494,0.9857869107140623,13,entropy
10,NormAnonDiff_MeanCos,ICL,0.7929505059317772,0.0012220068892818585,13,entropy
10,NormAnonDiff_MeanCos,GCG,0.4306269388224109,0.14184831433653405,13,entropy
10,NormAnonDiff_MeanCos,MIA,-0.18131868131868134,0.5532950092839335,13,entropy
10,NormAnonDiff_MeanCos,MIA_MinK,0.0,1.0,9,entropy
10,NormAnonDiff_MeanCos,MIA_Ref,0.43333333333333335,0.2439524358800516,9,entropy
10,NormAnonDiff_MeanCos,MIA_Hidden,-0.049999999999999996,0.8983528043506301,9,entropy
10,NormAnonDiff_MeanCos,SPV_MIA,-0.7999999999999999,0.00962792472537983,9,entropy
11,Centroid_Norm,Steering,0.035714285714285705,0.8994469934720875,15,auss
11,Centroid_Norm,ICL,0.7025098018141964,0.003494825017191887,15,auss
11,Centroid_Norm,GCG,-0.01959654504174051,0.9447360532044293,15,auss
11,Centroid_Norm,MIA,0.010714285714285713,0.9697698761545686,15,auss
11,Centroid_Norm,MIA_MinK,-0.05454545454545456,0.8734465775233149,11,auss
11,Centroid_Norm,MIA_Ref,0.3272727272727273,0.32589494101284167,11,auss
11,Centroid_Norm,MIA_Hidden,0.10909090909090911,0.7495085962341482,11,auss
11,Centroid_Norm,SPV_MIA,-0.7032036780649236,0.015775201823779277,11,auss
11,Global_Coherence,Steering,0.035714285714285705,0.8994469934720875,15,auss
11,Global_Coherence,ICL,0.7025098018141964,0.003494825017191887,15,auss
11,Global_Coherence,GCG,-0.01959654504174051,0.9447360532044293,15,auss
11,Global_Coherence,MIA,0.010714285714285713,0.9697698761545686,15,auss
11,Global_Coherence,MIA_MinK,-0.05454545454545456,0.8734465775233149,11,auss
11,Global_Coherence,MIA_Ref,0.3272727272727273,0.32589494101284167,11,auss
11,Global_Coherence,MIA_Hidden,0.10909090909090911,0.7495085962341482,11,auss
11,Global_Coherence,SPV_MIA,-0.7032036780649236,0.015775201823779277,11,auss
11,Batch_SecondMoment_TopEig,Steering,0.06428571428571428,0.8199479653196377,15,auss
11,Batch_SecondMoment_TopEig,ICL,0.691475616445387,0.0042981543964958025,15,auss
11,Batch_SecondMoment_TopEig,GCG,-0.02939481756261077,0.9171769613520624,15,auss
11,Batch_SecondMoment_TopEig,MIA,-0.035714285714285705,0.8994469934720875,15,auss
11,Batch_SecondMoment_TopEig,MIA_MinK,-0.05454545454545456,0.8734465775233149,11,auss
11,Batch_SecondMoment_TopEig,MIA_Ref,0.3272727272727273,0.32589494101284167,11,auss
11,Batch_SecondMoment_TopEig,MIA_Hidden,0.10909090909090911,0.7495085962341482,11,auss
11,Batch_SecondMoment_TopEig,SPV_MIA,-0.7032036780649236,0.015775201823779277,11,auss
11,AUSS_L2,Steering,-0.035714285714285705,0.8994469934720875,15,auss
11,AUSS_L2,ICL,-0.7025098018141964,0.003494825017191887,15,auss
11,AUSS_L2,GCG,0.01959654504174051,0.9447360532044293,15,auss
11,AUSS_L2,MIA,-0.010714285714285713,0.9697698761545686,15,auss
11,AUSS_L2,MIA_MinK,0.05454545454545456,0.8734465775233149,11,auss
11,AUSS_L2,MIA_Ref,-0.3272727272727273,0.32589494101284167,11,auss
11,AUSS_L2,MIA_Hidden,-0.10909090909090911,0.7495085962341482,11,auss
11,AUSS_L2,SPV_MIA,0.7032036780649236,0.015775201823779277,11,auss
11,AUSS_Cos2,Steering,-0.05357142857142857,0.8496099367776071,15,auss
11,AUSS_Cos2,ICL,-0.6730853074973715,0.005956596397740163,15,auss
11,AUSS_Cos2,GCG,0.05291067161269938,0.8514457535872686,15,auss
11,AUSS_Cos2,MIA,0.039285714285714285,0.8894459296739485,15,auss
11,AUSS_Cos2,MIA_MinK,0.05454545454545456,0.8734465775233149,11,auss
11,AUSS_Cos2,MIA_Ref,-0.3272727272727273,0.32589494101284167,11,auss
11,AUSS_Cos2,MIA_Hidden,-0.10909090909090911,0.7495085962341482,11,auss
11,AUSS_Cos2,SPV_MIA,0.7032036780649236,0.015775201823779277,11,auss
11,AUSS_Jac,Steering,-0.13928571428571426,0.6205460876279014,15,auss
11,AUSS_Jac,ICL,-0.1581566569529343,0.5734614238601516,15,auss
11,AUSS_Jac,GCG,0.04311239909182913,0.8787472516164259,15,auss
11,AUSS_Jac,MIA,-0.04642857142857142,0.8694915255450946,15,auss
11,AUSS_Jac,MIA_MinK,-0.26363636363636367,0.4334407376116145,11,auss
11,AUSS_Jac,MIA_Ref,0.27272727272727276,0.41714143714253127,11,auss
11,AUSS_Jac,MIA_Hidden,0.28181818181818186,0.4011448979604785,11,auss
11,AUSS_Jac,SPV_MIA,-0.04566257649772231,0.8939461664563255,11,auss
11,Batch_Cov_Trace,Steering,-0.035714285714285705,0.8994469934720875,15,auss
11,Batch_Cov_Trace,ICL,-0.7025098018141964,0.003494825017191887,15,auss
11,Batch_Cov_Trace,GCG,0.01959654504174051,0.9447360532044293,15,auss
11,Batch_Cov_Trace,MIA,-0.010714285714285713,0.9697698761545686,15,auss
11,Batch_Cov_Trace,MIA_MinK,0.05454545454545456,0.8734465775233149,11,auss
11,Batch_Cov_Trace,MIA_Ref,-0.3272727272727273,0.32589494101284167,11,auss
11,Batch_Cov_Trace,MIA_Hidden,-0.10909090909090911,0.7495085962341482,11,auss
11,Batch_Cov_Trace,SPV_MIA,0.7032036780649236,0.015775201823779277,11,auss
11,Batch_Cov_TopEig,Steering,0.06071428571428571,0.8298120954425188,15,auss
11,Batch_Cov_TopEig,ICL,-0.6730853074973715,0.005956596397740163,15,auss
11,Batch_Cov_TopEig,GCG,-0.17048994186314245,0.5435223149619669,15,auss
11,Batch_Cov_TopEig,MIA,-0.18214285714285713,0.5158816817070392,15,auss
11,Batch_Cov_TopEig,MIA_MinK,-0.09090909090909091,0.7903727377532903,11,auss
11,Batch_Cov_TopEig,MIA_Ref,-0.44545454545454555,0.16973260492681172,11,auss
11,Batch_Cov_TopEig,MIA_Hidden,-0.26363636363636367,0.4334407376116145,11,auss
11,Batch_Cov_TopEig,SPV_MIA,0.493155826175401,0.12322185658071347,11,auss
11,Reg_S_alpha_2,Steering,0.2912087912087912,0.3343858561975295,13,entropy
11,Reg_S_alpha_2,ICL,-0.3216952230470555,0.28379113692752955,13,entropy
11,Reg_S_alpha_2,GCG,0.006379658352924605,0.9834974731813249,13,entropy
11,Reg_S_alpha_2,MIA,0.20329670329670327,0.5053147342962486,13,entropy
11,Reg_S_alpha_2,MIA_MinK,-0.41666666666666663,0.26458604674749614,9,entropy
11,Reg_S_alpha_2,MIA_Ref,-0.06666666666666667,0.8646897846262037,9,entropy
11,Reg_S_alpha_2,MIA_Hidden,0.65,0.05807305801714863,9,entropy
11,Reg_S_alpha_2,SPV_MIA,-0.06666666666666667,0.8646897846262037,9,entropy
11,Reg_MeanCos,Steering,-0.16483516483516483,0.590478988652005,13,entropy
11,Reg_MeanCos,ICL,0.45996773119886,0.1137643934444581,13,entropy
11,Reg_MeanCos,GCG,0.09250504611740677,0.7637429110636831,13,entropy
11,Reg_MeanCos,MIA,-0.4450549450549451,0.12752383613843676,13,entropy
11,Reg_MeanCos,MIA_MinK,0.18333333333333335,0.6368198117628943,9,entropy
11,Reg_MeanCos,MIA_Ref,-0.13333333333333333,0.7323675052362975,9,entropy
11,Reg_MeanCos,MIA_Hidden,-0.39999999999999997,0.2861051019083129,9,entropy
11,Reg_MeanCos,SPV_MIA,-0.6833333333333333,0.04244227208707231,9,entropy
11,Reg_MeanL2,Steering,-0.3021978021978022,0.3156083662499549,13,entropy
11,Reg_MeanL2,ICL,0.2962982317538669,0.32561416542433474,13,entropy
11,Reg_MeanL2,GCG,-0.08293555858801988,0.7876517015927583,13,entropy
11,Reg_MeanL2,MIA,-0.06593406593406594,0.8305423857560938,13,entropy
11,Reg_MeanL2,MIA_MinK,0.6666666666666667,0.04986723056888511,9,entropy
11,Reg_MeanL2,MIA_Ref,0.31666666666666665,0.4063970144863861,9,entropy
11,Reg_MeanL2,MIA_Hidden,-0.5333333333333333,0.13922686754397814,9,entropy
11,Reg_MeanL2,SPV_MIA,0.41666666666666663,0.26458604674749614,9,entropy
11,AnonDiff_S_alpha_2,Steering,0.08241758241758242,0.788950927847518,13,entropy
11,AnonDiff_S_alpha_2,ICL,-0.643390446094111,0.017667540028056657,13,entropy
11,AnonDiff_S_alpha_2,GCG,-0.35407103858731565,0.23525456224304903,13,entropy
11,AnonDiff_S_alpha_2,MIA,0.16483516483516483,0.590478988652005,13,entropy
11,AnonDiff_S_alpha_2,MIA_MinK,-0.2833333333333333,0.46003032896571994,9,entropy
11,AnonDiff_S_alpha_2,MIA_Ref,-0.33333333333333337,0.38071318167686347,9,entropy
11,AnonDiff_S_alpha_2,MIA_Hidden,0.19999999999999998,0.6059012741795533,9,entropy
11,AnonDiff_S_alpha_2,SPV_MIA,0.7833333333333333,0.012519873019449882,9,entropy
11,AnonDiff_MeanCos,Steering,0.06043956043956044,0.8445023706449684,13,entropy
11,AnonDiff_MeanCos,ICL,0.8155256093035003,0.0006784097344522052,13,entropy
11,AnonDiff_MeanCos,GCG,0.5071828390575062,0.0768816747617425,13,entropy
11,AnonDiff_MeanCos,MIA,-0.26373626373626374,0.3839365166506743,13,entropy
11,AnonDiff_MeanCos,MIA_MinK,0.15,0.7000942309691419,9,entropy
11,AnonDiff_MeanCos,MIA_Ref,0.35,0.35581957250178897,9,entropy
11,AnonDiff_MeanCos,MIA_Hidden,-0.03333333333333333,0.932156735540504,9,entropy
11,AnonDiff_MeanCos,SPV_MIA,-0.8666666666666667,0.0024953982859902053,9,entropy
11,AnonDiff_MeanL2,Steering,-0.11538461538461539,0.7073898735142602,13,entropy
11,AnonDiff_MeanL2,ICL,0.3809548693978289,0.19905467420998807,13,entropy
11,AnonDiff_MeanL2,GCG,0.14673214211726593,0.6324038690587923,13,entropy
11,AnonDiff_MeanL2,MIA,-0.35714285714285715,0.23092986230203402,13,entropy
11,AnonDiff_MeanL2,MIA_MinK,0.45,0.22421610749233659,9,entropy
11,AnonDiff_MeanL2,MIA_Ref,-0.13333333333333333,0.7323675052362975,9,entropy
11,AnonDiff_MeanL2,MIA_Hidden,-0.6666666666666667,0.04986723056888511,9,entropy
11,AnonDiff_MeanL2,SPV_MIA,-0.18333333333333335,0.6368198117628943,9,entropy
11,NormAnonDiff_S_alpha_2,Steering,0.1043956043956044,0.7343037452877026,13,entropy
11,NormAnonDiff_S_alpha_2,ICL,-0.6264591185653187,0.02196510640238996,13,entropy
11,NormAnonDiff_S_alpha_2,GCG,-0.27751513835222036,0.35862403115587294,13,entropy
11,NormAnonDiff_S_alpha_2,MIA,0.21978021978021978,0.47061485147214255,13,entropy
11,NormAnonDiff_S_alpha_2,MIA_MinK,-0.2833333333333333,0.46003032896571994,9,entropy
11,NormAnonDiff_S_alpha_2,MIA_Ref,-0.33333333333333337,0.38071318167686347,9,entropy
11,NormAnonDiff_S_alpha_2,MIA_Hidden,0.19999999999999998,0.6059012741795533,9,entropy
11,NormAnonDiff_S_alpha_2,SPV_MIA,0.7833333333333333,0.012519873019449882,9,entropy
11,NormAnonDiff_MeanCos,Steering,0.06043956043956044,0.8445023706449684,13,entropy
11,NormAnonDiff_MeanCos,ICL,0.8155256093035003,0.0006784097344522052,13,entropy
11,NormAnonDiff_MeanCos,GCG,0.5071828390575062,0.0768816747617425,13,entropy
11,NormAnonDiff_MeanCos,MIA,-0.26373626373626374,0.3839365166506743,13,entropy
11,NormAnonDiff_MeanCos,MIA_MinK,0.15,0.7000942309691419,9,entropy
11,NormAnonDiff_MeanCos,MIA_Ref,0.35,0.35581957250178897,9,entropy
11,NormAnonDiff_MeanCos,MIA_Hidden,-0.03333333333333333,0.932156735540504,9,entropy
11,NormAnonDiff_MeanCos,SPV_MIA,-0.8666666666666667,0.0024953982859902053,9,entropy
12,Centroid_Norm,Steering,0.16428571428571426,0.5584973732486012,15,auss
12,Centroid_Norm,ICL,0.7466465432894339,0.0013844532841160908,15,auss
12,Centroid_Norm,GCG,0.0881844526878323,0.7546481282736399,15,auss
12,Centroid_Norm,MIA,-0.021428571428571425,0.9395779040128779,15,auss
12,Centroid_Norm,MIA_MinK,0.20000000000000004,0.5554454421055854,11,auss
12,Centroid_Norm,MIA_Ref,0.22727272727272727,0.501535667604937,11,auss
12,Centroid_Norm,MIA_Hidden,-0.06363636363636364,0.8525390725425217,11,auss
12,Centroid_Norm,SPV_MIA,-0.6164447827192512,0.043399903243230564,11,auss
12,Global_Coherence,Steering,0.16428571428571426,0.5584973732486012,15,auss
12,Global_Coherence,ICL,0.7466465432894339,0.0013844532841160908,15,auss
12,Global_Coherence,GCG,0.0881844526878323,0.7546481282736399,15,auss
12,Global_Coherence,MIA,-0.021428571428571425,0.9395779040128779,15,auss
12,Global_Coherence,MIA_MinK,0.20000000000000004,0.5554454421055854,11,auss
12,Global_Coherence,MIA_Ref,0.22727272727272727,0.501535667604937,11,auss
12,Global_Coherence,MIA_Hidden,-0.06363636363636364,0.8525390725425217,11,auss
12,Global_Coherence,SPV_MIA,-0.6164447827192512,0.043399903243230564,11,auss
12,Batch_SecondMoment_TopEig,Steering,0.1464285714285714,0.602549920983054,15,auss
12,Batch_SecondMoment_TopEig,ICL,0.7760710376062588,0.0006704585522463136,15,auss
12,Batch_SecondMoment_TopEig,GCG,0.0646685986377437,0.8188919146093059,15,auss
12,Batch_SecondMoment_TopEig,MIA,-0.08928571428571427,0.751672517350277,15,auss
12,Batch_SecondMoment_TopEig,MIA_MinK,0.20000000000000004,0.5554454421055854,11,auss
12,Batch_SecondMoment_TopEig,MIA_Ref,0.22727272727272727,0.501535667604937,11,auss
12,Batch_SecondMoment_TopEig,MIA_Hidden,-0.06363636363636364,0.8525390725425217,11,auss
12,Batch_SecondMoment_TopEig,SPV_MIA,-0.6164447827192512,0.043399903243230564,11,auss
12,AUSS_L2,Steering,-0.16428571428571426,0.5584973732486012,15,auss
12,AUSS_L2,ICL,-0.7466465432894339,0.0013844532841160908,15,auss
12,AUSS_L2,GCG,-0.0881844526878323,0.7546481282736399,15,auss
12,AUSS_L2,MIA,0.021428571428571425,0.9395779040128779,15,auss
12,AUSS_L2,MIA_MinK,-0.20000000000000004,0.5554454421055854,11,auss
12,AUSS_L2,MIA_Ref,-0.22727272727272727,0.501535667604937,11,auss
12,AUSS_L2,MIA_Hidden,0.06363636363636364,0.8525390725425217,11,auss
12,AUSS_L2,SPV_MIA,0.6164447827192512,0.043399903243230564,11,auss
12,AUSS_Cos2,Steering,-0.1464285714285714,0.602549920983054,15,auss
12,AUSS_Cos2,ICL,-0.7760710376062588,0.0006704585522463136,15,auss
12,AUSS_Cos2,GCG,-0.0646685986377437,0.8188919146093059,15,auss
12,AUSS_Cos2,MIA,0.08928571428571427,0.751672517350277,15,auss
12,AUSS_Cos2,MIA_MinK,-0.20000000000000004,0.5554454421055854,11,auss
12,AUSS_Cos2,MIA_Ref,-0.22727272727272727,0.501535667604937,11,auss
12,AUSS_Cos2,MIA_Hidden,0.06363636363636364,0.8525390725425217,11,auss
12,AUSS_Cos2,SPV_MIA,0.6164447827192512,0.043399903243230564,11,auss
12,AUSS_Jac,Steering,-0.125,0.6571356681869504,15,auss
12,AUSS_Jac,ICL,-0.022068370737618737,0.9377770367203228,15,auss
12,AUSS_Jac,GCG,0.15481270582975004,0.5816953501783709,15,auss
12,AUSS_Jac,MIA,-0.010714285714285713,0.9697698761545686,15,auss
12,AUSS_Jac,MIA_MinK,-0.23636363636363636,0.4840911622253965,11,auss
12,AUSS_Jac,MIA_Ref,0.33636363636363636,0.31182431390038623,11,auss
12,AUSS_Jac,MIA_Hidden,0.45454545454545453,0.16014543725525882,11,auss
12,AUSS_Jac,SPV_MIA,-0.02739754589863339,0.93626860357676,11,auss
12,Batch_Cov_Trace,Steering,-0.16428571428571426,0.5584973732486012,15,auss
12,Batch_Cov_Trace,ICL,-0.7466465432894339,0.0013844532841160908,15,auss
12,Batch_Cov_Trace,GCG,-0.0881844526878323,0.7546481282736399,15,auss
12,Batch_Cov_Trace,MIA,0.021428571428571425,0.9395779040128779,15,auss
12,Batch_Cov_Trace,MIA_MinK,-0.20000000000000004,0.5554454421055854,11,auss
12,Batch_Cov_Trace,MIA_Ref,-0.22727272727272727,0.501535667604937,11,auss
12,Batch_Cov_Trace,MIA_Hidden,0.06363636363636364,0.8525390725425217,11,auss
12,Batch_Cov_Trace,SPV_MIA,0.6164447827192512,0.043399903243230564,11,auss
12,Batch_Cov_TopEig,Steering,0.017857142857142853,0.9496353041738621,15,auss
12,Batch_Cov_TopEig,ICL,-0.6546949985493559,0.008083374921992079,15,auss
12,Batch_Cov_TopEig,GCG,-0.19400579591323105,0.4884204316611057,15,auss
12,Batch_Cov_TopEig,MIA,-0.1714285714285714,0.5412721760996331,15,auss
12,Batch_Cov_TopEig,MIA_MinK,-0.11818181818181818,0.72928477951978,11,auss
12,Batch_Cov_TopEig,MIA_Ref,-0.45454545454545453,0.16014543725525882,11,auss
12,Batch_Cov_TopEig,MIA_Hidden,-0.15454545454545454,0.65003396549758,11,auss
12,Batch_Cov_TopEig,SPV_MIA,0.42922821907858977,0.18770338571200482,11,auss
12,Reg_S_alpha_2,Steering,0.33516483516483514,0.2629431403593601,13,entropy
12,Reg_S_alpha_2,ICL,-0.3216952230470555,0.28379113692752955,13,entropy
12,Reg_S_alpha_2,GCG,0.04465760847047224,0.8848201238017703,13,entropy
12,Reg_S_alpha_2,MIA,0.14285714285714285,0.6415164215860882,13,entropy
12,Reg_S_alpha_2,MIA_MinK,-0.5166666666666667,0.1543901209862251,9,entropy
12,Reg_S_alpha_2,MIA_Ref,-0.19999999999999998,0.6059012741795533,9,entropy
12,Reg_S_alpha_2,MIA_Hidden,0.6666666666666667,0.04986723056888511,9,entropy
12,Reg_S_alpha_2,SPV_MIA,-0.15,0.7000942309691419,9,entropy
12,Reg_MeanCos,Steering,-0.13186813186813187,0.6676075762175147,13,entropy
12,Reg_MeanCos,ICL,0.38659864524075965,0.1919266519551792,13,entropy
12,Reg_MeanCos,GCG,0.1307829962349544,0.6702033346905142,13,entropy
12,Reg_MeanCos,MIA,-0.39010989010989006,0.1875741161338378,13,entropy
12,Reg_MeanCos,MIA_MinK,0.31666666666666665,0.4063970144863861,9,entropy
12,Reg_MeanCos,MIA_Ref,-0.18333333333333335,0.6368198117628943,9,entropy
12,Reg_MeanCos,MIA_Hidden,-0.5666666666666667,0.11163298761149111,9,entropy
12,Reg_MeanCos,SPV_MIA,-0.35,0.35581957250178897,9,entropy
12,Reg_MeanL2,Steering,-0.3021978021978022,0.3156083662499549,13,entropy
12,Reg_MeanL2,ICL,0.2962982317538669,0.32561416542433474,13,entropy
12,Reg_MeanL2,GCG,-0.08293555858801988,0.7876517015927583,13,entropy
12,Reg_MeanL2,MIA,-0.06593406593406594,0.8305423857560938,13,entropy
12,Reg_MeanL2,MIA_MinK,0.6666666666666667,0.04986723056888511,9,entropy
12,Reg_MeanL2,MIA_Ref,0.31666666666666665,0.4063970144863861,9,entropy
12,Reg_MeanL2,MIA_Hidden,-0.5333333333333333,0.13922686754397814,9,entropy
12,Reg_MeanL2,SPV_MIA,0.41666666666666663,0.26458604674749614,9,entropy
12,AnonDiff_S_alpha_2,Steering,0.10989010989010989,0.7208097995138618,13,entropy
12,AnonDiff_S_alpha_2,ICL,-0.5671994722145453,0.04321922822536305,13,entropy
12,AnonDiff_S_alpha_2,GCG,-0.3923489887048633,0.18483134974966792,13,entropy
12,AnonDiff_S_alpha_2,MIA,0.06043956043956044,0.8445023706449684,13,entropy
12,AnonDiff_S_alpha_2,MIA_MinK,-0.2833333333333333,0.46003032896571994,9,entropy
12,AnonDiff_S_alpha_2,MIA_Ref,-0.33333333333333337,0.38071318167686347,9,entropy
12,AnonDiff_S_alpha_2,MIA_Hidden,0.19999999999999998,0.6059012741795533,9,entropy
12,AnonDiff_S_alpha_2,SPV_MIA,0.7833333333333333,0.012519873019449882,9,entropy
12,AnonDiff_MeanCos,Steering,0.0934065934065934,0.7615000227827016,13,entropy
12,AnonDiff_MeanCos,ICL,0.7957723938532426,0.0011397972124164092,13,entropy
12,AnonDiff_MeanCos,GCG,0.5071828390575062,0.0768816747617425,13,entropy
12,AnonDiff_MeanCos,MIA,-0.2857142857142857,0.34400021825867,13,entropy
12,AnonDiff_MeanCos,MIA_MinK,0.11666666666666665,0.7650079429261462,9,entropy
12,AnonDiff_MeanCos,MIA_Ref,0.26666666666666666,0.4879222748387009,9,entropy
12,AnonDiff_MeanCos,MIA_Hidden,0.08333333333333334,0.831214097710308,9,entropy
12,AnonDiff_MeanCos,SPV_MIA,-0.8833333333333333,0.0015905004234978686,9,entropy
12,AnonDiff_MeanL2,Steering,-0.07142857142857142,0.816628040676086,13,entropy
12,AnonDiff_MeanL2,ICL,0.2878325679894707,0.3402759044165541,13,entropy
12,AnonDiff_MeanL2,GCG,0.1307829962349544,0.6702033346905142,13,entropy
12,AnonDiff_MeanL2,MIA,-0.4010989010989011,0.17435746494503282,13,entropy
12,AnonDiff_MeanL2,MIA_MinK,0.33333333333333337,0.38071318167686347,9,entropy
12,AnonDiff_MeanL2,MIA_Ref,-0.25,0.5164895523012263,9,entropy
12,AnonDiff_MeanL2,MIA_Hidden,-0.6333333333333333,0.06708578689234565,9,entropy
12,AnonDiff_MeanL2,SPV_MIA,-0.21666666666666667,0.5755148957119259,9,entropy
12,NormAnonDiff_S_alpha_2,Steering,0.027472527472527472,0.929011729160351,13,entropy
12,NormAnonDiff_S_alpha_2,ICL,-0.6038840151935954,0.028844191926840717,13,entropy
12,NormAnonDiff_S_alpha_2,GCG,-0.3923489887048633,0.18483134974966792,13,entropy
12,NormAnonDiff_S_alpha_2,MIA,0.2692307692307692,0.37373304228189164,13,entropy
12,NormAnonDiff_S_alpha_2,MIA_MinK,-0.21666666666666667,0.5755148957119259,9,entropy
12,NormAnonDiff_S_alpha_2,MIA_Ref,-0.16666666666666669,0.668231040071504,9,entropy
12,NormAnonDiff_S_alpha_2,MIA_Hidden,0.3666666666666667,0.33173980143301507,9,entropy
12,NormAnonDiff_S_alpha_2,SPV_MIA,0.75,0.019942126131992522,9,entropy
12,NormAnonDiff_MeanCos,Steering,0.0934065934065934,0.7615000227827016,13,entropy
12,NormAnonDiff_MeanCos,ICL,0.7957723938532426,0.0011397972124164092,13,entropy
12,NormAnonDiff_MeanCos,GCG,0.5071828390575062,0.0768816747617425,13,entropy
12,NormAnonDiff_MeanCos,MIA,-0.2857142857142857,0.34400021825867,13,entropy
12,NormAnonDiff_MeanCos,MIA_MinK,0.11666666666666665,0.7650079429261462,9,entropy
12,NormAnonDiff_MeanCos,MIA_Ref,0.26666666666666666,0.4879222748387009,9,entropy
12,NormAnonDiff_MeanCos,MIA_Hidden,0.08333333333333334,0.831214097710308,9,entropy
12,NormAnonDiff_MeanCos,SPV_MIA,-0.8833333333333333,0.0015905004234978686,9,entropy
13,Centroid_Norm,Steering,0.17857142857142855,0.5242843600465525,15,auss
13,Centroid_Norm,ICL,0.7613587904478464,0.0009755565643533728,15,auss
13,Centroid_Norm,GCG,0.11170030673792092,0.6918641053978338,15,auss
13,Centroid_Norm,MIA,-0.014285714285714282,0.9596997645989476,15,auss
13,Centroid_Norm,MIA_MinK,0.20000000000000004,0.5554454421055854,11,auss
13,Centroid_Norm,MIA_Ref,0.22727272727272727,0.501535667604937,11,auss
13,Centroid_Norm,MIA_Hidden,-0.06363636363636364,0.8525390725425217,11,auss
13,Centroid_Norm,SPV_MIA,-0.6164447827192512,0.043399903243230564,11,auss
13,Global_Coherence,Steering,0.17857142857142855,0.5242843600465525,15,auss
13,Global_Coherence,ICL,0.7613587904478464,0.0009755565643533728,15,auss
13,Global_Coherence,GCG,0.11170030673792092,0.6918641053978338,15,auss
13,Global_Coherence,MIA,-0.014285714285714282,0.9596997645989476,15,auss
13,Global_Coherence,MIA_MinK,0.20000000000000004,0.5554454421055854,11,auss
13,Global_Coherence,MIA_Ref,0.22727272727272727,0.501535667604937,11,auss
13,Global_Coherence,MIA_Hidden,-0.06363636363636364,0.8525390725425217,11,auss
13,Global_Coherence,SPV_MIA,-0.6164447827192512,0.043399903243230564,11,auss
13,Batch_SecondMoment_TopEig,Steering,0.1714285714285714,0.5412721760996331,15,auss
13,Batch_SecondMoment_TopEig,ICL,0.7834271611854651,0.0005500676417083982,15,auss
13,Batch_SecondMoment_TopEig,GCG,0.0881844526878323,0.7546481282736399,15,auss
13,Batch_SecondMoment_TopEig,MIA,-0.09999999999999999,0.7228973252791182,15,auss
13,Batch_SecondMoment_TopEig,MIA_MinK,0.20000000000000004,0.5554454421055854,11,auss
13,Batch_SecondMoment_TopEig,MIA_Ref,0.22727272727272727,0.501535667604937,11,auss
13,Batch_SecondMoment_TopEig,MIA_Hidden,-0.06363636363636364,0.8525390725425217,11,auss
13,Batch_SecondMoment_TopEig,SPV_MIA,-0.6164447827192512,0.043399903243230564,11,auss
13,AUSS_L2,Steering,-0.17857142857142855,0.5242843600465525,15,auss
13,AUSS_L2,ICL,-0.7613587904478464,0.0009755565643533728,15,auss
13,AUSS_L2,GCG,-0.11170030673792092,0.6918641053978338,15,auss
13,AUSS_L2,MIA,0.014285714285714282,0.9596997645989476,15,auss
13,AUSS_L2,MIA_MinK,-0.20000000000000004,0.5554454421055854,11,auss
13,AUSS_L2,MIA_Ref,-0.22727272727272727,0.501535667604937,11,auss
13,AUSS_L2,MIA_Hidden,0.06363636363636364,0.8525390725425217,11,auss
13,AUSS_L2,SPV_MIA,0.6164447827192512,0.043399903243230564,11,auss
13,AUSS_Cos2,Steering,-0.1714285714285714,0.5412721760996331,15,auss
13,AUSS_Cos2,ICL,-0.7834271611854651,0.0005500676417083982,15,auss
13,AUSS_Cos2,GCG,-0.0881844526878323,0.7546481282736399,15,auss
13,AUSS_Cos2,MIA,0.09999999999999999,0.7228973252791182,15,auss
13,AUSS_Cos2,MIA_MinK,-0.20000000000000004,0.5554454421055854,11,auss
13,AUSS_Cos2,MIA_Ref,-0.22727272727272727,0.501535667604937,11,auss
13,AUSS_Cos2,MIA_Hidden,0.06363636363636364,0.8525390725425217,11,auss
13,AUSS_Cos2,SPV_MIA,0.6164447827192512,0.043399903243230564,11,auss
13,AUSS_Jac,Steering,-0.2178571428571428,0.43539267351553756,15,auss
13,AUSS_Jac,ICL,-0.05517092684404684,0.845168948539657,15,auss
13,AUSS_Jac,GCG,0.1763689053756646,0.5294968655499224,15,auss
13,AUSS_Jac,MIA,-0.017857142857142853,0.9496353041738621,15,auss
13,AUSS_Jac,MIA_MinK,-0.30000000000000004,0.37008312228206786,11,auss
13,AUSS_Jac,MIA_Ref,0.29090909090909095,0.38545696969136556,11,auss
13,AUSS_Jac,MIA_Hidden,0.19090909090909092,0.5739131682855215,11,auss
13,AUSS_Jac,SPV_MIA,-0.28310797428587836,0.3989002218282989,11,auss
13,Batch_Cov_Trace,Steering,-0.17857142857142855,0.5242843600465525,15,auss
13,Batch_Cov_Trace,ICL,-0.7613587904478464,0.0009755565643533728,15,auss
13,Batch_Cov_Trace,GCG,-0.11170030673792092,0.6918641053978338,15,auss
13,Batch_Cov_Trace,MIA,0.014285714285714282,0.9596997645989476,15,auss
13,Batch_Cov_Trace,MIA_MinK,-0.20000000000000004,0.5554454421055854,11,auss
13,Batch_Cov_Trace,MIA_Ref,-0.22727272727272727,0.501535667604937,11,auss
13,Batch_Cov_Trace,MIA_Hidden,0.06363636363636364,0.8525390725425217,11,auss
13,Batch_Cov_Trace,SPV_MIA,0.6164447827192512,0.043399903243230564,11,auss
13,Batch_Cov_TopEig,Steering,-0.021428571428571425,0.9395779040128779,15,auss
13,Batch_Cov_TopEig,ICL,-0.6877975546557838,0.004596263294979723,15,auss
13,Batch_Cov_TopEig,GCG,-0.17832855987983867,0.5248579981791959,15,auss
13,Batch_Cov_TopEig,MIA,-0.1714285714285714,0.5412721760996331,15,auss
13,Batch_Cov_TopEig,MIA_MinK,-0.14545454545454548,0.6695786456420787,11,auss
13,Batch_Cov_TopEig,MIA_Ref,-0.5090909090909091,0.10973723224165641,11,auss
13,Batch_Cov_TopEig,MIA_Hidden,-0.1272727272727273,0.7092146257733047,11,auss
13,Batch_Cov_TopEig,SPV_MIA,0.4063969308297286,0.21486420169491638,11,auss
13,Reg_S_alpha_2,Steering,0.3516483516483516,0.2386997053420337,13,entropy
13,Reg_S_alpha_2,ICL,-0.28501068006800534,0.34524218585227184,13,entropy
13,Reg_S_alpha_2,GCG,0.09888470447033139,0.7479088795660462,13,entropy
13,Reg_S_alpha_2,MIA,0.14835164835164835,0.6286094178894162,13,entropy
13,Reg_S_alpha_2,MIA_MinK,-0.41666666666666663,0.26458604674749614,9,entropy
13,Reg_S_alpha_2,MIA_Ref,-0.15,0.7000942309691419,9,entropy
13,Reg_S_alpha_2,MIA_Hidden,0.5833333333333334,0.09918581647988323,9,entropy
13,Reg_S_alpha_2,SPV_MIA,-0.21666666666666667,0.5755148957119259,9,entropy
13,Reg_MeanCos,Steering,-0.0934065934065934,0.7615000227827016,13,entropy
13,Reg_MeanCos,ICL,0.34427032641877864,0.24937797622797359,13,entropy
13,Reg_MeanCos,GCG,0.1307829962349544,0.6702033346905142,13,entropy
13,Reg_MeanCos,MIA,-0.41208791208791207,0.16175105277252633,13,entropy
13,Reg_MeanCos,MIA_MinK,0.33333333333333337,0.38071318167686347,9,entropy
13,Reg_MeanCos,MIA_Ref,-0.25,0.5164895523012263,9,entropy
13,Reg_MeanCos,MIA_Hidden,-0.6333333333333333,0.06708578689234565,9,entropy
13,Reg_MeanCos,SPV_MIA,-0.21666666666666667,0.5755148957119259,9,entropy
13,Reg_MeanL2,Steering,-0.23626373626373626,0.4370835438311814,13,entropy
13,Reg_MeanL2,ICL,0.2821887921465399,0.3502477479780812,13,entropy
13,Reg_MeanL2,GCG,-0.04465760847047224,0.8848201238017703,13,entropy
13,Reg_MeanL2,MIA,-0.0934065934065934,0.7615000227827016,13,entropy
13,Reg_MeanL2,MIA_MinK,0.6666666666666667,0.04986723056888511,9,entropy
13,Reg_MeanL2,MIA_Ref,0.31666666666666665,0.4063970144863861,9,entropy
13,Reg_MeanL2,MIA_Hidden,-0.5333333333333333,0.13922686754397814,9,entropy
13,Reg_MeanL2,SPV_MIA,0.41666666666666663,0.26458604674749614,9,entropy
13,AnonDiff_S_alpha_2,Steering,0.14835164835164835,0.6286094178894162,13,entropy
13,AnonDiff_S_alpha_2,ICL,-0.5897745755862683,0.03387685110879177,13,entropy
13,AnonDiff_S_alpha_2,GCG,-0.40829813458717473,0.16603005511497088,13,entropy
13,AnonDiff_S_alpha_2,MIA,0.07142857142857142,0.816628040676086,13,entropy
13,AnonDiff_S_alpha_2,MIA_MinK,-0.41666666666666663,0.26458604674749614,9,entropy
13,AnonDiff_S_alpha_2,MIA_Ref,-0.26666666666666666,0.4879222748387009,9,entropy
13,AnonDiff_S_alpha_2,MIA_Hidden,0.35,0.35581957250178897,9,entropy
13,AnonDiff_S_alpha_2,SPV_MIA,0.7999999999999999,0.00962792472537983,9,entropy
13,AnonDiff_MeanCos,Steering,0.12637362637362637,0.680785475070949,13,entropy
13,AnonDiff_MeanCos,ICL,0.7760191784029846,0.0018178957175940108,13,entropy
13,AnonDiff_MeanCos,GCG,0.5071828390575062,0.0768816747617425,13,entropy
13,AnonDiff_MeanCos,MIA,-0.3736263736263736,0.20855405979520908,13,entropy
13,AnonDiff_MeanCos,MIA_MinK,0.16666666666666669,0.668231040071504,9,entropy
13,AnonDiff_MeanCos,MIA_Ref,0.11666666666666665,0.7650079429261462,9,entropy
13,AnonDiff_MeanCos,MIA_Hidden,-0.016666666666666666,0.9660548039946861,9,entropy
13,AnonDiff_MeanCos,SPV_MIA,-0.9166666666666666,0.0005066190663052084,9,entropy
13,AnonDiff_MeanL2,Steering,-0.07142857142857142,0.816628040676086,13,entropy
13,AnonDiff_MeanL2,ICL,0.2878325679894707,0.3402759044165541,13,entropy
13,AnonDiff_MeanL2,GCG,0.1307829962349544,0.6702033346905142,13,entropy
13,AnonDiff_MeanL2,MIA,-0.4010989010989011,0.17435746494503282,13,entropy
13,AnonDiff_MeanL2,MIA_MinK,0.33333333333333337,0.38071318167686347,9,entropy
13,AnonDiff_MeanL2,MIA_Ref,-0.25,0.5164895523012263,9,entropy
13,AnonDiff_MeanL2,MIA_Hidden,-0.6333333333333333,0.06708578689234565,9,entropy
13,AnonDiff_MeanL2,SPV_MIA,-0.21666666666666667,0.5755148957119259,9,entropy
13,NormAnonDiff_S_alpha_2,Steering,-0.07692307692307691,0.8027630076692551,13,entropy
13,NormAnonDiff_S_alpha_2,ICL,-0.6772531011516958,0.010989819818451974,13,entropy
13,NormAnonDiff_S_alpha_2,GCG,-0.48485403482227,0.09309475134156509,13,entropy
13,NormAnonDiff_S_alpha_2,MIA,0.32967032967032966,0.27133505450523554,13,entropy
13,NormAnonDiff_S_alpha_2,MIA_MinK,-0.21666666666666667,0.5755148957119259,9,entropy
13,NormAnonDiff_S_alpha_2,MIA_Ref,-0.03333333333333333,0.932156735540504,9,entropy
13,NormAnonDiff_S_alpha_2,MIA_Hidden,0.2833333333333333,0.46003032896571994,9,entropy
13,NormAnonDiff_S_alpha_2,SPV_MIA,0.75,0.019942126131992522,9,entropy
13,NormAnonDiff_MeanCos,Steering,0.12637362637362637,0.680785475070949,13,entropy
13,NormAnonDiff_MeanCos,ICL,0.7760191784029846,0.0018178957175940108,13,entropy
13,NormAnonDiff_MeanCos,GCG,0.5071828390575062,0.0768816747617425,13,entropy
13,NormAnonDiff_MeanCos,MIA,-0.3736263736263736,0.20855405979520908,13,entropy
13,NormAnonDiff_MeanCos,MIA_MinK,0.16666666666666669,0.668231040071504,9,entropy
13,NormAnonDiff_MeanCos,MIA_Ref,0.11666666666666665,0.7650079429261462,9,entropy
13,NormAnonDiff_MeanCos,MIA_Hidden,-0.016666666666666666,0.9660548039946861,9,entropy
13,NormAnonDiff_MeanCos,SPV_MIA,-0.9166666666666666,0.0005066190663052084,9,entropy
14,Centroid_Norm,Steering,0.2928571428571428,0.289471667212401,15,auss
14,Centroid_Norm,ICL,0.6877975546557838,0.004596263294979723,15,auss
14,Centroid_Norm,GCG,0.10190203421705066,0.7178237022498601,15,auss
14,Centroid_Norm,MIA,-0.11428571428571425,0.6850657626568972,15,auss
14,Centroid_Norm,MIA_MinK,0.045454545454545456,0.8944269969053026,11,auss
14,Centroid_Norm,MIA_Ref,0.045454545454545456,0.8944269969053026,11,auss
14,Centroid_Norm,MIA_Hidden,0.10909090909090911,0.7495085962341482,11,auss
14,Centroid_Norm,SPV_MIA,-0.5844809791708456,0.05897239150388694,11,auss
14,Global_Coherence,Steering,0.2928571428571428,0.289471667212401,15,auss
14,Global_Coherence,ICL,0.6877975546557838,0.004596263294979723,15,auss
14,Global_Coherence,GCG,0.10190203421705066,0.7178237022498601,15,auss
14,Global_Coherence,MIA,-0.11428571428571425,0.6850657626568972,15,auss
14,Global_Coherence,MIA_MinK,0.045454545454545456,0.8944269969053026,11,auss
14,Global_Coherence,MIA_Ref,0.045454545454545456,0.8944269969053026,11,auss
14,Global_Coherence,MIA_Hidden,0.10909090909090911,0.7495085962341482,11,auss
14,Global_Coherence,SPV_MIA,-0.5844809791708456,0.05897239150388694,11,auss
14,Batch_SecondMoment_TopEig,Steering,0.2821428571428571,0.30828445682005556,15,auss
14,Batch_SecondMoment_TopEig,ICL,0.7282562343414183,0.002079099715782308,15,auss
14,Batch_SecondMoment_TopEig,GCG,0.11170030673792092,0.6918641053978338,15,auss
14,Batch_SecondMoment_TopEig,MIA,-0.16428571428571426,0.5584973732486012,15,auss
14,Batch_SecondMoment_TopEig,MIA_MinK,0.13636363636363638,0.6893090205863619,11,auss
14,Batch_SecondMoment_TopEig,MIA_Ref,0.05454545454545456,0.8734465775233149,11,auss
14,Batch_SecondMoment_TopEig,MIA_Hidden,0.03636363636363637,0.9154683168905347,11,auss
14,Batch_SecondMoment_TopEig,SPV_MIA,-0.5981797521201624,0.05189733457156114,11,auss
14,AUSS_L2,Steering,-0.2928571428571428,0.289471667212401,15,auss
14,AUSS_L2,ICL,-0.6877975546557838,0.004596263294979723,15,auss
14,AUSS_L2,GCG,-0.10190203421705066,0.7178237022498601,15,auss
14,AUSS_L2,MIA,0.11428571428571425,0.6850657626568972,15,auss
14,AUSS_L2,MIA_MinK,-0.045454545454545456,0.8944269969053026,11,auss
14,AUSS_L2,MIA_Ref,-0.045454545454545456,0.8944269969053026,11,auss
14,AUSS_L2,MIA_Hidden,-0.10909090909090911,0.7495085962341482,11,auss
14,AUSS_L2,SPV_MIA,0.5844809791708456,0.05897239150388694,11,auss
14,AUSS_Cos2,Steering,-0.2821428571428571,0.30828445682005556,15,auss
14,AUSS_Cos2,ICL,-0.7282562343414183,0.002079099715782308,15,auss
14,AUSS_Cos2,GCG,-0.11170030673792092,0.6918641053978338,15,auss
14,AUSS_Cos2,MIA,0.16428571428571426,0.5584973732486012,15,auss
14,AUSS_Cos2,MIA_MinK,-0.13636363636363638,0.6893090205863619,11,auss
14,AUSS_Cos2,MIA_Ref,-0.05454545454545456,0.8734465775233149,11,auss
14,AUSS_Cos2,MIA_Hidden,-0.03636363636363637,0.9154683168905347,11,auss
14,AUSS_Cos2,SPV_MIA,0.5981797521201624,0.05189733457156114,11,auss
14,AUSS_Jac,Steering,-0.1714285714285714,0.5412721760996331,15,auss
14,AUSS_Jac,ICL,-0.1287321626361093,0.6475025104268792,15,auss
14,AUSS_Jac,GCG,0.15481270582975004,0.5816953501783709,15,auss
14,AUSS_Jac,MIA,-0.017857142857142853,0.9496353041738621,15,auss
14,AUSS_Jac,MIA_MinK,-0.33636363636363636,0.31182431390038623,11,auss
14,AUSS_Jac,MIA_Ref,0.20909090909090913,0.5372209352113229,11,auss
14,AUSS_Jac,MIA_Hidden,0.06363636363636364,0.8525390725425217,11,auss
14,AUSS_Jac,SPV_MIA,-0.0730601223963557,0.8309557779908181,11,auss
14,Batch_Cov_Trace,Steering,-0.2928571428571428,0.289471667212401,15,auss
14,Batch_Cov_Trace,ICL,-0.6877975546557838,0.004596263294979723,15,auss
14,Batch_Cov_Trace,GCG,-0.10190203421705066,0.7178237022498601,15,auss
14,Batch_Cov_Trace,MIA,0.11428571428571425,0.6850657626568972,15,auss
14,Batch_Cov_Trace,MIA_MinK,-0.045454545454545456,0.8944269969053026,11,auss
14,Batch_Cov_Trace,MIA_Ref,-0.045454545454545456,0.8944269969053026,11,auss
14,Batch_Cov_Trace,MIA_Hidden,-0.10909090909090911,0.7495085962341482,11,auss
14,Batch_Cov_Trace,SPV_MIA,0.5844809791708456,0.05897239150388694,11,auss
14,Batch_Cov_TopEig,Steering,-0.09999999999999999,0.7228973252791182,15,auss
14,Batch_Cov_TopEig,ICL,-0.6546949985493559,0.008083374921992079,15,auss
14,Batch_Cov_TopEig,GCG,-0.24691646752593044,0.37497565091504104,15,auss
14,Batch_Cov_TopEig,MIA,-0.06428571428571428,0.8199479653196377,15,auss
14,Batch_Cov_TopEig,MIA_MinK,-0.13636363636363638,0.6893090205863619,11,auss
14,Batch_Cov_TopEig,MIA_Ref,-0.3454545454545455,0.2980892209030388,11,auss
14,Batch_Cov_TopEig,MIA_Hidden,-0.19090909090909092,0.5739131682855215,11,auss
14,Batch_Cov_TopEig,SPV_MIA,0.4703245379265399,0.1443185787551191,11,auss
14,Reg_S_alpha_2,Steering,0.30769230769230765,0.3064470525125291,13,entropy
14,Reg_S_alpha_2,ICL,-0.28501068006800534,0.34524218585227184,13,entropy
14,Reg_S_alpha_2,GCG,0.06060675435278375,0.8440769406980253,13,entropy
14,Reg_S_alpha_2,MIA,0.2087912087912088,0.493621819356885,13,entropy
14,Reg_S_alpha_2,MIA_MinK,-0.31666666666666665,0.4063970144863861,9,entropy
14,Reg_S_alpha_2,MIA_Ref,-0.016666666666666666,0.9660548039946861,9,entropy
14,Reg_S_alpha_2,MIA_Hidden,0.5666666666666667,0.11163298761149111,9,entropy
14,Reg_S_alpha_2,SPV_MIA,-0.13333333333333333,0.7323675052362975,9,entropy
14,Reg_MeanCos,Steering,-0.07142857142857142,0.816628040676086,13,entropy
14,Reg_MeanCos,ICL,0.37531109355489806,0.20634587802303603,13,entropy
14,Reg_MeanCos,GCG,0.2615659924699088,0.388006540211546,13,entropy
14,Reg_MeanCos,MIA,-0.3736263736263736,0.20855405979520908,13,entropy
14,Reg_MeanCos,MIA_MinK,0.33333333333333337,0.38071318167686347,9,entropy
14,Reg_MeanCos,MIA_Ref,-0.25,0.5164895523012263,9,entropy
14,Reg_MeanCos,MIA_Hidden,-0.6333333333333333,0.06708578689234565,9,entropy
14,Reg_MeanCos,SPV_MIA,-0.21666666666666667,0.5755148957119259,9,entropy
14,Reg_MeanL2,Steering,-0.24175824175824176,0.42617551959450883,13,entropy
14,Reg_MeanL2,ICL,0.2821887921465399,0.3502477479780812,13,entropy
14,Reg_MeanL2,GCG,-0.04465760847047224,0.8848201238017703,13,entropy
14,Reg_MeanL2,MIA,-0.08241758241758242,0.788950927847518,13,entropy
14,Reg_MeanL2,MIA_MinK,0.75,0.019942126131992522,9,entropy
14,Reg_MeanL2,MIA_Ref,0.38333333333333336,0.30849527238037144,9,entropy
14,Reg_MeanL2,MIA_Hidden,-0.6,0.0876228290414024,9,entropy
14,Reg_MeanL2,SPV_MIA,0.39999999999999997,0.2861051019083129,9,entropy
14,AnonDiff_S_alpha_2,Steering,-0.005494505494505494,0.9857869107140623,13,entropy
14,AnonDiff_S_alpha_2,ICL,-0.6067059031150608,0.027907602277284064,13,entropy
14,AnonDiff_S_alpha_2,GCG,-0.48485403482227,0.09309475134156509,13,entropy
14,AnonDiff_S_alpha_2,MIA,0.17032967032967034,0.5779754288392673,13,entropy
14,AnonDiff_S_alpha_2,MIA_MinK,-0.3,0.4328453267094823,9,entropy
14,AnonDiff_S_alpha_2,MIA_Ref,-0.09999999999999999,0.797971695234851,9,entropy
14,AnonDiff_S_alpha_2,MIA_Hidden,0.18333333333333335,0.6368198117628943,9,entropy
14,AnonDiff_S_alpha_2,SPV_MIA,0.8333333333333333,0.005265691029161748,9,entropy
14,AnonDiff_MeanCos,Steering,0.1868131868131868,0.5411235235098939,13,entropy
14,AnonDiff_MeanCos,ICL,0.756265962952727,0.002776607242649395,13,entropy
14,AnonDiff_MeanCos,GCG,0.5071828390575062,0.0768816747617425,13,entropy
14,AnonDiff_MeanCos,MIA,-0.38461538461538464,0.19441291997748622,13,entropy
14,AnonDiff_MeanCos,MIA_MinK,0.09999999999999999,0.797971695234851,9,entropy
14,AnonDiff_MeanCos,MIA_Ref,0.09999999999999999,0.797971695234851,9,entropy
14,AnonDiff_MeanCos,MIA_Hidden,0.08333333333333334,0.831214097710308,9,entropy
14,AnonDiff_MeanCos,SPV_MIA,-0.8333333333333333,0.005265691029161748,9,entropy
14,AnonDiff_MeanL2,Steering,-0.07142857142857142,0.816628040676086,13,entropy
14,AnonDiff_MeanL2,ICL,0.2878325679894707,0.3402759044165541,13,entropy
14,AnonDiff_MeanL2,GCG,0.1307829962349544,0.6702033346905142,13,entropy
14,AnonDiff_MeanL2,MIA,-0.4010989010989011,0.17435746494503282,13,entropy
14,AnonDiff_MeanL2,MIA_MinK,0.33333333333333337,0.38071318167686347,9,entropy
14,AnonDiff_MeanL2,MIA_Ref,-0.25,0.5164895523012263,9,entropy
14,AnonDiff_MeanL2,MIA_Hidden,-0.6333333333333333,0.06708578689234565,9,entropy
14,AnonDiff_MeanL2,SPV_MIA,-0.21666666666666667,0.5755148957119259,9,entropy
14,NormAnonDiff_S_alpha_2,Steering,-0.12637362637362637,0.680785475070949,13,entropy
14,NormAnonDiff_S_alpha_2,ICL,-0.657499885701438,0.014594661692399017,13,entropy
14,NormAnonDiff_S_alpha_2,GCG,-0.48485403482227,0.09309475134156509,13,entropy
14,NormAnonDiff_S_alpha_2,MIA,0.38461538461538464,0.19441291997748622,13,entropy
14,NormAnonDiff_S_alpha_2,MIA_MinK,-0.16666666666666669,0.668231040071504,9,entropy
14,NormAnonDiff_S_alpha_2,MIA_Ref,0.08333333333333334,0.831214097710308,9,entropy
14,NormAnonDiff_S_alpha_2,MIA_Hidden,0.25,0.5164895523012263,9,entropy
14,NormAnonDiff_S_alpha_2,SPV_MIA,0.7166666666666667,0.029818035695845287,9,entropy
14,NormAnonDiff_MeanCos,Steering,0.1868131868131868,0.5411235235098939,13,entropy
14,NormAnonDiff_MeanCos,ICL,0.756265962952727,0.002776607242649395,13,entropy
14,NormAnonDiff_MeanCos,GCG,0.5071828390575062,0.0768816747617425,13,entropy
14,NormAnonDiff_MeanCos,MIA,-0.38461538461538464,0.19441291997748622,13,entropy
14,NormAnonDiff_MeanCos,MIA_MinK,0.09999999999999999,0.797971695234851,9,entropy
14,NormAnonDiff_MeanCos,MIA_Ref,0.09999999999999999,0.797971695234851,9,entropy
14,NormAnonDiff_MeanCos,MIA_Hidden,0.08333333333333334,0.831214097710308,9,entropy
14,NormAnonDiff_MeanCos,SPV_MIA,-0.8333333333333333,0.005265691029161748,9,entropy
15,Centroid_Norm,Steering,0.30357142857142855,0.27135583600386853,15,auss
15,Centroid_Norm,ICL,0.6583730603389589,0.007616525226942641,15,auss
15,Centroid_Norm,GCG,0.10190203421705066,0.7178237022498601,15,auss
15,Centroid_Norm,MIA,-0.08928571428571427,0.751672517350277,15,auss
15,Centroid_Norm,MIA_MinK,-0.02727272727272728,0.9365584481926122,11,auss
15,Centroid_Norm,MIA_Ref,0.10000000000000002,0.7698749998921366,11,auss
15,Centroid_Norm,MIA_Hidden,0.1272727272727273,0.7092146257733047,11,auss
15,Centroid_Norm,SPV_MIA,-0.5616496909219845,0.07217236648510983,11,auss
15,Global_Coherence,Steering,0.30357142857142855,0.27135583600386853,15,auss
15,Global_Coherence,ICL,0.6583730603389589,0.007616525226942641,15,auss
15,Global_Coherence,GCG,0.10190203421705066,0.7178237022498601,15,auss
15,Global_Coherence,MIA,-0.08928571428571427,0.751672517350277,15,auss
15,Global_Coherence,MIA_MinK,-0.02727272727272728,0.9365584481926122,11,auss
15,Global_Coherence,MIA_Ref,0.10000000000000002,0.7698749998921366,11,auss
15,Global_Coherence,MIA_Hidden,0.1272727272727273,0.7092146257733047,11,auss
15,Global_Coherence,SPV_MIA,-0.5616496909219845,0.07217236648510983,11,auss
15,Batch_SecondMoment_TopEig,Steering,0.2678571428571428,0.3344436005123538,15,auss
15,Batch_SecondMoment_TopEig,ICL,0.7172220489726089,0.002614712894862747,15,auss
15,Batch_SecondMoment_TopEig,GCG,0.11170030673792092,0.6918641053978338,15,auss
15,Batch_SecondMoment_TopEig,MIA,-0.10714285714285714,0.7039010016261615,15,auss
15,Batch_SecondMoment_TopEig,MIA_MinK,0.13636363636363638,0.6893090205863619,11,auss
15,Batch_SecondMoment_TopEig,MIA_Ref,0.05454545454545456,0.8734465775233149,11,auss
15,Batch_SecondMoment_TopEig,MIA_Hidden,0.03636363636363637,0.9154683168905347,11,auss
15,Batch_SecondMoment_TopEig,SPV_MIA,-0.5981797521201624,0.05189733457156114,11,auss
15,AUSS_L2,Steering,-0.30357142857142855,0.27135583600386853,15,auss
15,AUSS_L2,ICL,-0.6583730603389589,0.007616525226942641,15,auss
15,AUSS_L2,GCG,-0.10190203421705066,0.7178237022498601,15,auss
15,AUSS_L2,MIA,0.08928571428571427,0.751672517350277,15,auss
15,AUSS_L2,MIA_MinK,0.02727272727272728,0.9365584481926122,11,auss
15,AUSS_L2,MIA_Ref,-0.10000000000000002,0.7698749998921366,11,auss
15,AUSS_L2,MIA_Hidden,-0.1272727272727273,0.7092146257733047,11,auss
15,AUSS_L2,SPV_MIA,0.5616496909219845,0.07217236648510983,11,auss
15,AUSS_Cos2,Steering,-0.2821428571428571,0.30828445682005556,15,auss
15,AUSS_Cos2,ICL,-0.7282562343414183,0.002079099715782308,15,auss
15,AUSS_Cos2,GCG,-0.11170030673792092,0.6918641053978338,15,auss
15,AUSS_Cos2,MIA,0.16428571428571426,0.5584973732486012,15,auss
15,AUSS_Cos2,MIA_MinK,-0.13636363636363638,0.6893090205863619,11,auss
15,AUSS_Cos2,MIA_Ref,-0.05454545454545456,0.8734465775233149,11,auss
15,AUSS_Cos2,MIA_Hidden,-0.03636363636363637,0.9154683168905347,11,auss
15,AUSS_Cos2,SPV_MIA,0.5981797521201624,0.05189733457156114,11,auss
15,AUSS_Jac,Steering,-0.18214285714285713,0.5158816817070392,15,auss
15,AUSS_Jac,ICL,-0.1765469659009499,0.5290746076420116,15,auss
15,AUSS_Jac,GCG,0.11170030673792092,0.6918641053978338,15,auss
15,AUSS_Jac,MIA,-0.017857142857142853,0.9496353041738621,15,auss
15,AUSS_Jac,MIA_MinK,-0.41818181818181827,0.20057021703405067,11,auss
15,AUSS_Jac,MIA_Ref,0.13636363636363638,0.6893090205863619,11,auss
15,AUSS_Jac,MIA_Hidden,0.22727272727272727,0.501535667604937,11,auss
15,AUSS_Jac,SPV_MIA,-0.1552527600922559,0.648521403528366,11,auss
15,Batch_Cov_Trace,Steering,-0.30357142857142855,0.27135583600386853,15,auss
15,Batch_Cov_Trace,ICL,-0.6583730603389589,0.007616525226942641,15,auss
15,Batch_Cov_Trace,GCG,-0.10190203421705066,0.7178237022498601,15,auss
15,Batch_Cov_Trace,MIA,0.08928571428571427,0.751672517350277,15,auss
15,Batch_Cov_Trace,MIA_MinK,0.02727272727272728,0.9365584481926122,11,auss
15,Batch_Cov_Trace,MIA_Ref,-0.10000000000000002,0.7698749998921366,11,auss
15,Batch_Cov_Trace,MIA_Hidden,-0.1272727272727273,0.7092146257733047,11,auss
15,Batch_Cov_Trace,SPV_MIA,0.5616496909219845,0.07217236648510983,11,auss
15,Batch_Cov_TopEig,Steering,-0.049999999999999996,0.859540943467457,15,auss
15,Batch_Cov_TopEig,ICL,-0.6583730603389589,0.007616525226942641,15,auss
15,Batch_Cov_TopEig,GCG,-0.21360234095497158,0.4446313690343401,15,auss
15,Batch_Cov_TopEig,MIA,-0.08928571428571427,0.751672517350277,15,auss
15,Batch_Cov_TopEig,MIA_MinK,-0.1272727272727273,0.7092146257733047,11,auss
15,Batch_Cov_TopEig,MIA_Ref,-0.4272727272727273,0.189943724965427,11,auss
15,Batch_Cov_TopEig,MIA_Hidden,-0.2545454545454546,0.4500365768888285,11,auss
15,Batch_Cov_TopEig,SPV_MIA,0.5068545991247178,0.1115690992602655,11,auss
15,Reg_S_alpha_2,Steering,0.2857142857142857,0.34400021825867,13,entropy
15,Reg_S_alpha_2,ICL,-0.24832613708895512,0.41331726536693236,13,entropy
15,Reg_S_alpha_2,GCG,0.07655590023509527,0.8036879436515951,13,entropy
15,Reg_S_alpha_2,MIA,0.26373626373626374,0.3839365166506743,13,entropy
15,Reg_S_alpha_2,MIA_MinK,-0.19999999999999998,0.6059012741795533,9,entropy
15,Reg_S_alpha_2,MIA_Ref,0.09999999999999999,0.797971695234851,9,entropy
15,Reg_S_alpha_2,MIA_Hidden,0.5333333333333333,0.13922686754397814,9,entropy
15,Reg_S_alpha_2,SPV_MIA,-0.09999999999999999,0.797971695234851,9,entropy
15,Reg_MeanCos,Steering,-0.07142857142857142,0.816628040676086,13,entropy
15,Reg_MeanCos,ICL,0.37531109355489806,0.20634587802303603,13,entropy
15,Reg_MeanCos,GCG,0.2615659924699088,0.388006540211546,13,entropy
15,Reg_MeanCos,MIA,-0.3736263736263736,0.20855405979520908,13,entropy
15,Reg_MeanCos,MIA_MinK,0.33333333333333337,0.38071318167686347,9,entropy
15,Reg_MeanCos,MIA_Ref,-0.25,0.5164895523012263,9,entropy
15,Reg_MeanCos,MIA_Hidden,-0.6333333333333333,0.06708578689234565,9,entropy
15,Reg_MeanCos,SPV_MIA,-0.21666666666666667,0.5755148957119259,9,entropy
15,Reg_MeanL2,Steering,-0.24175824175824176,0.42617551959450883,13,entropy
15,Reg_MeanL2,ICL,0.2821887921465399,0.3502477479780812,13,entropy
15,Reg_MeanL2,GCG,-0.04465760847047224,0.8848201238017703,13,entropy
15,Reg_MeanL2,MIA,-0.08241758241758242,0.788950927847518,13,entropy
15,Reg_MeanL2,MIA_MinK,0.75,0.019942126131992522,9,entropy
15,Reg_MeanL2,MIA_Ref,0.38333333333333336,0.30849527238037144,9,entropy
15,Reg_MeanL2,MIA_Hidden,-0.6,0.0876228290414024,9,entropy
15,Reg_MeanL2,SPV_MIA,0.39999999999999997,0.2861051019083129,9,entropy
15,AnonDiff_S_alpha_2,Steering,-0.005494505494505494,0.9857869107140623,13,entropy
15,AnonDiff_S_alpha_2,ICL,-0.6067059031150608,0.027907602277284064,13,entropy
15,AnonDiff_S_alpha_2,GCG,-0.48485403482227,0.09309475134156509,13,entropy
15,AnonDiff_S_alpha_2,MIA,0.17032967032967034,0.5779754288392673,13,entropy
15,AnonDiff_S_alpha_2,MIA_MinK,-0.3,0.4328453267094823,9,entropy
15,AnonDiff_S_alpha_2,MIA_Ref,-0.09999999999999999,0.797971695234851,9,entropy
15,AnonDiff_S_alpha_2,MIA_Hidden,0.18333333333333335,0.6368198117628943,9,entropy
15,AnonDiff_S_alpha_2,SPV_MIA,0.8333333333333333,0.005265691029161748,9,entropy
15,AnonDiff_MeanCos,Steering,0.1868131868131868,0.5411235235098939,13,entropy
15,AnonDiff_MeanCos,ICL,0.756265962952727,0.002776607242649395,13,entropy
15,AnonDiff_MeanCos,GCG,0.5071828390575062,0.0768816747617425,13,entropy
15,AnonDiff_MeanCos,MIA,-0.38461538461538464,0.19441291997748622,13,entropy
15,AnonDiff_MeanCos,MIA_MinK,0.09999999999999999,0.797971695234851,9,entropy
15,AnonDiff_MeanCos,MIA_Ref,0.09999999999999999,0.797971695234851,9,entropy
15,AnonDiff_MeanCos,MIA_Hidden,0.08333333333333334,0.831214097710308,9,entropy
15,AnonDiff_MeanCos,SPV_MIA,-0.8333333333333333,0.005265691029161748,9,entropy
15,AnonDiff_MeanL2,Steering,-0.07142857142857142,0.816628040676086,13,entropy
15,AnonDiff_MeanL2,ICL,0.2878325679894707,0.3402759044165541,13,entropy
15,AnonDiff_MeanL2,GCG,0.1307829962349544,0.6702033346905142,13,entropy
15,AnonDiff_MeanL2,MIA,-0.4010989010989011,0.17435746494503282,13,entropy
15,AnonDiff_MeanL2,MIA_MinK,0.33333333333333337,0.38071318167686347,9,entropy
15,AnonDiff_MeanL2,MIA_Ref,-0.25,0.5164895523012263,9,entropy
15,AnonDiff_MeanL2,MIA_Hidden,-0.6333333333333333,0.06708578689234565,9,entropy
15,AnonDiff_MeanL2,SPV_MIA,-0.21666666666666667,0.5755148957119259,9,entropy
15,NormAnonDiff_S_alpha_2,Steering,-0.09890109890109891,0.7478683035983906,13,entropy
15,NormAnonDiff_S_alpha_2,ICL,-0.6659655494658342,0.012955098161838109,13,entropy
15,NormAnonDiff_S_alpha_2,GCG,-0.48485403482227,0.09309475134156509,13,entropy
15,NormAnonDiff_S_alpha_2,MIA,0.41208791208791207,0.16175105277252633,13,entropy
15,NormAnonDiff_S_alpha_2,MIA_MinK,-0.21666666666666667,0.5755148957119259,9,entropy
15,NormAnonDiff_S_alpha_2,MIA_Ref,0.09999999999999999,0.797971695234851,9,entropy
15,NormAnonDiff_S_alpha_2,MIA_Hidden,0.2333333333333333,0.5456987782182727,9,entropy
15,NormAnonDiff_S_alpha_2,SPV_MIA,0.7833333333333333,0.012519873019449882,9,entropy
15,NormAnonDiff_MeanCos,Steering,0.1868131868131868,0.5411235235098939,13,entropy
15,NormAnonDiff_MeanCos,ICL,0.756265962952727,0.002776607242649395,13,entropy
15,NormAnonDiff_MeanCos,GCG,0.5071828390575062,0.0768816747617425,13,entropy
15,NormAnonDiff_MeanCos,MIA,-0.38461538461538464,0.19441291997748622,13,entropy
15,NormAnonDiff_MeanCos,MIA_MinK,0.09999999999999999,0.797971695234851,9,entropy
15,NormAnonDiff_MeanCos,MIA_Ref,0.09999999999999999,0.797971695234851,9,entropy
15,NormAnonDiff_MeanCos,MIA_Hidden,0.08333333333333334,0.831214097710308,9,entropy
15,NormAnonDiff_MeanCos,SPV_MIA,-0.8333333333333333,0.005265691029161748,9,entropy
16,Centroid_Norm,Steering,0.2607142857142857,0.34797945986279355,15,auss
16,Centroid_Norm,ICL,0.7392904197102277,0.0016353397102116698,15,auss
16,Centroid_Norm,GCG,0.0881844526878323,0.7546481282736399,15,auss
16,Centroid_Norm,MIA,-0.1928571428571428,0.4910487016052232,15,auss
16,Centroid_Norm,MIA_MinK,0.13636363636363638,0.6893090205863619,11,auss
16,Centroid_Norm,MIA_Ref,0.05454545454545456,0.8734465775233149,11,auss
16,Centroid_Norm,MIA_Hidden,0.03636363636363637,0.9154683168905347,11,auss
16,Centroid_Norm,SPV_MIA,-0.5981797521201624,0.05189733457156114,11,auss
16,Global_Coherence,Steering,0.2607142857142857,0.34797945986279355,15,auss
16,Global_Coherence,ICL,0.7392904197102277,0.0016353397102116698,15,auss
16,Global_Coherence,GCG,0.0881844526878323,0.7546481282736399,15,auss
16,Global_Coherence,MIA,-0.1928571428571428,0.4910487016052232,15,auss
16,Global_Coherence,MIA_MinK,0.13636363636363638,0.6893090205863619,11,auss
16,Global_Coherence,MIA_Ref,0.05454545454545456,0.8734465775233149,11,auss
16,Global_Coherence,MIA_Hidden,0.03636363636363637,0.9154683168905347,11,auss
16,Global_Coherence,SPV_MIA,-0.5981797521201624,0.05189733457156114,11,auss
16,Batch_SecondMoment_TopEig,Steering,0.2607142857142857,0.34797945986279355,15,auss
16,Batch_SecondMoment_TopEig,ICL,0.7392904197102277,0.0016353397102116698,15,auss
16,Batch_SecondMoment_TopEig,GCG,0.0881844526878323,0.7546481282736399,15,auss
16,Batch_SecondMoment_TopEig,MIA,-0.1928571428571428,0.4910487016052232,15,auss
16,Batch_SecondMoment_TopEig,MIA_MinK,0.13636363636363638,0.6893090205863619,11,auss
16,Batch_SecondMoment_TopEig,MIA_Ref,0.05454545454545456,0.8734465775233149,11,auss
16,Batch_SecondMoment_TopEig,MIA_Hidden,0.03636363636363637,0.9154683168905347,11,auss
16,Batch_SecondMoment_TopEig,SPV_MIA,-0.5981797521201624,0.05189733457156114,11,auss
16,AUSS_L2,Steering,-0.2607142857142857,0.34797945986279355,15,auss
16,AUSS_L2,ICL,-0.7392904197102277,0.0016353397102116698,15,auss
16,AUSS_L2,GCG,-0.0881844526878323,0.7546481282736399,15,auss
16,AUSS_L2,MIA,0.1928571428571428,0.4910487016052232,15,auss
16,AUSS_L2,MIA_MinK,-0.13636363636363638,0.6893090205863619,11,auss
16,AUSS_L2,MIA_Ref,-0.05454545454545456,0.8734465775233149,11,auss
16,AUSS_L2,MIA_Hidden,-0.03636363636363637,0.9154683168905347,11,auss
16,AUSS_L2,SPV_MIA,0.5981797521201624,0.05189733457156114,11,auss
16,AUSS_Cos2,Steering,-0.2607142857142857,0.34797945986279355,15,auss
16,AUSS_Cos2,ICL,-0.7392904197102277,0.0016353397102116698,15,auss
16,AUSS_Cos2,GCG,-0.0881844526878323,0.7546481282736399,15,auss
16,AUSS_Cos2,MIA,0.1928571428571428,0.4910487016052232,15,auss
16,AUSS_Cos2,MIA_MinK,-0.13636363636363638,0.6893090205863619,11,auss
16,AUSS_Cos2,MIA_Ref,-0.05454545454545456,0.8734465775233149,11,auss
16,AUSS_Cos2,MIA_Hidden,-0.03636363636363637,0.9154683168905347,11,auss
16,AUSS_Cos2,SPV_MIA,0.5981797521201624,0.05189733457156114,11,auss
16,AUSS_Jac,Steering,-0.16785714285714282,0.5498555542278019,15,auss
16,AUSS_Jac,ICL,-0.23539595453459985,0.3983592315761322,15,auss
16,AUSS_Jac,GCG,0.07446687115861393,0.7919696829302221,15,auss
16,AUSS_Jac,MIA,0.035714285714285705,0.8994469934720875,15,auss
16,AUSS_Jac,MIA_MinK,-0.28181818181818186,0.4011448979604785,11,auss
16,AUSS_Jac,MIA_Ref,0.23636363636363636,0.4840911622253965,11,auss
16,AUSS_Jac,MIA_Hidden,0.3272727272727273,0.32589494101284167,11,auss
16,AUSS_Jac,SPV_MIA,-0.06392760709681124,0.8518706025636504,11,auss
16,Batch_Cov_Trace,Steering,-0.2607142857142857,0.34797945986279355,15,auss
16,Batch_Cov_Trace,ICL,-0.7392904197102277,0.0016353397102116698,15,auss
16,Batch_Cov_Trace,GCG,-0.0881844526878323,0.7546481282736399,15,auss
16,Batch_Cov_Trace,MIA,0.1928571428571428,0.4910487016052232,15,auss
16,Batch_Cov_Trace,MIA_MinK,-0.13636363636363638,0.6893090205863619,11,auss
16,Batch_Cov_Trace,MIA_Ref,-0.05454545454545456,0.8734465775233149,11,auss
16,Batch_Cov_Trace,MIA_Hidden,-0.03636363636363637,0.9154683168905347,11,auss
16,Batch_Cov_Trace,SPV_MIA,0.5981797521201624,0.05189733457156114,11,auss
16,Batch_Cov_TopEig,Steering,-0.1357142857142857,0.6296204418728145,15,auss
16,Batch_Cov_TopEig,ICL,-0.628948566022134,0.012012645782413647,15,auss
16,Batch_Cov_TopEig,GCG,-0.0803458346711361,0.7759184915207653,15,auss
16,Batch_Cov_TopEig,MIA,-0.125,0.6571356681869504,15,auss
16,Batch_Cov_TopEig,MIA_MinK,-0.07272727272727274,0.831716405381337,11,auss
16,Batch_Cov_TopEig,MIA_Ref,-0.46363636363636374,0.15090149929248603,11,auss
16,Batch_Cov_TopEig,MIA_Hidden,-0.39090909090909093,0.23454006709519432,11,auss
16,Batch_Cov_TopEig,SPV_MIA,0.44749324967767873,0.16755265305915112,11,auss
16,Reg_S_alpha_2,Steering,0.2967032967032967,0.3249215884859752,13,entropy
16,Reg_S_alpha_2,ICL,-0.10158796517275437,0.7412264974176268,13,entropy
16,Reg_S_alpha_2,GCG,0.12440333788202981,0.6855315900099744,13,entropy
16,Reg_S_alpha_2,MIA,0.20329670329670327,0.5053147342962486,13,entropy
16,Reg_S_alpha_2,MIA_MinK,-0.09999999999999999,0.797971695234851,9,entropy
16,Reg_S_alpha_2,MIA_Ref,0.2333333333333333,0.5456987782182727,9,entropy
16,Reg_S_alpha_2,MIA_Hidden,0.31666666666666665,0.4063970144863861,9,entropy
16,Reg_S_alpha_2,SPV_MIA,-0.16666666666666669,0.668231040071504,9,entropy
16,Reg_MeanCos,Steering,-0.06593406593406594,0.8305423857560938,13,entropy
16,Reg_MeanCos,ICL,0.2934763438324015,0.3304617581948901,13,entropy
16,Reg_MeanCos,GCG,0.2456168465875973,0.4185973412211139,13,entropy
16,Reg_MeanCos,MIA,-0.3186813186813187,0.2885831614447202,13,entropy
16,Reg_MeanCos,MIA_MinK,0.26666666666666666,0.4879222748387009,9,entropy
16,Reg_MeanCos,MIA_Ref,-0.41666666666666663,0.26458604674749614,9,entropy
16,Reg_MeanCos,MIA_Hidden,-0.45,0.22421610749233659,9,entropy
16,Reg_MeanCos,SPV_MIA,-0.25,0.5164895523012263,9,entropy
16,Reg_MeanL2,Steering,-0.22527472527472525,0.4593051427250058,13,entropy
16,Reg_MeanL2,ICL,0.24550424916748972,0.4188175119267644,13,entropy
16,Reg_MeanL2,GCG,-0.006379658352924605,0.9834974731813249,13,entropy
16,Reg_MeanL2,MIA,-0.07692307692307691,0.8027630076692551,13,entropy
16,Reg_MeanL2,MIA_MinK,0.7,0.03576957497026169,9,entropy
16,Reg_MeanL2,MIA_Ref,0.3666666666666667,0.33173980143301507,9,entropy
16,Reg_MeanL2,MIA_Hidden,-0.6166666666666666,0.07692880993776309,9,entropy
16,Reg_MeanL2,SPV_MIA,0.2833333333333333,0.46003032896571994,9,entropy
16,AnonDiff_S_alpha_2,Steering,-0.03846153846153846,0.9007243023389337,13,entropy
16,AnonDiff_S_alpha_2,ICL,-0.5220492654710989,0.06724767902633014,13,entropy
16,AnonDiff_S_alpha_2,GCG,-0.48485403482227,0.09309475134156509,13,entropy
16,AnonDiff_S_alpha_2,MIA,0.19230769230769232,0.5290679872349875,13,entropy
16,AnonDiff_S_alpha_2,MIA_MinK,-0.38333333333333336,0.30849527238037144,9,entropy
16,AnonDiff_S_alpha_2,MIA_Ref,0.06666666666666667,0.8646897846262037,9,entropy
16,AnonDiff_S_alpha_2,MIA_Hidden,0.21666666666666667,0.5755148957119259,9,entropy
16,AnonDiff_S_alpha_2,SPV_MIA,0.7166666666666667,0.029818035695845287,9,entropy
16,AnonDiff_MeanCos,Steering,0.1758241758241758,0.5655798619595345,13,entropy
16,AnonDiff_MeanCos,ICL,0.756265962952727,0.002776607242649395,13,entropy
16,AnonDiff_MeanCos,GCG,0.5071828390575062,0.0768816747617425,13,entropy
16,AnonDiff_MeanCos,MIA,-0.42857142857142855,0.14397143468783608,13,entropy
16,AnonDiff_MeanCos,MIA_MinK,0.11666666666666665,0.7650079429261462,9,entropy
16,AnonDiff_MeanCos,MIA_Ref,0.0,1.0,9,entropy
16,AnonDiff_MeanCos,MIA_Hidden,0.016666666666666666,0.9660548039946861,9,entropy
16,AnonDiff_MeanCos,SPV_MIA,-0.8833333333333333,0.0015905004234978686,9,entropy
16,AnonDiff_MeanL2,Steering,-0.054945054945054944,0.8585042942308735,13,entropy
16,AnonDiff_MeanL2,ICL,0.2878325679894707,0.3402759044165541,13,entropy
16,AnonDiff_MeanL2,GCG,0.1307829962349544,0.6702033346905142,13,entropy
16,AnonDiff_MeanL2,MIA,-0.4340659340659341,0.1383423778882127,13,entropy
16,AnonDiff_MeanL2,MIA_MinK,0.31666666666666665,0.4063970144863861,9,entropy
16,AnonDiff_MeanL2,MIA_Ref,-0.2833333333333333,0.46003032896571994,9,entropy
16,AnonDiff_MeanL2,MIA_Hidden,-0.7166666666666667,0.029818035695845287,9,entropy
16,AnonDiff_MeanL2,SPV_MIA,-0.16666666666666669,0.668231040071504,9,entropy
16,NormAnonDiff_S_alpha_2,Steering,-0.08241758241758242,0.788950927847518,13,entropy
16,NormAnonDiff_S_alpha_2,ICL,-0.6744312132302304,0.011458400483692413,13,entropy
16,NormAnonDiff_S_alpha_2,GCG,-0.48485403482227,0.09309475134156509,13,entropy
16,NormAnonDiff_S_alpha_2,MIA,0.39560439560439564,0.1808891631049407,13,entropy
16,NormAnonDiff_S_alpha_2,MIA_MinK,-0.21666666666666667,0.5755148957119259,9,entropy
16,NormAnonDiff_S_alpha_2,MIA_Ref,0.09999999999999999,0.797971695234851,9,entropy
16,NormAnonDiff_S_alpha_2,MIA_Hidden,0.2333333333333333,0.5456987782182727,9,entropy
16,NormAnonDiff_S_alpha_2,SPV_MIA,0.7833333333333333,0.012519873019449882,9,entropy
16,NormAnonDiff_MeanCos,Steering,0.1758241758241758,0.5655798619595345,13,entropy
16,NormAnonDiff_MeanCos,ICL,0.756265962952727,0.002776607242649395,13,entropy
16,NormAnonDiff_MeanCos,GCG,0.5071828390575062,0.0768816747617425,13,entropy
16,NormAnonDiff_MeanCos,MIA,-0.42857142857142855,0.14397143468783608,13,entropy
16,NormAnonDiff_MeanCos,MIA_MinK,0.11666666666666665,0.7650079429261462,9,entropy
16,NormAnonDiff_MeanCos,MIA_Ref,0.0,1.0,9,entropy
16,NormAnonDiff_MeanCos,MIA_Hidden,0.016666666666666666,0.9660548039946861,9,entropy
16,NormAnonDiff_MeanCos,SPV_MIA,-0.8833333333333333,0.0015905004234978686,9,entropy
17,Centroid_Norm,Steering,0.2321428571428571,0.40509874069364893,15,auss
17,Centroid_Norm,ICL,0.7172220489726089,0.002614712894862747,15,auss
17,Centroid_Norm,GCG,0.0881844526878323,0.7546481282736399,15,auss
17,Centroid_Norm,MIA,-0.07857142857142857,0.7807545523090466,15,auss
17,Centroid_Norm,MIA_MinK,0.13636363636363638,0.6893090205863619,11,auss
17,Centroid_Norm,MIA_Ref,0.05454545454545456,0.8734465775233149,11,auss
17,Centroid_Norm,MIA_Hidden,0.03636363636363637,0.9154683168905347,11,auss
17,Centroid_Norm,SPV_MIA,-0.5981797521201624,0.05189733457156114,11,auss
17,Global_Coherence,Steering,0.2321428571428571,0.40509874069364893,15,auss
17,Global_Coherence,ICL,0.7172220489726089,0.002614712894862747,15,auss
17,Global_Coherence,GCG,0.0881844526878323,0.7546481282736399,15,auss
17,Global_Coherence,MIA,-0.07857142857142857,0.7807545523090466,15,auss
17,Global_Coherence,MIA_MinK,0.13636363636363638,0.6893090205863619,11,auss
17,Global_Coherence,MIA_Ref,0.05454545454545456,0.8734465775233149,11,auss
17,Global_Coherence,MIA_Hidden,0.03636363636363637,0.9154683168905347,11,auss
17,Global_Coherence,SPV_MIA,-0.5981797521201624,0.05189733457156114,11,auss
17,Batch_SecondMoment_TopEig,Steering,0.2678571428571428,0.3344436005123538,15,auss
17,Batch_SecondMoment_TopEig,ICL,0.7172220489726089,0.002614712894862747,15,auss
17,Batch_SecondMoment_TopEig,GCG,0.11170030673792092,0.6918641053978338,15,auss
17,Batch_SecondMoment_TopEig,MIA,-0.10714285714285714,0.7039010016261615,15,auss
17,Batch_SecondMoment_TopEig,MIA_MinK,0.13636363636363638,0.6893090205863619,11,auss
17,Batch_SecondMoment_TopEig,MIA_Ref,0.05454545454545456,0.8734465775233149,11,auss
17,Batch_SecondMoment_TopEig,MIA_Hidden,0.03636363636363637,0.9154683168905347,11,auss
17,Batch_SecondMoment_TopEig,SPV_MIA,-0.5981797521201624,0.05189733457156114,11,auss
17,AUSS_L2,Steering,-0.2321428571428571,0.40509874069364893,15,auss
17,AUSS_L2,ICL,-0.7172220489726089,0.002614712894862747,15,auss
17,AUSS_L2,GCG,-0.0881844526878323,0.7546481282736399,15,auss
17,AUSS_L2,MIA,0.07857142857142857,0.7807545523090466,15,auss
17,AUSS_L2,MIA_MinK,-0.13636363636363638,0.6893090205863619,11,auss
17,AUSS_L2,MIA_Ref,-0.05454545454545456,0.8734465775233149,11,auss
17,AUSS_L2,MIA_Hidden,-0.03636363636363637,0.9154683168905347,11,auss
17,AUSS_L2,SPV_MIA,0.5981797521201624,0.05189733457156114,11,auss
17,AUSS_Cos2,Steering,-0.2821428571428571,0.30828445682005556,15,auss
17,AUSS_Cos2,ICL,-0.7282562343414183,0.002079099715782308,15,auss
17,AUSS_Cos2,GCG,-0.11170030673792092,0.6918641053978338,15,auss
17,AUSS_Cos2,MIA,0.16428571428571426,0.5584973732486012,15,auss
17,AUSS_Cos2,MIA_MinK,-0.13636363636363638,0.6893090205863619,11,auss
17,AUSS_Cos2,MIA_Ref,-0.05454545454545456,0.8734465775233149,11,auss
17,AUSS_Cos2,MIA_Hidden,-0.03636363636363637,0.9154683168905347,11,auss
17,AUSS_Cos2,SPV_MIA,0.5981797521201624,0.05189733457156114,11,auss
17,AUSS_Jac,Steering,-0.18214285714285713,0.5158816817070392,15,auss
17,AUSS_Jac,ICL,-0.21700564558658425,0.4372337393817043,15,auss
17,AUSS_Jac,GCG,0.0803458346711361,0.7759184915207653,15,auss
17,AUSS_Jac,MIA,-0.0035714285714285704,0.9899214068809781,15,auss
17,AUSS_Jac,MIA_MinK,-0.30000000000000004,0.37008312228206786,11,auss
17,AUSS_Jac,MIA_Ref,0.10909090909090911,0.7495085962341482,11,auss
17,AUSS_Jac,MIA_Hidden,0.23636363636363636,0.4840911622253965,11,auss
17,AUSS_Jac,SPV_MIA,-0.05479509179726678,0.8728714270204565,11,auss
17,Batch_Cov_Trace,Steering,-0.2321428571428571,0.40509874069364893,15,auss
17,Batch_Cov_Trace,ICL,-0.7172220489726089,0.002614712894862747,15,auss
17,Batch_Cov_Trace,GCG,-0.0881844526878323,0.7546481282736399,15,auss
17,Batch_Cov_Trace,MIA,0.07857142857142857,0.7807545523090466,15,auss
17,Batch_Cov_Trace,MIA_MinK,-0.13636363636363638,0.6893090205863619,11,auss
17,Batch_Cov_Trace,MIA_Ref,-0.05454545454545456,0.8734465775233149,11,auss
17,Batch_Cov_Trace,MIA_Hidden,-0.03636363636363637,0.9154683168905347,11,auss
17,Batch_Cov_Trace,SPV_MIA,0.5981797521201624,0.05189733457156114,11,auss
17,Batch_Cov_TopEig,Steering,-0.1357142857142857,0.6296204418728145,15,auss
17,Batch_Cov_TopEig,ICL,-0.599524071705309,0.01816574311896043,15,auss
17,Batch_Cov_TopEig,GCG,-0.16853028735896838,0.54823325792005,15,auss
17,Batch_Cov_TopEig,MIA,-0.15,0.5936302027425882,15,auss
17,Batch_Cov_TopEig,MIA_MinK,-0.1272727272727273,0.7092146257733047,11,auss
17,Batch_Cov_TopEig,MIA_Ref,-0.4000000000000001,0.22286835013352002,11,auss
17,Batch_Cov_TopEig,MIA_Hidden,-0.3454545454545455,0.2980892209030388,11,auss
17,Batch_Cov_TopEig,SPV_MIA,0.4703245379265399,0.1443185787551191,11,auss
17,Reg_S_alpha_2,Steering,0.021978021978021976,0.9431862416608072,13,entropy
17,Reg_S_alpha_2,ICL,-0.05361587050784258,0.8618974034721361,13,entropy
17,Reg_S_alpha_2,GCG,-0.08293555858801988,0.7876517015927583,13,entropy
17,Reg_S_alpha_2,MIA,0.34065934065934067,0.2547064607541252,13,entropy
17,Reg_S_alpha_2,MIA_MinK,-0.15,0.7000942309691419,9,entropy
17,Reg_S_alpha_2,MIA_Ref,0.5333333333333333,0.13922686754397814,9,entropy
17,Reg_S_alpha_2,MIA_Hidden,0.16666666666666669,0.668231040071504,9,entropy
17,Reg_S_alpha_2,SPV_MIA,0.13333333333333333,0.7323675052362975,9,entropy
17,Reg_MeanCos,Steering,0.005494505494505494,0.9857869107140623,13,entropy
17,Reg_MeanCos,ICL,0.18342271489525092,0.548620595935006,13,entropy
17,Reg_MeanCos,GCG,0.2456168465875973,0.4185973412211139,13,entropy
17,Reg_MeanCos,MIA,-0.32417582417582413,0.2798818688931399,13,entropy
17,Reg_MeanCos,MIA_MinK,0.31666666666666665,0.4063970144863861,9,entropy
17,Reg_MeanCos,MIA_Ref,-0.43333333333333335,0.2439524358800516,9,entropy
17,Reg_MeanCos,MIA_Hidden,-0.39999999999999997,0.2861051019083129,9,entropy
17,Reg_MeanCos,SPV_MIA,-0.2833333333333333,0.46003032896571994,9,entropy
17,Reg_MeanL2,Steering,-0.21978021978021978,0.47061485147214255,13,entropy
17,Reg_MeanL2,ICL,0.2257510337172319,0.4583309112579038,13,entropy
17,Reg_MeanL2,GCG,-0.04465760847047224,0.8848201238017703,13,entropy
17,Reg_MeanL2,MIA,-0.07142857142857142,0.816628040676086,13,entropy
17,Reg_MeanL2,MIA_MinK,0.75,0.019942126131992522,9,entropy
17,Reg_MeanL2,MIA_Ref,0.38333333333333336,0.30849527238037144,9,entropy
17,Reg_MeanL2,MIA_Hidden,-0.6,0.0876228290414024,9,entropy
17,Reg_MeanL2,SPV_MIA,0.39999999999999997,0.2861051019083129,9,entropy
17,AnonDiff_S_alpha_2,Steering,-0.07692307692307691,0.8027630076692551,13,entropy
17,AnonDiff_S_alpha_2,ICL,-0.49665227417791025,0.08426117493205003,13,entropy
17,AnonDiff_S_alpha_2,GCG,-0.4306269388224109,0.14184831433653405,13,entropy
17,AnonDiff_S_alpha_2,MIA,0.3021978021978022,0.3156083662499549,13,entropy
17,AnonDiff_S_alpha_2,MIA_MinK,-0.3666666666666667,0.33173980143301507,9,entropy
17,AnonDiff_S_alpha_2,MIA_Ref,0.35,0.35581957250178897,9,entropy
17,AnonDiff_S_alpha_2,MIA_Hidden,0.16666666666666669,0.668231040071504,9,entropy
17,AnonDiff_S_alpha_2,SPV_MIA,0.6333333333333333,0.06708578689234565,9,entropy
17,AnonDiff_MeanCos,Steering,0.18131868131868134,0.5532950092839335,13,entropy
17,AnonDiff_MeanCos,ICL,0.7082938682878152,0.0067376103583211945,13,entropy
17,AnonDiff_MeanCos,GCG,0.5071828390575062,0.0768816747617425,13,entropy
17,AnonDiff_MeanCos,MIA,-0.4010989010989011,0.17435746494503282,13,entropy
17,AnonDiff_MeanCos,MIA_MinK,0.11666666666666665,0.7650079429261462,9,entropy
17,AnonDiff_MeanCos,MIA_Ref,0.0,1.0,9,entropy
17,AnonDiff_MeanCos,MIA_Hidden,0.016666666666666666,0.9660548039946861,9,entropy
17,AnonDiff_MeanCos,SPV_MIA,-0.8833333333333333,0.0015905004234978686,9,entropy
17,AnonDiff_MeanL2,Steering,-0.054945054945054944,0.8585042942308735,13,entropy
17,AnonDiff_MeanL2,ICL,0.2878325679894707,0.3402759044165541,13,entropy
17,AnonDiff_MeanL2,GCG,0.1307829962349544,0.6702033346905142,13,entropy
17,AnonDiff_MeanL2,MIA,-0.4340659340659341,0.1383423778882127,13,entropy
17,AnonDiff_MeanL2,MIA_MinK,0.31666666666666665,0.4063970144863861,9,entropy
17,AnonDiff_MeanL2,MIA_Ref,-0.2833333333333333,0.46003032896571994,9,entropy
17,AnonDiff_MeanL2,MIA_Hidden,-0.7166666666666667,0.029818035695845287,9,entropy
17,AnonDiff_MeanL2,SPV_MIA,-0.16666666666666669,0.668231040071504,9,entropy
17,NormAnonDiff_S_alpha_2,Steering,-0.16483516483516483,0.590478988652005,13,entropy
17,NormAnonDiff_S_alpha_2,ICL,-0.6123496789579916,0.02610178444642592,13,entropy
17,NormAnonDiff_S_alpha_2,GCG,-0.5614099350573653,0.04588738025169015,13,entropy
17,NormAnonDiff_S_alpha_2,MIA,0.3736263736263736,0.20855405979520908,13,entropy
17,NormAnonDiff_S_alpha_2,MIA_MinK,-0.21666666666666667,0.5755148957119259,9,entropy
17,NormAnonDiff_S_alpha_2,MIA_Ref,0.09999999999999999,0.797971695234851,9,entropy
17,NormAnonDiff_S_alpha_2,MIA_Hidden,0.2333333333333333,0.5456987782182727,9,entropy
17,NormAnonDiff_S_alpha_2,SPV_MIA,0.7833333333333333,0.012519873019449882,9,entropy
17,NormAnonDiff_MeanCos,Steering,0.18131868131868134,0.5532950092839335,13,entropy
17,NormAnonDiff_MeanCos,ICL,0.7082938682878152,0.0067376103583211945,13,entropy
17,NormAnonDiff_MeanCos,GCG,0.5071828390575062,0.0768816747617425,13,entropy
17,NormAnonDiff_MeanCos,MIA,-0.4010989010989011,0.17435746494503282,13,entropy
17,NormAnonDiff_MeanCos,MIA_MinK,0.11666666666666665,0.7650079429261462,9,entropy
17,NormAnonDiff_MeanCos,MIA_Ref,0.0,1.0,9,entropy
17,NormAnonDiff_MeanCos,MIA_Hidden,0.016666666666666666,0.9660548039946861,9,entropy
17,NormAnonDiff_MeanCos,SPV_MIA,-0.8833333333333333,0.0015905004234978686,9,entropy
18,Centroid_Norm,Steering,0.2321428571428571,0.40509874069364893,15,auss
18,Centroid_Norm,ICL,0.7135439871830058,0.002815925030465455,15,auss
18,Centroid_Norm,GCG,0.0646685986377437,0.8188919146093059,15,auss
18,Centroid_Norm,MIA,-0.14285714285714282,0.6115222287644655,15,auss
18,Centroid_Norm,MIA_MinK,0.13636363636363638,0.6893090205863619,11,auss
18,Centroid_Norm,MIA_Ref,0.05454545454545456,0.8734465775233149,11,auss
18,Centroid_Norm,MIA_Hidden,0.03636363636363637,0.9154683168905347,11,auss
18,Centroid_Norm,SPV_MIA,-0.5981797521201624,0.05189733457156114,11,auss
18,Global_Coherence,Steering,0.2321428571428571,0.40509874069364893,15,auss
18,Global_Coherence,ICL,0.7135439871830058,0.002815925030465455,15,auss
18,Global_Coherence,GCG,0.0646685986377437,0.8188919146093059,15,auss
18,Global_Coherence,MIA,-0.14285714285714282,0.6115222287644655,15,auss
18,Global_Coherence,MIA_MinK,0.13636363636363638,0.6893090205863619,11,auss
18,Global_Coherence,MIA_Ref,0.05454545454545456,0.8734465775233149,11,auss
18,Global_Coherence,MIA_Hidden,0.03636363636363637,0.9154683168905347,11,auss
18,Global_Coherence,SPV_MIA,-0.5981797521201624,0.05189733457156114,11,auss
18,Batch_SecondMoment_TopEig,Steering,0.23571428571428568,0.3977029459032728,15,auss
18,Batch_SecondMoment_TopEig,ICL,0.7319342961310215,0.0019215986637961607,15,auss
18,Batch_SecondMoment_TopEig,GCG,0.0646685986377437,0.8188919146093059,15,auss
18,Batch_SecondMoment_TopEig,MIA,-0.18214285714285713,0.5158816817070392,15,auss
18,Batch_SecondMoment_TopEig,MIA_MinK,0.13636363636363638,0.6893090205863619,11,auss
18,Batch_SecondMoment_TopEig,MIA_Ref,0.05454545454545456,0.8734465775233149,11,auss
18,Batch_SecondMoment_TopEig,MIA_Hidden,0.03636363636363637,0.9154683168905347,11,auss
18,Batch_SecondMoment_TopEig,SPV_MIA,-0.5981797521201624,0.05189733457156114,11,auss
18,AUSS_L2,Steering,-0.2321428571428571,0.40509874069364893,15,auss
18,AUSS_L2,ICL,-0.7135439871830058,0.002815925030465455,15,auss
18,AUSS_L2,GCG,-0.0646685986377437,0.8188919146093059,15,auss
18,AUSS_L2,MIA,0.14285714285714282,0.6115222287644655,15,auss
18,AUSS_L2,MIA_MinK,-0.13636363636363638,0.6893090205863619,11,auss
18,AUSS_L2,MIA_Ref,-0.05454545454545456,0.8734465775233149,11,auss
18,AUSS_L2,MIA_Hidden,-0.03636363636363637,0.9154683168905347,11,auss
18,AUSS_L2,SPV_MIA,0.5981797521201624,0.05189733457156114,11,auss
18,AUSS_Cos2,Steering,-0.23571428571428568,0.3977029459032728,15,auss
18,AUSS_Cos2,ICL,-0.7319342961310215,0.0019215986637961607,15,auss
18,AUSS_Cos2,GCG,-0.0646685986377437,0.8188919146093059,15,auss
18,AUSS_Cos2,MIA,0.18214285714285713,0.5158816817070392,15,auss
18,AUSS_Cos2,MIA_MinK,-0.13636363636363638,0.6893090205863619,11,auss
18,AUSS_Cos2,MIA_Ref,-0.05454545454545456,0.8734465775233149,11,auss
18,AUSS_Cos2,MIA_Hidden,-0.03636363636363637,0.9154683168905347,11,auss
18,AUSS_Cos2,SPV_MIA,0.5981797521201624,0.05189733457156114,11,auss
18,AUSS_Jac,Steering,-0.22142857142857136,0.42771371901637,15,auss
18,AUSS_Jac,ICL,-0.19861533663856862,0.4779407032287668,15,auss
18,AUSS_Jac,GCG,0.0646685986377437,0.8188919146093059,15,auss
18,AUSS_Jac,MIA,0.03214285714285714,0.9094621170945906,15,auss
18,AUSS_Jac,MIA_MinK,-0.3181818181818182,0.34029761418190363,11,auss
18,AUSS_Jac,MIA_Ref,0.21818181818181823,0.519248247554982,11,auss
18,AUSS_Jac,MIA_Hidden,0.24545454545454545,0.4669223669820163,11,auss
18,AUSS_Jac,SPV_MIA,-0.11872269889407801,0.7280862602638447,11,auss
18,Batch_Cov_Trace,Steering,-0.2321428571428571,0.40509874069364893,15,auss
18,Batch_Cov_Trace,ICL,-0.7135439871830058,0.002815925030465455,15,auss
18,Batch_Cov_Trace,GCG,-0.0646685986377437,0.8188919146093059,15,auss
18,Batch_Cov_Trace,MIA,0.14285714285714282,0.6115222287644655,15,auss
18,Batch_Cov_Trace,MIA_MinK,-0.13636363636363638,0.6893090205863619,11,auss
18,Batch_Cov_Trace,MIA_Ref,-0.05454545454545456,0.8734465775233149,11,auss
18,Batch_Cov_Trace,MIA_Hidden,-0.03636363636363637,0.9154683168905347,11,auss
18,Batch_Cov_Trace,SPV_MIA,0.5981797521201624,0.05189733457156114,11,auss
18,Batch_Cov_TopEig,Steering,-0.125,0.6571356681869504,15,auss
18,Batch_Cov_TopEig,ICL,-0.599524071705309,0.01816574311896043,15,auss
18,Batch_Cov_TopEig,GCG,-0.06662825314191774,0.8134914595867507,15,auss
18,Batch_Cov_TopEig,MIA,-0.2071428571428571,0.4588428049634703,15,auss
18,Batch_Cov_TopEig,MIA_MinK,-0.05454545454545456,0.8734465775233149,11,auss
18,Batch_Cov_TopEig,MIA_Ref,-0.43636363636363645,0.17966487658001123,11,auss
18,Batch_Cov_TopEig,MIA_Hidden,-0.4000000000000001,0.22286835013352002,11,auss
18,Batch_Cov_TopEig,SPV_MIA,0.4063969308297286,0.21486420169491638,11,auss
18,Reg_S_alpha_2,Steering,0.021978021978021976,0.9431862416608072,13,entropy
18,Reg_S_alpha_2,ICL,-0.05361587050784258,0.8618974034721361,13,entropy
18,Reg_S_alpha_2,GCG,-0.08293555858801988,0.7876517015927583,13,entropy
18,Reg_S_alpha_2,MIA,0.34065934065934067,0.2547064607541252,13,entropy
18,Reg_S_alpha_2,MIA_MinK,-0.15,0.7000942309691419,9,entropy
18,Reg_S_alpha_2,MIA_Ref,0.5333333333333333,0.13922686754397814,9,entropy
18,Reg_S_alpha_2,MIA_Hidden,0.16666666666666669,0.668231040071504,9,entropy
18,Reg_S_alpha_2,SPV_MIA,0.13333333333333333,0.7323675052362975,9,entropy
18,Reg_MeanCos,Steering,-0.016483516483516484,0.9573761750901849,13,entropy
18,Reg_MeanCos,ICL,0.2172853699528357,0.4757931748022596,13,entropy
18,Reg_MeanCos,GCG,0.2456168465875973,0.4185973412211139,13,entropy
18,Reg_MeanCos,MIA,-0.3186813186813187,0.2885831614447202,13,entropy
18,Reg_MeanCos,MIA_MinK,0.31666666666666665,0.4063970144863861,9,entropy
18,Reg_MeanCos,MIA_Ref,-0.43333333333333335,0.2439524358800516,9,entropy
18,Reg_MeanCos,MIA_Hidden,-0.39999999999999997,0.2861051019083129,9,entropy
18,Reg_MeanCos,SPV_MIA,-0.2833333333333333,0.46003032896571994,9,entropy
18,Reg_MeanL2,Steering,-0.26373626373626374,0.3839365166506743,13,entropy
18,Reg_MeanL2,ICL,0.18342271489525092,0.548620595935006,13,entropy
18,Reg_MeanL2,GCG,-0.08293555858801988,0.7876517015927583,13,entropy
18,Reg_MeanL2,MIA,-0.03296703296703297,0.9148564744875125,13,entropy
18,Reg_MeanL2,MIA_MinK,0.75,0.019942126131992522,9,entropy
18,Reg_MeanL2,MIA_Ref,0.38333333333333336,0.30849527238037144,9,entropy
18,Reg_MeanL2,MIA_Hidden,-0.6,0.0876228290414024,9,entropy
18,Reg_MeanL2,SPV_MIA,0.39999999999999997,0.2861051019083129,9,entropy
18,AnonDiff_S_alpha_2,Steering,0.016483516483516484,0.9573761750901849,13,entropy
18,AnonDiff_S_alpha_2,ICL,-0.5107617137852373,0.07447967564462628,13,entropy
18,AnonDiff_S_alpha_2,GCG,-0.40829813458717473,0.16603005511497088,13,entropy
18,AnonDiff_S_alpha_2,MIA,0.22527472527472525,0.4593051427250058,13,entropy
18,AnonDiff_S_alpha_2,MIA_MinK,-0.48333333333333334,0.18746985521554207,9,entropy
18,AnonDiff_S_alpha_2,MIA_Ref,0.31666666666666665,0.4063970144863861,9,entropy
18,AnonDiff_S_alpha_2,MIA_Hidden,0.25,0.5164895523012263,9,entropy
18,AnonDiff_S_alpha_2,SPV_MIA,0.6,0.0876228290414024,9,entropy
18,AnonDiff_MeanCos,Steering,0.16483516483516483,0.590478988652005,13,entropy
18,AnonDiff_MeanCos,ICL,0.7224033078951422,0.005286482814158244,13,entropy
18,AnonDiff_MeanCos,GCG,0.5071828390575062,0.0768816747617425,13,entropy
18,AnonDiff_MeanCos,MIA,-0.40659340659340654,0.16797834614789645,13,entropy
18,AnonDiff_MeanCos,MIA_MinK,0.11666666666666665,0.7650079429261462,9,entropy
18,AnonDiff_MeanCos,MIA_Ref,0.0,1.0,9,entropy
18,AnonDiff_MeanCos,MIA_Hidden,0.016666666666666666,0.9660548039946861,9,entropy
18,AnonDiff_MeanCos,SPV_MIA,-0.8833333333333333,0.0015905004234978686,9,entropy
18,AnonDiff_MeanL2,Steering,-0.07692307692307691,0.8027630076692551,13,entropy
18,AnonDiff_MeanL2,ICL,0.3245171109685208,0.27934648595308514,13,entropy
18,AnonDiff_MeanL2,GCG,0.14673214211726593,0.6324038690587923,13,entropy
18,AnonDiff_MeanL2,MIA,-0.37912087912087916,0.20140608996104353,13,entropy
18,AnonDiff_MeanL2,MIA_MinK,0.43333333333333335,0.2439524358800516,9,entropy
18,AnonDiff_MeanL2,MIA_Ref,-0.16666666666666669,0.668231040071504,9,entropy
18,AnonDiff_MeanL2,MIA_Hidden,-0.75,0.019942126131992522,9,entropy
18,AnonDiff_MeanL2,SPV_MIA,-0.13333333333333333,0.7323675052362975,9,entropy
18,NormAnonDiff_S_alpha_2,Steering,-0.14285714285714285,0.6415164215860882,13,entropy
18,NormAnonDiff_S_alpha_2,ICL,-0.5925964635077338,0.03282261787979922,13,entropy
18,NormAnonDiff_S_alpha_2,GCG,-0.5231319849398176,0.06658098074185795,13,entropy
18,NormAnonDiff_S_alpha_2,MIA,0.37912087912087916,0.20140608996104353,13,entropy
18,NormAnonDiff_S_alpha_2,MIA_MinK,-0.3,0.4328453267094823,9,entropy
18,NormAnonDiff_S_alpha_2,MIA_Ref,0.15,0.7000942309691419,9,entropy
18,NormAnonDiff_S_alpha_2,MIA_Hidden,0.19999999999999998,0.6059012741795533,9,entropy
18,NormAnonDiff_S_alpha_2,SPV_MIA,0.7666666666666667,0.01594401657897401,9,entropy
18,NormAnonDiff_MeanCos,Steering,0.16483516483516483,0.590478988652005,13,entropy
18,NormAnonDiff_MeanCos,ICL,0.7224033078951422,0.005286482814158244,13,entropy
18,NormAnonDiff_MeanCos,GCG,0.5071828390575062,0.0768816747617425,13,entropy
18,NormAnonDiff_MeanCos,MIA,-0.40659340659340654,0.16797834614789645,13,entropy
18,NormAnonDiff_MeanCos,MIA_MinK,0.11666666666666665,0.7650079429261462,9,entropy
18,NormAnonDiff_MeanCos,MIA_Ref,0.0,1.0,9,entropy
18,NormAnonDiff_MeanCos,MIA_Hidden,0.016666666666666666,0.9660548039946861,9,entropy
18,NormAnonDiff_MeanCos,SPV_MIA,-0.8833333333333333,0.0015905004234978686,9,entropy
19,Centroid_Norm,Steering,0.1464285714285714,0.602549920983054,15,auss
19,Centroid_Norm,ICL,0.7871052229750682,0.0004968444995583143,15,auss
19,Centroid_Norm,GCG,0.07446687115861393,0.7919696829302221,15,auss
19,Centroid_Norm,MIA,-0.09285714285714285,0.742045009907367,15,auss
19,Centroid_Norm,MIA_MinK,0.20909090909090913,0.5372209352113229,11,auss
19,Centroid_Norm,MIA_Ref,0.23636363636363636,0.4840911622253965,11,auss
19,Centroid_Norm,MIA_Hidden,-0.02727272727272728,0.9365584481926122,11,auss
19,Centroid_Norm,SPV_MIA,-0.6621073592169735,0.02645372580617344,11,auss
19,Global_Coherence,Steering,0.1464285714285714,0.602549920983054,15,auss
19,Global_Coherence,ICL,0.7871052229750682,0.0004968444995583143,15,auss
19,Global_Coherence,GCG,0.07446687115861393,0.7919696829302221,15,auss
19,Global_Coherence,MIA,-0.09285714285714285,0.742045009907367,15,auss
19,Global_Coherence,MIA_MinK,0.20909090909090913,0.5372209352113229,11,auss
19,Global_Coherence,MIA_Ref,0.23636363636363636,0.4840911622253965,11,auss
19,Global_Coherence,MIA_Hidden,-0.02727272727272728,0.9365584481926122,11,auss
19,Global_Coherence,SPV_MIA,-0.6621073592169735,0.02645372580617344,11,auss
19,Batch_SecondMoment_TopEig,Steering,0.1464285714285714,0.602549920983054,15,auss
19,Batch_SecondMoment_TopEig,ICL,0.7871052229750682,0.0004968444995583143,15,auss
19,Batch_SecondMoment_TopEig,GCG,0.07446687115861393,0.7919696829302221,15,auss
19,Batch_SecondMoment_TopEig,MIA,-0.09285714285714285,0.742045009907367,15,auss
19,Batch_SecondMoment_TopEig,MIA_MinK,0.20909090909090913,0.5372209352113229,11,auss
19,Batch_SecondMoment_TopEig,MIA_Ref,0.23636363636363636,0.4840911622253965,11,auss
19,Batch_SecondMoment_TopEig,MIA_Hidden,-0.02727272727272728,0.9365584481926122,11,auss
19,Batch_SecondMoment_TopEig,SPV_MIA,-0.6621073592169735,0.02645372580617344,11,auss
19,AUSS_L2,Steering,-0.1464285714285714,0.602549920983054,15,auss
19,AUSS_L2,ICL,-0.7871052229750682,0.0004968444995583143,15,auss
19,AUSS_L2,GCG,-0.07446687115861393,0.7919696829302221,15,auss
19,AUSS_L2,MIA,0.09285714285714285,0.742045009907367,15,auss
19,AUSS_L2,MIA_MinK,-0.20909090909090913,0.5372209352113229,11,auss
19,AUSS_L2,MIA_Ref,-0.23636363636363636,0.4840911622253965,11,auss
19,AUSS_L2,MIA_Hidden,0.02727272727272728,0.9365584481926122,11,auss
19,AUSS_L2,SPV_MIA,0.6621073592169735,0.02645372580617344,11,auss
19,AUSS_Cos2,Steering,-0.1464285714285714,0.602549920983054,15,auss
19,AUSS_Cos2,ICL,-0.7871052229750682,0.0004968444995583143,15,auss
19,AUSS_Cos2,GCG,-0.07446687115861393,0.7919696829302221,15,auss
19,AUSS_Cos2,MIA,0.09285714285714285,0.742045009907367,15,auss
19,AUSS_Cos2,MIA_MinK,-0.20909090909090913,0.5372209352113229,11,auss
19,AUSS_Cos2,MIA_Ref,-0.23636363636363636,0.4840911622253965,11,auss
19,AUSS_Cos2,MIA_Hidden,0.02727272727272728,0.9365584481926122,11,auss
19,AUSS_Cos2,SPV_MIA,0.6621073592169735,0.02645372580617344,11,auss
19,AUSS_Jac,Steering,-0.25357142857142856,0.3618161038158896,15,auss
19,AUSS_Jac,ICL,-0.19861533663856862,0.4779407032287668,15,auss
19,AUSS_Jac,GCG,0.04115274458765508,0.8842237494667209,15,auss
19,AUSS_Jac,MIA,0.024999999999999998,0.9295289708192378,15,auss
19,AUSS_Jac,MIA_MinK,-0.3272727272727273,0.32589494101284167,11,auss
19,AUSS_Jac,MIA_Ref,0.26363636363636367,0.4334407376116145,11,auss
19,AUSS_Jac,MIA_Hidden,0.3272727272727273,0.32589494101284167,11,auss
19,AUSS_Jac,SPV_MIA,-0.04566257649772231,0.8939461664563255,11,auss
19,Batch_Cov_Trace,Steering,-0.1464285714285714,0.602549920983054,15,auss
19,Batch_Cov_Trace,ICL,-0.7871052229750682,0.0004968444995583143,15,auss
19,Batch_Cov_Trace,GCG,-0.07446687115861393,0.7919696829302221,15,auss
19,Batch_Cov_Trace,MIA,0.09285714285714285,0.742045009907367,15,auss
19,Batch_Cov_Trace,MIA_MinK,-0.20909090909090913,0.5372209352113229,11,auss
19,Batch_Cov_Trace,MIA_Ref,-0.23636363636363636,0.4840911622253965,11,auss
19,Batch_Cov_Trace,MIA_Hidden,0.02727272727272728,0.9365584481926122,11,auss
19,Batch_Cov_Trace,SPV_MIA,0.6621073592169735,0.02645372580617344,11,auss
19,Batch_Cov_TopEig,Steering,-0.18928571428571428,0.49926303323854526,15,auss
19,Batch_Cov_TopEig,ICL,-0.5848118245468965,0.022030208511854242,15,auss
19,Batch_Cov_TopEig,GCG,-0.01763689053756646,0.950255796123006,15,auss
19,Batch_Cov_TopEig,MIA,-0.10714285714285714,0.7039010016261615,15,auss
19,Batch_Cov_TopEig,MIA_MinK,-0.02727272727272728,0.9365584481926122,11,auss
19,Batch_Cov_TopEig,MIA_Ref,-0.4000000000000001,0.22286835013352002,11,auss
19,Batch_Cov_TopEig,MIA_Hidden,-0.36363636363636365,0.2716375409938228,11,auss
19,Batch_Cov_TopEig,SPV_MIA,0.5068545991247178,0.1115690992602655,11,auss
19,Reg_S_alpha_2,Steering,0.021978021978021976,0.9431862416608072,13,entropy
19,Reg_S_alpha_2,ICL,-0.12416306854447756,0.686111092346176,13,entropy
19,Reg_S_alpha_2,GCG,-0.13716265458787902,0.6549917371775356,13,entropy
19,Reg_S_alpha_2,MIA,0.34065934065934067,0.2547064607541252,13,entropy
19,Reg_S_alpha_2,MIA_MinK,-0.16666666666666669,0.668231040071504,9,entropy
19,Reg_S_alpha_2,MIA_Ref,0.5499999999999999,0.12497678418833198,9,entropy
19,Reg_S_alpha_2,MIA_Hidden,0.18333333333333335,0.6368198117628943,9,entropy
19,Reg_S_alpha_2,SPV_MIA,0.18333333333333335,0.6368198117628943,9,entropy
19,Reg_MeanCos,Steering,-0.005494505494505494,0.9857869107140623,13,entropy
19,Reg_MeanCos,ICL,0.16084761152352775,0.5996192986160414,13,entropy
19,Reg_MeanCos,GCG,0.1913897505877382,0.5310738750489168,13,entropy
19,Reg_MeanCos,MIA,-0.33516483516483514,0.2629431403593601,13,entropy
19,Reg_MeanCos,MIA_MinK,0.26666666666666666,0.4879222748387009,9,entropy
19,Reg_MeanCos,MIA_Ref,-0.5,0.17047066078705375,9,entropy
19,Reg_MeanCos,MIA_Hidden,-0.26666666666666666,0.4879222748387009,9,entropy
19,Reg_MeanCos,SPV_MIA,-0.25,0.5164895523012263,9,entropy
19,Reg_MeanL2,Steering,-0.24725274725274726,0.4154051197255382,13,entropy
19,Reg_MeanL2,ICL,0.18342271489525092,0.548620595935006,13,entropy
19,Reg_MeanL2,GCG,-0.08293555858801988,0.7876517015927583,13,entropy
19,Reg_MeanL2,MIA,-0.06593406593406594,0.8305423857560938,13,entropy
19,Reg_MeanL2,MIA_MinK,0.7333333333333334,0.02455415007146968,9,entropy
19,Reg_MeanL2,MIA_Ref,0.35,0.35581957250178897,9,entropy
19,Reg_MeanL2,MIA_Hidden,-0.6833333333333333,0.04244227208707231,9,entropy
19,Reg_MeanL2,SPV_MIA,0.45,0.22421610749233659,9,entropy
19,AnonDiff_S_alpha_2,Steering,0.08241758241758242,0.788950927847518,13,entropy
19,AnonDiff_S_alpha_2,ICL,-0.4797209466491178,0.09712897057881097,13,entropy
19,AnonDiff_S_alpha_2,GCG,-0.3700201844696271,0.2133297744901611,13,entropy
19,AnonDiff_S_alpha_2,MIA,0.1758241758241758,0.5655798619595345,13,entropy
19,AnonDiff_S_alpha_2,MIA_MinK,-0.6666666666666667,0.04986723056888511,9,entropy
19,AnonDiff_S_alpha_2,MIA_Ref,0.09999999999999999,0.797971695234851,9,entropy
19,AnonDiff_S_alpha_2,MIA_Hidden,0.4666666666666666,0.20538635110581185,9,entropy
19,AnonDiff_S_alpha_2,SPV_MIA,0.4666666666666666,0.20538635110581185,9,entropy
19,AnonDiff_MeanCos,Steering,0.13736263736263735,0.6545168402947126,13,entropy
19,AnonDiff_MeanCos,ICL,0.6913625407590227,0.00886075991005126,13,entropy
19,AnonDiff_MeanCos,GCG,0.5071828390575062,0.0768816747617425,13,entropy
19,AnonDiff_MeanCos,MIA,-0.3626373626373627,0.22331572029248162,13,entropy
19,AnonDiff_MeanCos,MIA_MinK,0.08333333333333334,0.831214097710308,9,entropy
19,AnonDiff_MeanCos,MIA_Ref,0.08333333333333334,0.831214097710308,9,entropy
19,AnonDiff_MeanCos,MIA_Hidden,-0.049999999999999996,0.8983528043506301,9,entropy
19,AnonDiff_MeanCos,SPV_MIA,-0.9333333333333332,0.00023589981215941676,9,entropy
19,AnonDiff_MeanL2,Steering,-0.054945054945054944,0.8585042942308735,13,entropy
19,AnonDiff_MeanL2,ICL,0.2878325679894707,0.3402759044165541,13,entropy
19,AnonDiff_MeanL2,GCG,0.1307829962349544,0.6702033346905142,13,entropy
19,AnonDiff_MeanL2,MIA,-0.4340659340659341,0.1383423778882127,13,entropy
19,AnonDiff_MeanL2,MIA_MinK,0.31666666666666665,0.4063970144863861,9,entropy
19,AnonDiff_MeanL2,MIA_Ref,-0.2833333333333333,0.46003032896571994,9,entropy
19,AnonDiff_MeanL2,MIA_Hidden,-0.7166666666666667,0.029818035695845287,9,entropy
19,AnonDiff_MeanL2,SPV_MIA,-0.16666666666666669,0.668231040071504,9,entropy
19,NormAnonDiff_S_alpha_2,Steering,-0.04395604395604395,0.8866190227890784,13,entropy
19,NormAnonDiff_S_alpha_2,ICL,-0.5841307997433376,0.036059116199547665,13,entropy
19,NormAnonDiff_S_alpha_2,GCG,-0.5231319849398176,0.06658098074185795,13,entropy
19,NormAnonDiff_S_alpha_2,MIA,0.23626373626373626,0.4370835438311814,13,entropy
19,NormAnonDiff_S_alpha_2,MIA_MinK,-0.35,0.35581957250178897,9,entropy
19,NormAnonDiff_S_alpha_2,MIA_Ref,0.03333333333333333,0.932156735540504,9,entropy
19,NormAnonDiff_S_alpha_2,MIA_Hidden,0.2333333333333333,0.5456987782182727,9,entropy
19,NormAnonDiff_S_alpha_2,SPV_MIA,0.7999999999999999,0.00962792472537983,9,entropy
19,NormAnonDiff_MeanCos,Steering,0.13736263736263735,0.6545168402947126,13,entropy
19,NormAnonDiff_MeanCos,ICL,0.6913625407590227,0.00886075991005126,13,entropy
19,NormAnonDiff_MeanCos,GCG,0.5071828390575062,0.0768816747617425,13,entropy
19,NormAnonDiff_MeanCos,MIA,-0.3626373626373627,0.22331572029248162,13,entropy
19,NormAnonDiff_MeanCos,MIA_MinK,0.08333333333333334,0.831214097710308,9,entropy
19,NormAnonDiff_MeanCos,MIA_Ref,0.08333333333333334,0.831214097710308,9,entropy
19,NormAnonDiff_MeanCos,MIA_Hidden,-0.049999999999999996,0.8983528043506301,9,entropy
19,NormAnonDiff_MeanCos,SPV_MIA,-0.9333333333333332,0.00023589981215941676,9,entropy
20,Centroid_Norm,Steering,0.21071428571428572,0.450957865215285,15,auss
20,Centroid_Norm,ICL,0.7503246050790371,0.001271216262413061,15,auss
20,Centroid_Norm,GCG,0.1606916693422722,0.5672519750727714,15,auss
20,Centroid_Norm,MIA,0.021428571428571425,0.9395779040128779,15,auss
20,Centroid_Norm,MIA_MinK,0.10909090909090911,0.7495085962341482,11,auss
20,Centroid_Norm,MIA_Ref,0.30000000000000004,0.37008312228206786,11,auss
20,Centroid_Norm,MIA_Hidden,-0.018181818181818184,0.9576852410216187,11,auss
20,Centroid_Norm,SPV_MIA,-0.59361349447039,0.05418730547285119,11,auss
20,Global_Coherence,Steering,0.21071428571428572,0.450957865215285,15,auss
20,Global_Coherence,ICL,0.7503246050790371,0.001271216262413061,15,auss
20,Global_Coherence,GCG,0.1606916693422722,0.5672519750727714,15,auss
20,Global_Coherence,MIA,0.021428571428571425,0.9395779040128779,15,auss
20,Global_Coherence,MIA_MinK,0.10909090909090911,0.7495085962341482,11,auss
20,Global_Coherence,MIA_Ref,0.30000000000000004,0.37008312228206786,11,auss
20,Global_Coherence,MIA_Hidden,-0.018181818181818184,0.9576852410216187,11,auss
20,Global_Coherence,SPV_MIA,-0.59361349447039,0.05418730547285119,11,auss
20,Batch_SecondMoment_TopEig,Steering,0.19999999999999998,0.4748139645221684,15,auss
20,Batch_SecondMoment_TopEig,ICL,0.779749099395862,0.0006078423122826604,15,auss
20,Batch_SecondMoment_TopEig,GCG,0.1606916693422722,0.5672519750727714,15,auss
20,Batch_SecondMoment_TopEig,MIA,-0.0035714285714285704,0.9899214068809781,15,auss
20,Batch_SecondMoment_TopEig,MIA_MinK,0.18181818181818182,0.5926152128455,11,auss
20,Batch_SecondMoment_TopEig,MIA_Ref,0.24545454545454545,0.4669223669820163,11,auss
20,Batch_SecondMoment_TopEig,MIA_Hidden,-0.03636363636363637,0.9154683168905347,11,auss
20,Batch_SecondMoment_TopEig,SPV_MIA,-0.6164447827192512,0.043399903243230564,11,auss
20,AUSS_L2,Steering,-0.21071428571428572,0.450957865215285,15,auss
20,AUSS_L2,ICL,-0.7503246050790371,0.001271216262413061,15,auss
20,AUSS_L2,GCG,-0.1606916693422722,0.5672519750727714,15,auss
20,AUSS_L2,MIA,-0.021428571428571425,0.9395779040128779,15,auss
20,AUSS_L2,MIA_MinK,-0.10909090909090911,0.7495085962341482,11,auss
20,AUSS_L2,MIA_Ref,-0.30000000000000004,0.37008312228206786,11,auss
20,AUSS_L2,MIA_Hidden,0.018181818181818184,0.9576852410216187,11,auss
20,AUSS_L2,SPV_MIA,0.59361349447039,0.05418730547285119,11,auss
20,AUSS_Cos2,Steering,-0.18928571428571428,0.49926303323854526,15,auss
20,AUSS_Cos2,ICL,-0.7650368522374494,0.0008904351800350914,15,auss
20,AUSS_Cos2,GCG,-0.12149857925879115,0.6662190548241058,15,auss
20,AUSS_Cos2,MIA,0.035714285714285705,0.8994469934720875,15,auss
20,AUSS_Cos2,MIA_MinK,-0.18181818181818182,0.5926152128455,11,auss
20,AUSS_Cos2,MIA_Ref,-0.24545454545454545,0.4669223669820163,11,auss
20,AUSS_Cos2,MIA_Hidden,0.03636363636363637,0.9154683168905347,11,auss
20,AUSS_Cos2,SPV_MIA,0.6164447827192512,0.043399903243230564,11,auss
20,AUSS_Jac,Steering,-0.2285714285714285,0.41256617049636035,15,auss
20,AUSS_Jac,ICL,-0.21700564558658425,0.4372337393817043,15,auss
20,AUSS_Jac,GCG,-0.021556199545914565,0.9392186423737299,15,auss
20,AUSS_Jac,MIA,-0.017857142857142853,0.9496353041738621,15,auss
20,AUSS_Jac,MIA_MinK,-0.44545454545454555,0.16973260492681172,11,auss
20,AUSS_Jac,MIA_Ref,0.10909090909090911,0.7495085962341482,11,auss
20,AUSS_Jac,MIA_Hidden,0.3727272727272728,0.25892587368422215,11,auss
20,AUSS_Jac,SPV_MIA,0.009132515299544463,0.9787396603211076,11,auss
20,Batch_Cov_Trace,Steering,-0.21071428571428572,0.450957865215285,15,auss
20,Batch_Cov_Trace,ICL,-0.7503246050790371,0.001271216262413061,15,auss
20,Batch_Cov_Trace,GCG,-0.1606916693422722,0.5672519750727714,15,auss
20,Batch_Cov_Trace,MIA,-0.021428571428571425,0.9395779040128779,15,auss
20,Batch_Cov_Trace,MIA_MinK,-0.10909090909090911,0.7495085962341482,11,auss
20,Batch_Cov_Trace,MIA_Ref,-0.30000000000000004,0.37008312228206786,11,auss
20,Batch_Cov_Trace,MIA_Hidden,0.018181818181818184,0.9576852410216187,11,auss
20,Batch_Cov_Trace,SPV_MIA,0.59361349447039,0.05418730547285119,11,auss
20,Batch_Cov_TopEig,Steering,-0.2785714285714285,0.3147094732307908,15,auss
20,Batch_Cov_TopEig,ICL,-0.570099577388484,0.026492266694474995,15,auss
20,Batch_Cov_TopEig,GCG,-0.15873201483809815,0.5720496172362131,15,auss
20,Batch_Cov_TopEig,MIA,-0.11071428571428568,0.6944626472070963,15,auss
20,Batch_Cov_TopEig,MIA_MinK,-0.045454545454545456,0.8944269969053026,11,auss
20,Batch_Cov_TopEig,MIA_Ref,-0.44545454545454555,0.16973260492681172,11,auss
20,Batch_Cov_TopEig,MIA_Hidden,-0.3727272727272728,0.25892587368422215,11,auss
20,Batch_Cov_TopEig,SPV_MIA,0.42922821907858977,0.18770338571200482,11,auss
20,Reg_S_alpha_2,Steering,-0.03296703296703297,0.9148564744875125,13,entropy
20,Reg_S_alpha_2,ICL,-0.12980684438740836,0.6725412770617807,13,entropy
20,Reg_S_alpha_2,GCG,-0.08293555858801988,0.7876517015927583,13,entropy
20,Reg_S_alpha_2,MIA,0.4725274725274725,0.10298105029992852,13,entropy
20,Reg_S_alpha_2,MIA_MinK,-0.16666666666666669,0.668231040071504,9,entropy
20,Reg_S_alpha_2,MIA_Ref,0.5499999999999999,0.12497678418833198,9,entropy
20,Reg_S_alpha_2,MIA_Hidden,0.18333333333333335,0.6368198117628943,9,entropy
20,Reg_S_alpha_2,SPV_MIA,0.18333333333333335,0.6368198117628943,9,entropy
20,Reg_MeanCos,Steering,0.021978021978021976,0.9431862416608072,13,entropy
20,Reg_MeanCos,ICL,0.17495705113085475,0.5675288007944368,13,entropy
20,Reg_MeanCos,GCG,0.1913897505877382,0.5310738750489168,13,entropy
20,Reg_MeanCos,MIA,-0.38461538461538464,0.19441291997748622,13,entropy
20,Reg_MeanCos,MIA_MinK,0.26666666666666666,0.4879222748387009,9,entropy
20,Reg_MeanCos,MIA_Ref,-0.5,0.17047066078705375,9,entropy
20,Reg_MeanCos,MIA_Hidden,-0.26666666666666666,0.4879222748387009,9,entropy
20,Reg_MeanCos,SPV_MIA,-0.25,0.5164895523012263,9,entropy
20,Reg_MeanL2,Steering,-0.24725274725274726,0.4154051197255382,13,entropy
20,Reg_MeanL2,ICL,0.18342271489525092,0.548620595935006,13,entropy
20,Reg_MeanL2,GCG,-0.08293555858801988,0.7876517015927583,13,entropy
20,Reg_MeanL2,MIA,-0.06593406593406594,0.8305423857560938,13,entropy
20,Reg_MeanL2,MIA_MinK,0.7333333333333334,0.02455415007146968,9,entropy
20,Reg_MeanL2,MIA_Ref,0.35,0.35581957250178897,9,entropy
20,Reg_MeanL2,MIA_Hidden,-0.6833333333333333,0.04244227208707231,9,entropy
20,Reg_MeanL2,SPV_MIA,0.45,0.22421610749233659,9,entropy
20,AnonDiff_S_alpha_2,Steering,0.021978021978021976,0.9431862416608072,13,entropy
20,AnonDiff_S_alpha_2,ICL,-0.6208153427223878,0.023556615335686037,13,entropy
20,AnonDiff_S_alpha_2,GCG,-0.5008031807045815,0.08129626622735843,13,entropy
20,AnonDiff_S_alpha_2,MIA,0.06593406593406594,0.8305423857560938,13,entropy
20,AnonDiff_S_alpha_2,MIA_MinK,-0.2833333333333333,0.46003032896571994,9,entropy
20,AnonDiff_S_alpha_2,MIA_Ref,-0.19999999999999998,0.6059012741795533,9,entropy
20,AnonDiff_S_alpha_2,MIA_Hidden,0.11666666666666665,0.7650079429261462,9,entropy
20,AnonDiff_S_alpha_2,SPV_MIA,0.7833333333333333,0.012519873019449882,9,entropy
20,AnonDiff_MeanCos,Steering,0.15934065934065936,0.6030877531318972,13,entropy
20,AnonDiff_MeanCos,ICL,0.6546779977799726,0.01517437485163565,13,entropy
20,AnonDiff_MeanCos,GCG,0.4912336931751946,0.08824292231004653,13,entropy
20,AnonDiff_MeanCos,MIA,-0.4175824175824176,0.1556747536334745,13,entropy
20,AnonDiff_MeanCos,MIA_MinK,-0.03333333333333333,0.932156735540504,9,entropy
20,AnonDiff_MeanCos,MIA_Ref,-0.03333333333333333,0.932156735540504,9,entropy
20,AnonDiff_MeanCos,MIA_Hidden,-0.016666666666666666,0.9660548039946861,9,entropy
20,AnonDiff_MeanCos,SPV_MIA,-0.9666666666666667,2.155031274835775e-05,9,entropy
20,AnonDiff_MeanL2,Steering,-0.054945054945054944,0.8585042942308735,13,entropy
20,AnonDiff_MeanL2,ICL,0.2878325679894707,0.3402759044165541,13,entropy
20,AnonDiff_MeanL2,GCG,0.1307829962349544,0.6702033346905142,13,entropy
20,AnonDiff_MeanL2,MIA,-0.4340659340659341,0.1383423778882127,13,entropy
20,AnonDiff_MeanL2,MIA_MinK,0.31666666666666665,0.4063970144863861,9,entropy
20,AnonDiff_MeanL2,MIA_Ref,-0.2833333333333333,0.46003032896571994,9,entropy
20,AnonDiff_MeanL2,MIA_Hidden,-0.7166666666666667,0.029818035695845287,9,entropy
20,AnonDiff_MeanL2,SPV_MIA,-0.16666666666666669,0.668231040071504,9,entropy
20,NormAnonDiff_S_alpha_2,Steering,-0.09890109890109891,0.7478683035983906,13,entropy
20,NormAnonDiff_S_alpha_2,ICL,-0.713937644130746,0.006124655416430858,13,entropy
20,NormAnonDiff_S_alpha_2,GCG,-0.5996878851749129,0.03027930662001154,13,entropy
20,NormAnonDiff_S_alpha_2,MIA,0.2582417582417582,0.39428401739736163,13,entropy
20,NormAnonDiff_S_alpha_2,MIA_MinK,-0.26666666666666666,0.4879222748387009,9,entropy
20,NormAnonDiff_S_alpha_2,MIA_Ref,-0.016666666666666666,0.9660548039946861,9,entropy
20,NormAnonDiff_S_alpha_2,MIA_Hidden,0.26666666666666666,0.4879222748387009,9,entropy
20,NormAnonDiff_S_alpha_2,SPV_MIA,0.8166666666666667,0.007224785246358786,9,entropy
20,NormAnonDiff_MeanCos,Steering,0.15934065934065936,0.6030877531318972,13,entropy
20,NormAnonDiff_MeanCos,ICL,0.6546779977799726,0.01517437485163565,13,entropy
20,NormAnonDiff_MeanCos,GCG,0.4912336931751946,0.08824292231004653,13,entropy
20,NormAnonDiff_MeanCos,MIA,-0.4175824175824176,0.1556747536334745,13,entropy
20,NormAnonDiff_MeanCos,MIA_MinK,-0.03333333333333333,0.932156735540504,9,entropy
20,NormAnonDiff_MeanCos,MIA_Ref,-0.03333333333333333,0.932156735540504,9,entropy
20,NormAnonDiff_MeanCos,MIA_Hidden,-0.016666666666666666,0.9660548039946861,9,entropy
20,NormAnonDiff_MeanCos,SPV_MIA,-0.9666666666666667,2.155031274835775e-05,9,entropy
21,Centroid_Norm,Steering,0.2678571428571428,0.3344436005123538,15,auss
21,Centroid_Norm,ICL,0.6841194928661808,0.004910537794603416,15,auss
21,Centroid_Norm,GCG,0.11757927025044308,0.6764377720472214,15,auss
21,Centroid_Norm,MIA,-0.06428571428571428,0.8199479653196377,15,auss
21,Centroid_Norm,MIA_MinK,-0.02727272727272728,0.9365584481926122,11,auss
21,Centroid_Norm,MIA_Ref,0.33636363636363636,0.31182431390038623,11,auss
21,Centroid_Norm,MIA_Hidden,0.08181818181818183,0.8109903943000458,11,auss
21,Centroid_Norm,SPV_MIA,-0.6027460097699346,0.04967453878562136,11,auss
21,Global_Coherence,Steering,0.2678571428571428,0.3344436005123538,15,auss
21,Global_Coherence,ICL,0.6841194928661808,0.004910537794603416,15,auss
21,Global_Coherence,GCG,0.11757927025044308,0.6764377720472214,15,auss
21,Global_Coherence,MIA,-0.06428571428571428,0.8199479653196377,15,auss
21,Global_Coherence,MIA_MinK,-0.02727272727272728,0.9365584481926122,11,auss
21,Global_Coherence,MIA_Ref,0.33636363636363636,0.31182431390038623,11,auss
21,Global_Coherence,MIA_Hidden,0.08181818181818183,0.8109903943000458,11,auss
21,Global_Coherence,SPV_MIA,-0.6027460097699346,0.04967453878562136,11,auss
21,Batch_SecondMoment_TopEig,Steering,0.2607142857142857,0.34797945986279355,15,auss
21,Batch_SecondMoment_TopEig,ICL,0.6326266278117372,0.011375242205590781,15,auss
21,Batch_SecondMoment_TopEig,GCG,0.06270894413356964,0.8242999348132225,15,auss
21,Batch_SecondMoment_TopEig,MIA,-0.07857142857142857,0.7807545523090466,15,auss
21,Batch_SecondMoment_TopEig,MIA_MinK,-0.08181818181818183,0.8109903943000458,11,auss
21,Batch_SecondMoment_TopEig,MIA_Ref,0.3090909090909091,0.3550284397015071,11,auss
21,Batch_SecondMoment_TopEig,MIA_Hidden,0.07272727272727274,0.831716405381337,11,auss
21,Batch_SecondMoment_TopEig,SPV_MIA,-0.5890472368206179,0.056545359957187166,11,auss
21,AUSS_L2,Steering,-0.2678571428571428,0.3344436005123538,15,auss
21,AUSS_L2,ICL,-0.6841194928661808,0.004910537794603416,15,auss
21,AUSS_L2,GCG,-0.11757927025044308,0.6764377720472214,15,auss
21,AUSS_L2,MIA,0.06428571428571428,0.8199479653196377,15,auss
21,AUSS_L2,MIA_MinK,0.02727272727272728,0.9365584481926122,11,auss
21,AUSS_L2,MIA_Ref,-0.33636363636363636,0.31182431390038623,11,auss
21,AUSS_L2,MIA_Hidden,-0.08181818181818183,0.8109903943000458,11,auss
21,AUSS_L2,SPV_MIA,0.6027460097699346,0.04967453878562136,11,auss
21,AUSS_Cos2,Steering,-0.2642857142857143,0.3411737579900821,15,auss
21,AUSS_Cos2,ICL,-0.6510169367597527,0.008572375901449126,15,auss
21,AUSS_Cos2,GCG,-0.06270894413356964,0.8242999348132225,15,auss
21,AUSS_Cos2,MIA,0.11785714285714284,0.6757115292213043,15,auss
21,AUSS_Cos2,MIA_MinK,0.08181818181818183,0.8109903943000458,11,auss
21,AUSS_Cos2,MIA_Ref,-0.3090909090909091,0.3550284397015071,11,auss
21,AUSS_Cos2,MIA_Hidden,-0.07272727272727274,0.831716405381337,11,auss
21,AUSS_Cos2,SPV_MIA,0.5890472368206179,0.056545359957187166,11,auss
21,AUSS_Jac,Steering,-0.4035714285714285,0.13576799650365623,15,auss
21,AUSS_Jac,ICL,-0.011034185368809369,0.9688676833026617,15,auss
21,AUSS_Jac,GCG,0.01567723603339241,0.9557776386101713,15,auss
21,AUSS_Jac,MIA,0.1928571428571428,0.4910487016052232,15,auss
21,AUSS_Jac,MIA_MinK,-0.09090909090909091,0.7903727377532903,11,auss
21,AUSS_Jac,MIA_Ref,0.38181818181818183,0.24655957577897006,11,auss
21,AUSS_Jac,MIA_Hidden,0.19090909090909092,0.5739131682855215,11,auss
21,AUSS_Jac,SPV_MIA,-0.16438527539180034,0.6291003050587904,11,auss
21,Batch_Cov_Trace,Steering,-0.2678571428571428,0.3344436005123538,15,auss
21,Batch_Cov_Trace,ICL,-0.6841194928661808,0.004910537794603416,15,auss
21,Batch_Cov_Trace,GCG,-0.11757927025044308,0.6764377720472214,15,auss
21,Batch_Cov_Trace,MIA,0.06428571428571428,0.8199479653196377,15,auss
21,Batch_Cov_Trace,MIA_MinK,0.02727272727272728,0.9365584481926122,11,auss
21,Batch_Cov_Trace,MIA_Ref,-0.33636363636363636,0.31182431390038623,11,auss
21,Batch_Cov_Trace,MIA_Hidden,-0.08181818181818183,0.8109903943000458,11,auss
21,Batch_Cov_Trace,SPV_MIA,0.6027460097699346,0.04967453878562136,11,auss
21,Batch_Cov_TopEig,Steering,-0.3071428571428571,0.2654726857102779,15,auss
21,Batch_Cov_TopEig,ICL,-0.5958460099157059,0.01907884515367508,15,auss
21,Batch_Cov_TopEig,GCG,-0.11170030673792092,0.6918641053978338,15,auss
21,Batch_Cov_TopEig,MIA,-0.04285714285714285,0.8794603130258999,15,auss
21,Batch_Cov_TopEig,MIA_MinK,0.02727272727272728,0.9365584481926122,11,auss
21,Batch_Cov_TopEig,MIA_Ref,-0.4000000000000001,0.22286835013352002,11,auss
21,Batch_Cov_TopEig,MIA_Hidden,-0.3272727272727273,0.32589494101284167,11,auss
21,Batch_Cov_TopEig,SPV_MIA,0.534252145023351,0.09046132625972311,11,auss
21,Reg_S_alpha_2,Steering,-0.016483516483516484,0.9573761750901849,13,entropy
21,Reg_S_alpha_2,ICL,-0.12698495646594296,0.6793150646389434,13,entropy
21,Reg_S_alpha_2,GCG,-0.1913897505877382,0.5310738750489168,13,entropy
21,Reg_S_alpha_2,MIA,0.34065934065934067,0.2547064607541252,13,entropy
21,Reg_S_alpha_2,MIA_MinK,-0.26666666666666666,0.4879222748387009,9,entropy
21,Reg_S_alpha_2,MIA_Ref,0.5,0.17047066078705375,9,entropy
21,Reg_S_alpha_2,MIA_Hidden,0.26666666666666666,0.4879222748387009,9,entropy
21,Reg_S_alpha_2,SPV_MIA,0.25,0.5164895523012263,9,entropy
21,Reg_MeanCos,Steering,0.016483516483516484,0.9573761750901849,13,entropy
21,Reg_MeanCos,ICL,0.12698495646594296,0.6793150646389434,13,entropy
21,Reg_MeanCos,GCG,0.1913897505877382,0.5310738750489168,13,entropy
21,Reg_MeanCos,MIA,-0.34065934065934067,0.2547064607541252,13,entropy
21,Reg_MeanCos,MIA_MinK,0.26666666666666666,0.4879222748387009,9,entropy
21,Reg_MeanCos,MIA_Ref,-0.5,0.17047066078705375,9,entropy
21,Reg_MeanCos,MIA_Hidden,-0.26666666666666666,0.4879222748387009,9,entropy
21,Reg_MeanCos,SPV_MIA,-0.25,0.5164895523012263,9,entropy
21,Reg_MeanL2,Steering,-0.24725274725274726,0.4154051197255382,13,entropy
21,Reg_MeanL2,ICL,0.18342271489525092,0.548620595935006,13,entropy
21,Reg_MeanL2,GCG,-0.08293555858801988,0.7876517015927583,13,entropy
21,Reg_MeanL2,MIA,-0.06593406593406594,0.8305423857560938,13,entropy
21,Reg_MeanL2,MIA_MinK,0.7333333333333334,0.02455415007146968,9,entropy
21,Reg_MeanL2,MIA_Ref,0.35,0.35581957250178897,9,entropy
21,Reg_MeanL2,MIA_Hidden,-0.6833333333333333,0.04244227208707231,9,entropy
21,Reg_MeanL2,SPV_MIA,0.45,0.22421610749233659,9,entropy
21,AnonDiff_S_alpha_2,Steering,-0.09890109890109891,0.7478683035983906,13,entropy
21,AnonDiff_S_alpha_2,ICL,-0.5897745755862683,0.03387685110879177,13,entropy
21,AnonDiff_S_alpha_2,GCG,-0.5231319849398176,0.06658098074185795,13,entropy
21,AnonDiff_S_alpha_2,MIA,0.03846153846153846,0.9007243023389337,13,entropy
21,AnonDiff_S_alpha_2,MIA_MinK,-0.19999999999999998,0.6059012741795533,9,entropy
21,AnonDiff_S_alpha_2,MIA_Ref,-0.33333333333333337,0.38071318167686347,9,entropy
21,AnonDiff_S_alpha_2,MIA_Hidden,0.0,1.0,9,entropy
21,AnonDiff_S_alpha_2,SPV_MIA,0.6166666666666666,0.07692880993776309,9,entropy
21,AnonDiff_MeanCos,Steering,0.20329670329670327,0.5053147342962486,13,entropy
21,AnonDiff_MeanCos,ICL,0.6518561098585073,0.015771204475357573,13,entropy
21,AnonDiff_MeanCos,GCG,0.4912336931751946,0.08824292231004653,13,entropy
21,AnonDiff_MeanCos,MIA,-0.40659340659340654,0.16797834614789645,13,entropy
21,AnonDiff_MeanCos,MIA_MinK,-0.13333333333333333,0.7323675052362975,9,entropy
21,AnonDiff_MeanCos,MIA_Ref,0.03333333333333333,0.932156735540504,9,entropy
21,AnonDiff_MeanCos,MIA_Hidden,0.016666666666666666,0.9660548039946861,9,entropy
21,AnonDiff_MeanCos,SPV_MIA,-0.9333333333333332,0.00023589981215941676,9,entropy
21,AnonDiff_MeanL2,Steering,-0.11538461538461539,0.7073898735142602,13,entropy
21,AnonDiff_MeanL2,ICL,0.15802572360206232,0.6061205481500762,13,entropy
21,AnonDiff_MeanL2,GCG,0.015949145882311513,0.9587569028426022,13,entropy
21,AnonDiff_MeanL2,MIA,-0.3681318681318681,0.21585718064938147,13,entropy
21,AnonDiff_MeanL2,MIA_MinK,0.2333333333333333,0.5456987782182727,9,entropy
21,AnonDiff_MeanL2,MIA_Ref,-0.16666666666666669,0.668231040071504,9,entropy
21,AnonDiff_MeanL2,MIA_Hidden,-0.7666666666666667,0.01594401657897401,9,entropy
21,AnonDiff_MeanL2,SPV_MIA,0.08333333333333334,0.831214097710308,9,entropy
21,NormAnonDiff_S_alpha_2,Steering,-0.25274725274725274,0.40477407127094656,13,entropy
21,NormAnonDiff_S_alpha_2,ICL,-0.6067059031150608,0.027907602277284064,13,entropy
21,NormAnonDiff_S_alpha_2,GCG,-0.6762437854100082,0.011155719864204166,13,entropy
21,NormAnonDiff_S_alpha_2,MIA,0.2857142857142857,0.34400021825867,13,entropy
21,NormAnonDiff_S_alpha_2,MIA_MinK,-0.13333333333333333,0.7323675052362975,9,entropy
21,NormAnonDiff_S_alpha_2,MIA_Ref,0.0,1.0,9,entropy
21,NormAnonDiff_S_alpha_2,MIA_Hidden,0.31666666666666665,0.4063970144863861,9,entropy
21,NormAnonDiff_S_alpha_2,SPV_MIA,0.7666666666666667,0.01594401657897401,9,entropy
21,NormAnonDiff_MeanCos,Steering,0.20329670329670327,0.5053147342962486,13,entropy
21,NormAnonDiff_MeanCos,ICL,0.6518561098585073,0.015771204475357573,13,entropy
21,NormAnonDiff_MeanCos,GCG,0.4912336931751946,0.08824292231004653,13,entropy
21,NormAnonDiff_MeanCos,MIA,-0.40659340659340654,0.16797834614789645,13,entropy
21,NormAnonDiff_MeanCos,MIA_MinK,-0.13333333333333333,0.7323675052362975,9,entropy
21,NormAnonDiff_MeanCos,MIA_Ref,0.03333333333333333,0.932156735540504,9,entropy
21,NormAnonDiff_MeanCos,MIA_Hidden,0.016666666666666666,0.9660548039946861,9,entropy
21,NormAnonDiff_MeanCos,SPV_MIA,-0.9333333333333332,0.00023589981215941676,9,entropy
22,Centroid_Norm,Steering,0.125,0.6571356681869504,15,auss
22,Centroid_Norm,ICL,0.7061878636037996,0.003255444612019348,15,auss
22,Centroid_Norm,GCG,0.2723919760801931,0.32600732053247305,15,auss
22,Centroid_Norm,MIA,-0.11785714285714284,0.6757115292213043,15,auss
22,Centroid_Norm,MIA_MinK,-0.06363636363636364,0.8525390725425217,11,auss
22,Centroid_Norm,MIA_Ref,0.27272727272727276,0.41714143714253127,11,auss
22,Centroid_Norm,MIA_Hidden,0.07272727272727274,0.831716405381337,11,auss
22,Centroid_Norm,SPV_MIA,-0.7671312851617349,0.005860949194525314,11,auss
22,Global_Coherence,Steering,0.125,0.6571356681869504,15,auss
22,Global_Coherence,ICL,0.7061878636037996,0.003255444612019348,15,auss
22,Global_Coherence,GCG,0.2723919760801931,0.32600732053247305,15,auss
22,Global_Coherence,MIA,-0.11785714285714284,0.6757115292213043,15,auss
22,Global_Coherence,MIA_MinK,-0.06363636363636364,0.8525390725425217,11,auss
22,Global_Coherence,MIA_Ref,0.27272727272727276,0.41714143714253127,11,auss
22,Global_Coherence,MIA_Hidden,0.07272727272727274,0.831716405381337,11,auss
22,Global_Coherence,SPV_MIA,-0.7671312851617349,0.005860949194525314,11,auss
22,Batch_SecondMoment_TopEig,Steering,0.125,0.6571356681869504,15,auss
22,Batch_SecondMoment_TopEig,ICL,0.7061878636037996,0.003255444612019348,15,auss
22,Batch_SecondMoment_TopEig,GCG,0.2723919760801931,0.32600732053247305,15,auss
22,Batch_SecondMoment_TopEig,MIA,-0.11785714285714284,0.6757115292213043,15,auss
22,Batch_SecondMoment_TopEig,MIA_MinK,-0.06363636363636364,0.8525390725425217,11,auss
22,Batch_SecondMoment_TopEig,MIA_Ref,0.27272727272727276,0.41714143714253127,11,auss
22,Batch_SecondMoment_TopEig,MIA_Hidden,0.07272727272727274,0.831716405381337,11,auss
22,Batch_SecondMoment_TopEig,SPV_MIA,-0.7671312851617349,0.005860949194525314,11,auss
22,AUSS_L2,Steering,-0.125,0.6571356681869504,15,auss
22,AUSS_L2,ICL,-0.7061878636037996,0.003255444612019348,15,auss
22,AUSS_L2,GCG,-0.2723919760801931,0.32600732053247305,15,auss
22,AUSS_L2,MIA,0.11785714285714284,0.6757115292213043,15,auss
22,AUSS_L2,MIA_MinK,0.06363636363636364,0.8525390725425217,11,auss
22,AUSS_L2,MIA_Ref,-0.27272727272727276,0.41714143714253127,11,auss
22,AUSS_L2,MIA_Hidden,-0.07272727272727274,0.831716405381337,11,auss
22,AUSS_L2,SPV_MIA,0.7671312851617349,0.005860949194525314,11,auss
22,AUSS_Cos2,Steering,-0.09285714285714285,0.742045009907367,15,auss
22,AUSS_Cos2,ICL,-0.7245781725518152,0.0022467980350078806,15,auss
22,AUSS_Cos2,GCG,-0.24887612203010454,0.37107392728183275,15,auss
22,AUSS_Cos2,MIA,0.12857142857142856,0.6479163294665075,15,auss
22,AUSS_Cos2,MIA_MinK,0.03636363636363637,0.9154683168905347,11,auss
22,AUSS_Cos2,MIA_Ref,-0.26363636363636367,0.4334407376116145,11,auss
22,AUSS_Cos2,MIA_Hidden,-0.08181818181818183,0.8109903943000458,11,auss
22,AUSS_Cos2,SPV_MIA,0.8127938616594572,0.0023561106719498038,11,auss
22,AUSS_Jac,Steering,-0.2285714285714285,0.41256617049636035,15,auss
22,AUSS_Jac,ICL,0.06252705042325309,0.8248022792017103,15,auss
22,AUSS_Jac,GCG,0.16853028735896838,0.54823325792005,15,auss
22,AUSS_Jac,MIA,0.028571428571428564,0.9194899083821857,15,auss
22,AUSS_Jac,MIA_MinK,-0.08181818181818183,0.8109903943000458,11,auss
22,AUSS_Jac,MIA_Ref,0.24545454545454545,0.4669223669820163,11,auss
22,AUSS_Jac,MIA_Hidden,0.15454545454545454,0.65003396549758,11,auss
22,AUSS_Jac,SPV_MIA,-0.2191803671890671,0.5172898279015592,11,auss
22,Batch_Cov_Trace,Steering,-0.125,0.6571356681869504,15,auss
22,Batch_Cov_Trace,ICL,-0.7061878636037996,0.003255444612019348,15,auss
22,Batch_Cov_Trace,GCG,-0.2723919760801931,0.32600732053247305,15,auss
22,Batch_Cov_Trace,MIA,0.11785714285714284,0.6757115292213043,15,auss
22,Batch_Cov_Trace,MIA_MinK,0.06363636363636364,0.8525390725425217,11,auss
22,Batch_Cov_Trace,MIA_Ref,-0.27272727272727276,0.41714143714253127,11,auss
22,Batch_Cov_Trace,MIA_Hidden,-0.07272727272727274,0.831716405381337,11,auss
22,Batch_Cov_Trace,SPV_MIA,0.7671312851617349,0.005860949194525314,11,auss
22,Batch_Cov_TopEig,Steering,-0.1857142857142857,0.5075409629336737,15,auss
22,Batch_Cov_TopEig,ICL,-0.628948566022134,0.012012645782413647,15,auss
22,Batch_Cov_TopEig,GCG,-0.3723343557930697,0.17172238585522634,15,auss
22,Batch_Cov_TopEig,MIA,-0.017857142857142853,0.9496353041738621,15,auss
22,Batch_Cov_TopEig,MIA_MinK,-0.07272727272727274,0.831716405381337,11,auss
22,Batch_Cov_TopEig,MIA_Ref,-0.44545454545454555,0.16973260492681172,11,auss
22,Batch_Cov_TopEig,MIA_Hidden,-0.22727272727272727,0.501535667604937,11,auss
22,Batch_Cov_TopEig,SPV_MIA,0.6027460097699346,0.04967453878562136,11,auss
22,Reg_S_alpha_2,Steering,-0.016483516483516484,0.9573761750901849,13,entropy
22,Reg_S_alpha_2,ICL,-0.12698495646594296,0.6793150646389434,13,entropy
22,Reg_S_alpha_2,GCG,-0.1913897505877382,0.5310738750489168,13,entropy
22,Reg_S_alpha_2,MIA,0.34065934065934067,0.2547064607541252,13,entropy
22,Reg_S_alpha_2,MIA_MinK,-0.26666666666666666,0.4879222748387009,9,entropy
22,Reg_S_alpha_2,MIA_Ref,0.5,0.17047066078705375,9,entropy
22,Reg_S_alpha_2,MIA_Hidden,0.26666666666666666,0.4879222748387009,9,entropy
22,Reg_S_alpha_2,SPV_MIA,0.25,0.5164895523012263,9,entropy
22,Reg_MeanCos,Steering,0.016483516483516484,0.9573761750901849,13,entropy
22,Reg_MeanCos,ICL,0.12698495646594296,0.6793150646389434,13,entropy
22,Reg_MeanCos,GCG,0.1913897505877382,0.5310738750489168,13,entropy
22,Reg_MeanCos,MIA,-0.34065934065934067,0.2547064607541252,13,entropy
22,Reg_MeanCos,MIA_MinK,0.26666666666666666,0.4879222748387009,9,entropy
22,Reg_MeanCos,MIA_Ref,-0.5,0.17047066078705375,9,entropy
22,Reg_MeanCos,MIA_Hidden,-0.26666666666666666,0.4879222748387009,9,entropy
22,Reg_MeanCos,SPV_MIA,-0.25,0.5164895523012263,9,entropy
22,Reg_MeanL2,Steering,-0.20329670329670327,0.5053147342962486,13,entropy
22,Reg_MeanL2,ICL,0.10440985309421977,0.7342686591319911,13,entropy
22,Reg_MeanL2,GCG,-0.1212135087055675,0.6932378912046793,13,entropy
22,Reg_MeanL2,MIA,-0.0879120879120879,0.7751954088891221,13,entropy
22,Reg_MeanL2,MIA_MinK,0.7,0.03576957497026169,9,entropy
22,Reg_MeanL2,MIA_Ref,0.33333333333333337,0.38071318167686347,9,entropy
22,Reg_MeanL2,MIA_Hidden,-0.7,0.03576957497026169,9,entropy
22,Reg_MeanL2,SPV_MIA,0.5499999999999999,0.12497678418833198,9,entropy
22,AnonDiff_S_alpha_2,Steering,-0.07692307692307691,0.8027630076692551,13,entropy
22,AnonDiff_S_alpha_2,ICL,-0.4204613002983445,0.1525510180394672,13,entropy
22,AnonDiff_S_alpha_2,GCG,-0.35407103858731565,0.23525456224304903,13,entropy
22,AnonDiff_S_alpha_2,MIA,0.07142857142857142,0.816628040676086,13,entropy
22,AnonDiff_S_alpha_2,MIA_MinK,-0.016666666666666666,0.9660548039946861,9,entropy
22,AnonDiff_S_alpha_2,MIA_Ref,-0.31666666666666665,0.4063970144863861,9,entropy
22,AnonDiff_S_alpha_2,MIA_Hidden,-0.21666666666666667,0.5755148957119259,9,entropy
22,AnonDiff_S_alpha_2,SPV_MIA,0.7333333333333334,0.02455415007146968,9,entropy
22,AnonDiff_MeanCos,Steering,0.2802197802197803,0.35376363563367896,13,entropy
22,AnonDiff_MeanCos,ICL,0.5107617137852373,0.07447967564462628,13,entropy
22,AnonDiff_MeanCos,GCG,0.5135624974104308,0.07263680797883909,13,entropy
22,AnonDiff_MeanCos,MIA,-0.39010989010989006,0.1875741161338378,13,entropy
22,AnonDiff_MeanCos,MIA_MinK,-0.26666666666666666,0.4879222748387009,9,entropy
22,AnonDiff_MeanCos,MIA_Ref,0.016666666666666666,0.9660548039946861,9,entropy
22,AnonDiff_MeanCos,MIA_Hidden,0.11666666666666665,0.7650079429261462,9,entropy
22,AnonDiff_MeanCos,SPV_MIA,-0.9166666666666666,0.0005066190663052084,9,entropy
22,AnonDiff_MeanL2,Steering,-0.11538461538461539,0.7073898735142602,13,entropy
22,AnonDiff_MeanL2,ICL,0.15802572360206232,0.6061205481500762,13,entropy
22,AnonDiff_MeanL2,GCG,0.015949145882311513,0.9587569028426022,13,entropy
22,AnonDiff_MeanL2,MIA,-0.3681318681318681,0.21585718064938147,13,entropy
22,AnonDiff_MeanL2,MIA_MinK,0.2333333333333333,0.5456987782182727,9,entropy
22,AnonDiff_MeanL2,MIA_Ref,-0.16666666666666669,0.668231040071504,9,entropy
22,AnonDiff_MeanL2,MIA_Hidden,-0.7666666666666667,0.01594401657897401,9,entropy
22,AnonDiff_MeanL2,SPV_MIA,0.08333333333333334,0.831214097710308,9,entropy
22,NormAnonDiff_S_alpha_2,Steering,-0.14285714285714285,0.6415164215860882,13,entropy
22,NormAnonDiff_S_alpha_2,ICL,-0.586952687664803,0.03495557722633864,13,entropy
22,NormAnonDiff_S_alpha_2,GCG,-0.5614099350573653,0.04588738025169015,13,entropy
22,NormAnonDiff_S_alpha_2,MIA,0.19780219780219782,0.51713091148483,13,entropy
22,NormAnonDiff_S_alpha_2,MIA_MinK,-0.06666666666666667,0.8646897846262037,9,entropy
22,NormAnonDiff_S_alpha_2,MIA_Ref,-0.18333333333333335,0.6368198117628943,9,entropy
22,NormAnonDiff_S_alpha_2,MIA_Hidden,0.13333333333333333,0.7323675052362975,9,entropy
22,NormAnonDiff_S_alpha_2,SPV_MIA,0.8499999999999999,0.0037047773275858133,9,entropy
22,NormAnonDiff_MeanCos,Steering,0.2802197802197803,0.35376363563367896,13,entropy
22,NormAnonDiff_MeanCos,ICL,0.5107617137852373,0.07447967564462628,13,entropy
22,NormAnonDiff_MeanCos,GCG,0.5135624974104308,0.07263680797883909,13,entropy
22,NormAnonDiff_MeanCos,MIA,-0.39010989010989006,0.1875741161338378,13,entropy
22,NormAnonDiff_MeanCos,MIA_MinK,-0.26666666666666666,0.4879222748387009,9,entropy
22,NormAnonDiff_MeanCos,MIA_Ref,0.016666666666666666,0.9660548039946861,9,entropy
22,NormAnonDiff_MeanCos,MIA_Hidden,0.11666666666666665,0.7650079429261462,9,entropy
22,NormAnonDiff_MeanCos,SPV_MIA,-0.9166666666666666,0.0005066190663052084,9,entropy
23,Centroid_Norm,Steering,0.1857142857142857,0.5075409629336737,15,auss
23,Centroid_Norm,ICL,0.7282562343414183,0.002079099715782308,15,auss
23,Centroid_Norm,GCG,0.3782133193055919,0.16452281711120778,15,auss
23,Centroid_Norm,MIA,-0.12142857142857141,0.6664011137233894,15,auss
23,Centroid_Norm,MIA_MinK,0.05454545454545456,0.8734465775233149,11,auss
23,Centroid_Norm,MIA_Ref,0.27272727272727276,0.41714143714253127,11,auss
23,Centroid_Norm,MIA_Hidden,0.009090909090909092,0.9788365001441937,11,auss
23,Centroid_Norm,SPV_MIA,-0.8264926346087739,0.0017092848482046983,11,auss
23,Global_Coherence,Steering,0.1857142857142857,0.5075409629336737,15,auss
23,Global_Coherence,ICL,0.7282562343414183,0.002079099715782308,15,auss
23,Global_Coherence,GCG,0.3782133193055919,0.16452281711120778,15,auss
23,Global_Coherence,MIA,-0.12142857142857141,0.6664011137233894,15,auss
23,Global_Coherence,MIA_MinK,0.05454545454545456,0.8734465775233149,11,auss
23,Global_Coherence,MIA_Ref,0.27272727272727276,0.41714143714253127,11,auss
23,Global_Coherence,MIA_Hidden,0.009090909090909092,0.9788365001441937,11,auss
23,Global_Coherence,SPV_MIA,-0.8264926346087739,0.0017092848482046983,11,auss
23,Batch_SecondMoment_TopEig,Steering,0.17857142857142855,0.5242843600465525,15,auss
23,Batch_SecondMoment_TopEig,ICL,0.7209001107622122,0.0024251719863605165,15,auss
23,Batch_SecondMoment_TopEig,GCG,0.33902022922211084,0.21641151164164749,15,auss
23,Batch_SecondMoment_TopEig,MIA,-0.1357142857142857,0.6296204418728145,15,auss
23,Batch_SecondMoment_TopEig,MIA_MinK,0.05454545454545456,0.8734465775233149,11,auss
23,Batch_SecondMoment_TopEig,MIA_Ref,0.27272727272727276,0.41714143714253127,11,auss
23,Batch_SecondMoment_TopEig,MIA_Hidden,0.009090909090909092,0.9788365001441937,11,auss
23,Batch_SecondMoment_TopEig,SPV_MIA,-0.8264926346087739,0.0017092848482046983,11,auss
23,AUSS_L2,Steering,-0.1857142857142857,0.5075409629336737,15,auss
23,AUSS_L2,ICL,-0.7282562343414183,0.002079099715782308,15,auss
23,AUSS_L2,GCG,-0.3782133193055919,0.16452281711120778,15,auss
23,AUSS_L2,MIA,0.12142857142857141,0.6664011137233894,15,auss
23,AUSS_L2,MIA_MinK,-0.05454545454545456,0.8734465775233149,11,auss
23,AUSS_L2,MIA_Ref,-0.27272727272727276,0.41714143714253127,11,auss
23,AUSS_L2,MIA_Hidden,-0.009090909090909092,0.9788365001441937,11,auss
23,AUSS_L2,SPV_MIA,0.8264926346087739,0.0017092848482046983,11,auss
23,AUSS_Cos2,Steering,-0.1357142857142857,0.6296204418728145,15,auss
23,AUSS_Cos2,ICL,-0.7503246050790371,0.001271216262413061,15,auss
23,AUSS_Cos2,GCG,-0.3155043751720223,0.2520035227730589,15,auss
23,AUSS_Cos2,MIA,0.15357142857142855,0.5847640949410158,15,auss
23,AUSS_Cos2,MIA_MinK,-0.05454545454545456,0.8734465775233149,11,auss
23,AUSS_Cos2,MIA_Ref,-0.27272727272727276,0.41714143714253127,11,auss
23,AUSS_Cos2,MIA_Hidden,-0.009090909090909092,0.9788365001441937,11,auss
23,AUSS_Cos2,SPV_MIA,0.8264926346087739,0.0017092848482046983,11,auss
23,AUSS_Jac,Steering,-0.2821428571428571,0.30828445682005556,15,auss
23,AUSS_Jac,ICL,-0.18390308948015613,0.51176303746023,15,auss
23,AUSS_Jac,GCG,-0.0803458346711361,0.7759184915207653,15,auss
23,AUSS_Jac,MIA,0.1357142857142857,0.6296204418728145,15,auss
23,AUSS_Jac,MIA_MinK,-0.28181818181818186,0.4011448979604785,11,auss
23,AUSS_Jac,MIA_Ref,0.2545454545454546,0.4500365768888285,11,auss
23,AUSS_Jac,MIA_Hidden,0.30000000000000004,0.37008312228206786,11,auss
23,AUSS_Jac,SPV_MIA,-0.02739754589863339,0.93626860357676,11,auss
23,Batch_Cov_Trace,Steering,-0.1857142857142857,0.5075409629336737,15,auss
23,Batch_Cov_Trace,ICL,-0.7282562343414183,0.002079099715782308,15,auss
23,Batch_Cov_Trace,GCG,-0.3782133193055919,0.16452281711120778,15,auss
23,Batch_Cov_Trace,MIA,0.12142857142857141,0.6664011137233894,15,auss
23,Batch_Cov_Trace,MIA_MinK,-0.05454545454545456,0.8734465775233149,11,auss
23,Batch_Cov_Trace,MIA_Ref,-0.27272727272727276,0.41714143714253127,11,auss
23,Batch_Cov_Trace,MIA_Hidden,-0.009090909090909092,0.9788365001441937,11,auss
23,Batch_Cov_Trace,SPV_MIA,0.8264926346087739,0.0017092848482046983,11,auss
23,Batch_Cov_TopEig,Steering,-0.2642857142857143,0.3411737579900821,15,auss
23,Batch_Cov_TopEig,ICL,-0.628948566022134,0.012012645782413647,15,auss
23,Batch_Cov_TopEig,GCG,-0.4526801904642059,0.09019647633633494,15,auss
23,Batch_Cov_TopEig,MIA,0.04285714285714285,0.8794603130258999,15,auss
23,Batch_Cov_TopEig,MIA_MinK,0.009090909090909092,0.9788365001441937,11,auss
23,Batch_Cov_TopEig,MIA_Ref,-0.30000000000000004,0.37008312228206786,11,auss
23,Batch_Cov_TopEig,MIA_Hidden,-0.19090909090909092,0.5739131682855215,11,auss
23,Batch_Cov_TopEig,SPV_MIA,0.7214687086640126,0.012205283673728558,11,auss
23,Reg_S_alpha_2,Steering,-0.016483516483516484,0.9573761750901849,13,entropy
23,Reg_S_alpha_2,ICL,-0.12698495646594296,0.6793150646389434,13,entropy
23,Reg_S_alpha_2,GCG,-0.1913897505877382,0.5310738750489168,13,entropy
23,Reg_S_alpha_2,MIA,0.34065934065934067,0.2547064607541252,13,entropy
23,Reg_S_alpha_2,MIA_MinK,-0.26666666666666666,0.4879222748387009,9,entropy
23,Reg_S_alpha_2,MIA_Ref,0.5,0.17047066078705375,9,entropy
23,Reg_S_alpha_2,MIA_Hidden,0.26666666666666666,0.4879222748387009,9,entropy
23,Reg_S_alpha_2,SPV_MIA,0.25,0.5164895523012263,9,entropy
23,Reg_MeanCos,Steering,0.016483516483516484,0.9573761750901849,13,entropy
23,Reg_MeanCos,ICL,0.12698495646594296,0.6793150646389434,13,entropy
23,Reg_MeanCos,GCG,0.1913897505877382,0.5310738750489168,13,entropy
23,Reg_MeanCos,MIA,-0.34065934065934067,0.2547064607541252,13,entropy
23,Reg_MeanCos,MIA_MinK,0.26666666666666666,0.4879222748387009,9,entropy
23,Reg_MeanCos,MIA_Ref,-0.5,0.17047066078705375,9,entropy
23,Reg_MeanCos,MIA_Hidden,-0.26666666666666666,0.4879222748387009,9,entropy
23,Reg_MeanCos,SPV_MIA,-0.25,0.5164895523012263,9,entropy
23,Reg_MeanL2,Steering,-0.20329670329670327,0.5053147342962486,13,entropy
23,Reg_MeanL2,ICL,0.10440985309421977,0.7342686591319911,13,entropy
23,Reg_MeanL2,GCG,-0.1212135087055675,0.6932378912046793,13,entropy
23,Reg_MeanL2,MIA,-0.0879120879120879,0.7751954088891221,13,entropy
23,Reg_MeanL2,MIA_MinK,0.7,0.03576957497026169,9,entropy
23,Reg_MeanL2,MIA_Ref,0.33333333333333337,0.38071318167686347,9,entropy
23,Reg_MeanL2,MIA_Hidden,-0.7,0.03576957497026169,9,entropy
23,Reg_MeanL2,SPV_MIA,0.5499999999999999,0.12497678418833198,9,entropy
23,AnonDiff_S_alpha_2,Steering,-0.15384615384615383,0.6157988686488814,13,entropy
23,AnonDiff_S_alpha_2,ICL,-0.5418024809213566,0.05580417070004108,13,entropy
23,AnonDiff_S_alpha_2,GCG,-0.5614099350573653,0.04588738025169015,13,entropy
23,AnonDiff_S_alpha_2,MIA,0.04395604395604395,0.8866190227890784,13,entropy
23,AnonDiff_S_alpha_2,MIA_MinK,0.06666666666666667,0.8646897846262037,9,entropy
23,AnonDiff_S_alpha_2,MIA_Ref,-0.3,0.4328453267094823,9,entropy
23,AnonDiff_S_alpha_2,MIA_Hidden,-0.08333333333333334,0.831214097710308,9,entropy
23,AnonDiff_S_alpha_2,SPV_MIA,0.8666666666666667,0.0024953982859902053,9,entropy
23,AnonDiff_MeanCos,Steering,0.33516483516483514,0.2629431403593601,13,entropy
23,AnonDiff_MeanCos,ICL,0.5276930413140296,0.06382345905535947,13,entropy
23,AnonDiff_MeanCos,GCG,0.6060675435278375,0.02811748879813219,13,entropy
23,AnonDiff_MeanCos,MIA,-0.3131868131868132,0.2974384220710292,13,entropy
23,AnonDiff_MeanCos,MIA_MinK,-0.3,0.4328453267094823,9,entropy
23,AnonDiff_MeanCos,MIA_Ref,0.06666666666666667,0.8646897846262037,9,entropy
23,AnonDiff_MeanCos,MIA_Hidden,0.15,0.7000942309691419,9,entropy
23,AnonDiff_MeanCos,SPV_MIA,-0.9333333333333332,0.00023589981215941676,9,entropy
23,AnonDiff_MeanL2,Steering,-0.11538461538461539,0.7073898735142602,13,entropy
23,AnonDiff_MeanL2,ICL,0.15802572360206232,0.6061205481500762,13,entropy
23,AnonDiff_MeanL2,GCG,0.015949145882311513,0.9587569028426022,13,entropy
23,AnonDiff_MeanL2,MIA,-0.3681318681318681,0.21585718064938147,13,entropy
23,AnonDiff_MeanL2,MIA_MinK,0.2333333333333333,0.5456987782182727,9,entropy
23,AnonDiff_MeanL2,MIA_Ref,-0.16666666666666669,0.668231040071504,9,entropy
23,AnonDiff_MeanL2,MIA_Hidden,-0.7666666666666667,0.01594401657897401,9,entropy
23,AnonDiff_MeanL2,SPV_MIA,0.08333333333333334,0.831214097710308,9,entropy
23,NormAnonDiff_S_alpha_2,Steering,-0.12637362637362637,0.680785475070949,13,entropy
23,NormAnonDiff_S_alpha_2,ICL,-0.6067059031150608,0.027907602277284064,13,entropy
23,NormAnonDiff_S_alpha_2,GCG,-0.6156370310572244,0.02509050947873708,13,entropy
23,NormAnonDiff_S_alpha_2,MIA,0.12087912087912088,0.6940473279966857,13,entropy
23,NormAnonDiff_S_alpha_2,MIA_MinK,-0.03333333333333333,0.932156735540504,9,entropy
23,NormAnonDiff_S_alpha_2,MIA_Ref,-0.2333333333333333,0.5456987782182727,9,entropy
23,NormAnonDiff_S_alpha_2,MIA_Hidden,0.09999999999999999,0.797971695234851,9,entropy
23,NormAnonDiff_S_alpha_2,SPV_MIA,0.8666666666666667,0.0024953982859902053,9,entropy
23,NormAnonDiff_MeanCos,Steering,0.33516483516483514,0.2629431403593601,13,entropy
23,NormAnonDiff_MeanCos,ICL,0.5276930413140296,0.06382345905535947,13,entropy
23,NormAnonDiff_MeanCos,GCG,0.6060675435278375,0.02811748879813219,13,entropy
23,NormAnonDiff_MeanCos,MIA,-0.3131868131868132,0.2974384220710292,13,entropy
23,NormAnonDiff_MeanCos,MIA_MinK,-0.3,0.4328453267094823,9,entropy
23,NormAnonDiff_MeanCos,MIA_Ref,0.06666666666666667,0.8646897846262037,9,entropy
23,NormAnonDiff_MeanCos,MIA_Hidden,0.15,0.7000942309691419,9,entropy
23,NormAnonDiff_MeanCos,SPV_MIA,-0.9333333333333332,0.00023589981215941676,9,entropy
24,Centroid_Norm,Steering,0.08928571428571427,0.751672517350277,15,auss
24,Centroid_Norm,ICL,0.7356123579206245,0.0017738294775378166,15,auss
24,Centroid_Norm,GCG,0.47227673550594634,0.07547139005016211,15,auss
24,Centroid_Norm,MIA,-0.13928571428571426,0.6205460876279014,15,auss
24,Centroid_Norm,MIA_MinK,0.08181818181818183,0.8109903943000458,11,auss
24,Centroid_Norm,MIA_Ref,0.3272727272727273,0.32589494101284167,11,auss
24,Centroid_Norm,MIA_Hidden,0.009090909090909092,0.9788365001441937,11,auss
24,Centroid_Norm,SPV_MIA,-0.7716975428115072,0.005399696456405776,11,auss
24,Global_Coherence,Steering,0.08928571428571427,0.751672517350277,15,auss
24,Global_Coherence,ICL,0.7356123579206245,0.0017738294775378166,15,auss
24,Global_Coherence,GCG,0.47227673550594634,0.07547139005016211,15,auss
24,Global_Coherence,MIA,-0.13928571428571426,0.6205460876279014,15,auss
24,Global_Coherence,MIA_MinK,0.08181818181818183,0.8109903943000458,11,auss
24,Global_Coherence,MIA_Ref,0.3272727272727273,0.32589494101284167,11,auss
24,Global_Coherence,MIA_Hidden,0.009090909090909092,0.9788365001441937,11,auss
24,Global_Coherence,SPV_MIA,-0.7716975428115072,0.005399696456405776,11,auss
24,Batch_SecondMoment_TopEig,Steering,0.08928571428571427,0.751672517350277,15,auss
24,Batch_SecondMoment_TopEig,ICL,0.7356123579206245,0.0017738294775378166,15,auss
24,Batch_SecondMoment_TopEig,GCG,0.47227673550594634,0.07547139005016211,15,auss
24,Batch_SecondMoment_TopEig,MIA,-0.13928571428571426,0.6205460876279014,15,auss
24,Batch_SecondMoment_TopEig,MIA_MinK,0.08181818181818183,0.8109903943000458,11,auss
24,Batch_SecondMoment_TopEig,MIA_Ref,0.3272727272727273,0.32589494101284167,11,auss
24,Batch_SecondMoment_TopEig,MIA_Hidden,0.009090909090909092,0.9788365001441937,11,auss
24,Batch_SecondMoment_TopEig,SPV_MIA,-0.7716975428115072,0.005399696456405776,11,auss
24,AUSS_L2,Steering,-0.08928571428571427,0.751672517350277,15,auss
24,AUSS_L2,ICL,-0.7356123579206245,0.0017738294775378166,15,auss
24,AUSS_L2,GCG,-0.47227673550594634,0.07547139005016211,15,auss
24,AUSS_L2,MIA,0.13928571428571426,0.6205460876279014,15,auss
24,AUSS_L2,MIA_MinK,-0.08181818181818183,0.8109903943000458,11,auss
24,AUSS_L2,MIA_Ref,-0.3272727272727273,0.32589494101284167,11,auss
24,AUSS_L2,MIA_Hidden,-0.009090909090909092,0.9788365001441937,11,auss
24,AUSS_L2,SPV_MIA,0.7716975428115072,0.005399696456405776,11,auss
24,AUSS_Cos2,Steering,-0.08928571428571427,0.751672517350277,15,auss
24,AUSS_Cos2,ICL,-0.7356123579206245,0.0017738294775378166,15,auss
24,AUSS_Cos2,GCG,-0.47227673550594634,0.07547139005016211,15,auss
24,AUSS_Cos2,MIA,0.13928571428571426,0.6205460876279014,15,auss
24,AUSS_Cos2,MIA_MinK,-0.08181818181818183,0.8109903943000458,11,auss
24,AUSS_Cos2,MIA_Ref,-0.3272727272727273,0.32589494101284167,11,auss
24,AUSS_Cos2,MIA_Hidden,-0.009090909090909092,0.9788365001441937,11,auss
24,AUSS_Cos2,SPV_MIA,0.7716975428115072,0.005399696456405776,11,auss
24,AUSS_Jac,Steering,-0.41785714285714276,0.1211725360218785,15,auss
24,AUSS_Jac,ICL,-0.3825184261187247,0.15937922207290592,15,auss
24,AUSS_Jac,GCG,-0.30178679364280386,0.2743247875322282,15,auss
24,AUSS_Jac,MIA,0.1964285714285714,0.4828987562716336,15,auss
24,AUSS_Jac,MIA_MinK,-0.36363636363636365,0.2716375409938228,11,auss
24,AUSS_Jac,MIA_Ref,0.27272727272727276,0.41714143714253127,11,auss
24,AUSS_Jac,MIA_Hidden,0.4090909090909091,0.2115450103420961,11,auss
24,AUSS_Jac,SPV_MIA,0.3470355813826896,0.2957349819541916,11,auss
24,Batch_Cov_Trace,Steering,-0.08928571428571427,0.751672517350277,15,auss
24,Batch_Cov_Trace,ICL,-0.7356123579206245,0.0017738294775378166,15,auss
24,Batch_Cov_Trace,GCG,-0.47227673550594634,0.07547139005016211,15,auss
24,Batch_Cov_Trace,MIA,0.13928571428571426,0.6205460876279014,15,auss
24,Batch_Cov_Trace,MIA_MinK,-0.08181818181818183,0.8109903943000458,11,auss
24,Batch_Cov_Trace,MIA_Ref,-0.3272727272727273,0.32589494101284167,11,auss
24,Batch_Cov_Trace,MIA_Hidden,-0.009090909090909092,0.9788365001441937,11,auss
24,Batch_Cov_Trace,SPV_MIA,0.7716975428115072,0.005399696456405776,11,auss
24,Batch_Cov_TopEig,Steering,-0.20357142857142854,0.46679507248911234,15,auss
24,Batch_Cov_TopEig,ICL,-0.6583730603389589,0.007616525226942641,15,auss
24,Batch_Cov_TopEig,GCG,-0.44680122695168367,0.0949838505014375,15,auss
24,Batch_Cov_TopEig,MIA,0.05714285714285713,0.8396998687415758,15,auss
24,Batch_Cov_TopEig,MIA_MinK,-0.018181818181818184,0.9576852410216187,11,auss
24,Batch_Cov_TopEig,MIA_Ref,-0.3545454545454546,0.2846927409558867,11,auss
24,Batch_Cov_TopEig,MIA_Hidden,-0.16363636363636366,0.6306852146425357,11,auss
24,Batch_Cov_TopEig,SPV_MIA,0.6895049051156069,0.01890464970890006,11,auss
24,Reg_S_alpha_2,Steering,-0.04395604395604395,0.8866190227890784,13,entropy
24,Reg_S_alpha_2,ICL,-0.05925964635077338,0.8475057956514205,13,entropy
24,Reg_S_alpha_2,GCG,-0.15311180047019055,0.617505336073775,13,entropy
24,Reg_S_alpha_2,MIA,0.35714285714285715,0.23092986230203402,13,entropy
24,Reg_S_alpha_2,MIA_MinK,-0.19999999999999998,0.6059012741795533,9,entropy
24,Reg_S_alpha_2,MIA_Ref,0.6,0.0876228290414024,9,entropy
24,Reg_S_alpha_2,MIA_Hidden,0.16666666666666669,0.668231040071504,9,entropy
24,Reg_S_alpha_2,SPV_MIA,0.16666666666666669,0.668231040071504,9,entropy
24,Reg_MeanCos,Steering,0.027472527472527472,0.929011729160351,13,entropy
24,Reg_MeanCos,ICL,0.12134118062301216,0.6929289208321556,13,entropy
24,Reg_MeanCos,GCG,0.22966770070528583,0.4503576118035105,13,entropy
24,Reg_MeanCos,MIA,-0.2912087912087912,0.3343858561975295,13,entropy
24,Reg_MeanCos,MIA_MinK,0.26666666666666666,0.4879222748387009,9,entropy
24,Reg_MeanCos,MIA_Ref,-0.5,0.17047066078705375,9,entropy
24,Reg_MeanCos,MIA_Hidden,-0.26666666666666666,0.4879222748387009,9,entropy
24,Reg_MeanCos,SPV_MIA,-0.25,0.5164895523012263,9,entropy
24,Reg_MeanL2,Steering,-0.20329670329670327,0.5053147342962486,13,entropy
24,Reg_MeanL2,ICL,0.10440985309421977,0.7342686591319911,13,entropy
24,Reg_MeanL2,GCG,-0.1212135087055675,0.6932378912046793,13,entropy
24,Reg_MeanL2,MIA,-0.0879120879120879,0.7751954088891221,13,entropy
24,Reg_MeanL2,MIA_MinK,0.7,0.03576957497026169,9,entropy
24,Reg_MeanL2,MIA_Ref,0.33333333333333337,0.38071318167686347,9,entropy
24,Reg_MeanL2,MIA_Hidden,-0.7,0.03576957497026169,9,entropy
24,Reg_MeanL2,SPV_MIA,0.5499999999999999,0.12497678418833198,9,entropy
24,AnonDiff_S_alpha_2,Steering,-0.0879120879120879,0.7751954088891221,13,entropy
24,AnonDiff_S_alpha_2,ICL,-0.3894205331622251,0.18842368093939801,13,entropy
24,AnonDiff_S_alpha_2,GCG,-0.40829813458717473,0.16603005511497088,13,entropy
24,AnonDiff_S_alpha_2,MIA,-0.06593406593406594,0.8305423857560938,13,entropy
24,AnonDiff_S_alpha_2,MIA_MinK,0.016666666666666666,0.9660548039946861,9,entropy
24,AnonDiff_S_alpha_2,MIA_Ref,-0.3666666666666667,0.33173980143301507,9,entropy
24,AnonDiff_S_alpha_2,MIA_Hidden,-0.25,0.5164895523012263,9,entropy
24,AnonDiff_S_alpha_2,SPV_MIA,0.75,0.019942126131992522,9,entropy
24,AnonDiff_MeanCos,Steering,0.20329670329670327,0.5053147342962486,13,entropy
24,AnonDiff_MeanCos,ICL,0.5530900326072181,0.049926243158109715,13,entropy
24,AnonDiff_MeanCos,GCG,0.5837387392926014,0.03621441814580157,13,entropy
24,AnonDiff_MeanCos,MIA,-0.25274725274725274,0.40477407127094656,13,entropy
24,AnonDiff_MeanCos,MIA_MinK,-0.16666666666666669,0.668231040071504,9,entropy
24,AnonDiff_MeanCos,MIA_Ref,0.08333333333333334,0.831214097710308,9,entropy
24,AnonDiff_MeanCos,MIA_Hidden,0.049999999999999996,0.8983528043506301,9,entropy
24,AnonDiff_MeanCos,SPV_MIA,-0.9500000000000001,8.762523965086177e-05,9,entropy
24,AnonDiff_MeanL2,Steering,-0.13736263736263735,0.6545168402947126,13,entropy
24,AnonDiff_MeanL2,ICL,0.19471026658111254,0.52383355993211,13,entropy
24,AnonDiff_MeanL2,GCG,0.03189829176462303,0.9176081366624986,13,entropy
24,AnonDiff_MeanL2,MIA,-0.3131868131868132,0.2974384220710292,13,entropy
24,AnonDiff_MeanL2,MIA_MinK,0.35,0.35581957250178897,9,entropy
24,AnonDiff_MeanL2,MIA_Ref,-0.049999999999999996,0.8983528043506301,9,entropy
24,AnonDiff_MeanL2,MIA_Hidden,-0.7999999999999999,0.00962792472537983,9,entropy
24,AnonDiff_MeanL2,SPV_MIA,0.11666666666666665,0.7650079429261462,9,entropy
24,NormAnonDiff_S_alpha_2,Steering,-0.12637362637362637,0.680785475070949,13,entropy
24,NormAnonDiff_S_alpha_2,ICL,-0.6123496789579916,0.02610178444642592,13,entropy
24,NormAnonDiff_S_alpha_2,GCG,-0.6156370310572244,0.02509050947873708,13,entropy
24,NormAnonDiff_S_alpha_2,MIA,0.0879120879120879,0.7751954088891221,13,entropy
24,NormAnonDiff_S_alpha_2,MIA_MinK,-0.03333333333333333,0.932156735540504,9,entropy
24,NormAnonDiff_S_alpha_2,MIA_Ref,-0.2333333333333333,0.5456987782182727,9,entropy
24,NormAnonDiff_S_alpha_2,MIA_Hidden,0.09999999999999999,0.797971695234851,9,entropy
24,NormAnonDiff_S_alpha_2,SPV_MIA,0.8666666666666667,0.0024953982859902053,9,entropy
24,NormAnonDiff_MeanCos,Steering,0.20329670329670327,0.5053147342962486,13,entropy
24,NormAnonDiff_MeanCos,ICL,0.5530900326072181,0.049926243158109715,13,entropy
24,NormAnonDiff_MeanCos,GCG,0.5837387392926014,0.03621441814580157,13,entropy
24,NormAnonDiff_MeanCos,MIA,-0.25274725274725274,0.40477407127094656,13,entropy
24,NormAnonDiff_MeanCos,MIA_MinK,-0.16666666666666669,0.668231040071504,9,entropy
24,NormAnonDiff_MeanCos,MIA_Ref,0.08333333333333334,0.831214097710308,9,entropy
24,NormAnonDiff_MeanCos,MIA_Hidden,0.049999999999999996,0.8983528043506301,9,entropy
24,NormAnonDiff_MeanCos,SPV_MIA,-0.9500000000000001,8.762523965086177e-05,9,entropy
25,Centroid_Norm,Steering,-0.028571428571428564,0.9194899083821857,15,auss
25,Centroid_Norm,ICL,0.7540026668686401,0.001165577834562221,15,auss
25,Centroid_Norm,GCG,0.4801153535226425,0.07009421728679956,15,auss
25,Centroid_Norm,MIA,-0.25357142857142856,0.3618161038158896,15,auss
25,Centroid_Norm,MIA_MinK,0.21818181818181823,0.519248247554982,11,auss
25,Centroid_Norm,MIA_Ref,0.10000000000000002,0.7698749998921366,11,auss
25,Centroid_Norm,MIA_Hidden,-0.18181818181818182,0.5926152128455,11,auss
25,Centroid_Norm,SPV_MIA,-0.8812877264060406,0.0003366226086669752,11,auss
25,Global_Coherence,Steering,-0.028571428571428564,0.9194899083821857,15,auss
25,Global_Coherence,ICL,0.7540026668686401,0.001165577834562221,15,auss
25,Global_Coherence,GCG,0.4801153535226425,0.07009421728679956,15,auss
25,Global_Coherence,MIA,-0.25357142857142856,0.3618161038158896,15,auss
25,Global_Coherence,MIA_MinK,0.21818181818181823,0.519248247554982,11,auss
25,Global_Coherence,MIA_Ref,0.10000000000000002,0.7698749998921366,11,auss
25,Global_Coherence,MIA_Hidden,-0.18181818181818182,0.5926152128455,11,auss
25,Global_Coherence,SPV_MIA,-0.8812877264060406,0.0003366226086669752,11,auss
25,Batch_SecondMoment_TopEig,Steering,-0.028571428571428564,0.9194899083821857,15,auss
25,Batch_SecondMoment_TopEig,ICL,0.7540026668686401,0.001165577834562221,15,auss
25,Batch_SecondMoment_TopEig,GCG,0.4801153535226425,0.07009421728679956,15,auss
25,Batch_SecondMoment_TopEig,MIA,-0.25357142857142856,0.3618161038158896,15,auss
25,Batch_SecondMoment_TopEig,MIA_MinK,0.21818181818181823,0.519248247554982,11,auss
25,Batch_SecondMoment_TopEig,MIA_Ref,0.10000000000000002,0.7698749998921366,11,auss
25,Batch_SecondMoment_TopEig,MIA_Hidden,-0.18181818181818182,0.5926152128455,11,auss
25,Batch_SecondMoment_TopEig,SPV_MIA,-0.8812877264060406,0.0003366226086669752,11,auss
25,AUSS_L2,Steering,0.028571428571428564,0.9194899083821857,15,auss
25,AUSS_L2,ICL,-0.7540026668686401,0.001165577834562221,15,auss
25,AUSS_L2,GCG,-0.4801153535226425,0.07009421728679956,15,auss
25,AUSS_L2,MIA,0.25357142857142856,0.3618161038158896,15,auss
25,AUSS_L2,MIA_MinK,-0.21818181818181823,0.519248247554982,11,auss
25,AUSS_L2,MIA_Ref,-0.10000000000000002,0.7698749998921366,11,auss
25,AUSS_L2,MIA_Hidden,0.18181818181818182,0.5926152128455,11,auss
25,AUSS_L2,SPV_MIA,0.8812877264060406,0.0003366226086669752,11,auss
25,AUSS_Cos2,Steering,0.028571428571428564,0.9194899083821857,15,auss
25,AUSS_Cos2,ICL,-0.7540026668686401,0.001165577834562221,15,auss
25,AUSS_Cos2,GCG,-0.4801153535226425,0.07009421728679956,15,auss
25,AUSS_Cos2,MIA,0.25357142857142856,0.3618161038158896,15,auss
25,AUSS_Cos2,MIA_MinK,-0.21818181818181823,0.519248247554982,11,auss
25,AUSS_Cos2,MIA_Ref,-0.10000000000000002,0.7698749998921366,11,auss
25,AUSS_Cos2,MIA_Hidden,0.18181818181818182,0.5926152128455,11,auss
25,AUSS_Cos2,SPV_MIA,0.8812877264060406,0.0003366226086669752,11,auss
25,AUSS_Jac,Steering,-0.24285714285714283,0.38312834183934175,15,auss
25,AUSS_Jac,ICL,-0.36780617896031226,0.17740680014796043,15,auss
25,AUSS_Jac,GCG,-0.2900288666177596,0.29437018654513847,15,auss
25,AUSS_Jac,MIA,0.13214285714285715,0.6387442188840665,15,auss
25,AUSS_Jac,MIA_MinK,-0.3181818181818182,0.34029761418190363,11,auss
25,AUSS_Jac,MIA_Ref,0.3181818181818182,0.34029761418190363,11,auss
25,AUSS_Jac,MIA_Hidden,0.26363636363636367,0.4334407376116145,11,auss
25,AUSS_Jac,SPV_MIA,0.3470355813826896,0.2957349819541916,11,auss
25,Batch_Cov_Trace,Steering,0.028571428571428564,0.9194899083821857,15,auss
25,Batch_Cov_Trace,ICL,-0.7540026668686401,0.001165577834562221,15,auss
25,Batch_Cov_Trace,GCG,-0.4801153535226425,0.07009421728679956,15,auss
25,Batch_Cov_Trace,MIA,0.25357142857142856,0.3618161038158896,15,auss
25,Batch_Cov_Trace,MIA_MinK,-0.21818181818181823,0.519248247554982,11,auss
25,Batch_Cov_Trace,MIA_Ref,-0.10000000000000002,0.7698749998921366,11,auss
25,Batch_Cov_Trace,MIA_Hidden,0.18181818181818182,0.5926152128455,11,auss
25,Batch_Cov_Trace,SPV_MIA,0.8812877264060406,0.0003366226086669752,11,auss
25,Batch_Cov_TopEig,Steering,-0.15714285714285714,0.5759526006037947,15,auss
25,Batch_Cov_TopEig,ICL,-0.7135439871830058,0.002815925030465455,15,auss
25,Batch_Cov_TopEig,GCG,-0.5506629156729084,0.03339815802284032,15,auss
25,Batch_Cov_TopEig,MIA,0.12857142857142856,0.6479163294665075,15,auss
25,Batch_Cov_TopEig,MIA_MinK,-0.14545454545454548,0.6695786456420787,11,auss
25,Batch_Cov_TopEig,MIA_Ref,-0.28181818181818186,0.4011448979604785,11,auss
25,Batch_Cov_TopEig,MIA_Hidden,0.03636363636363637,0.9154683168905347,11,auss
25,Batch_Cov_TopEig,SPV_MIA,0.8173601193092295,0.002123165628965581,11,auss
25,Reg_S_alpha_2,Steering,-0.07692307692307691,0.8027630076692551,13,entropy
25,Reg_S_alpha_2,ICL,-0.10158796517275437,0.7412264974176268,13,entropy
25,Reg_S_alpha_2,GCG,-0.22966770070528583,0.4503576118035105,13,entropy
25,Reg_S_alpha_2,MIA,0.34615384615384615,0.24662526251007164,13,entropy
25,Reg_S_alpha_2,MIA_MinK,-0.21666666666666667,0.5755148957119259,9,entropy
25,Reg_S_alpha_2,MIA_Ref,0.6166666666666666,0.07692880993776309,9,entropy
25,Reg_S_alpha_2,MIA_Hidden,0.2333333333333333,0.5456987782182727,9,entropy
25,Reg_S_alpha_2,SPV_MIA,0.21666666666666667,0.5755148957119259,9,entropy
25,Reg_MeanCos,Steering,0.027472527472527472,0.929011729160351,13,entropy
25,Reg_MeanCos,ICL,0.12134118062301216,0.6929289208321556,13,entropy
25,Reg_MeanCos,GCG,0.22966770070528583,0.4503576118035105,13,entropy
25,Reg_MeanCos,MIA,-0.2912087912087912,0.3343858561975295,13,entropy
25,Reg_MeanCos,MIA_MinK,0.26666666666666666,0.4879222748387009,9,entropy
25,Reg_MeanCos,MIA_Ref,-0.5,0.17047066078705375,9,entropy
25,Reg_MeanCos,MIA_Hidden,-0.26666666666666666,0.4879222748387009,9,entropy
25,Reg_MeanCos,SPV_MIA,-0.25,0.5164895523012263,9,entropy
25,Reg_MeanL2,Steering,-0.20329670329670327,0.5053147342962486,13,entropy
25,Reg_MeanL2,ICL,0.10440985309421977,0.7342686591319911,13,entropy
25,Reg_MeanL2,GCG,-0.1212135087055675,0.6932378912046793,13,entropy
25,Reg_MeanL2,MIA,-0.0879120879120879,0.7751954088891221,13,entropy
25,Reg_MeanL2,MIA_MinK,0.7,0.03576957497026169,9,entropy
25,Reg_MeanL2,MIA_Ref,0.33333333333333337,0.38071318167686347,9,entropy
25,Reg_MeanL2,MIA_Hidden,-0.7,0.03576957497026169,9,entropy
25,Reg_MeanL2,SPV_MIA,0.5499999999999999,0.12497678418833198,9,entropy
25,AnonDiff_S_alpha_2,Steering,-0.18131868131868134,0.5532950092839335,13,entropy
25,AnonDiff_S_alpha_2,ICL,-0.5051179379423064,0.07829182005012503,13,entropy
25,AnonDiff_S_alpha_2,GCG,-0.5614099350573653,0.04588738025169015,13,entropy
25,AnonDiff_S_alpha_2,MIA,0.027472527472527472,0.929011729160351,13,entropy
25,AnonDiff_S_alpha_2,MIA_MinK,0.08333333333333334,0.831214097710308,9,entropy
25,AnonDiff_S_alpha_2,MIA_Ref,-0.31666666666666665,0.4063970144863861,9,entropy
25,AnonDiff_S_alpha_2,MIA_Hidden,-0.15,0.7000942309691419,9,entropy
25,AnonDiff_S_alpha_2,SPV_MIA,0.8166666666666667,0.007224785246358786,9,entropy
25,AnonDiff_MeanCos,Steering,0.1868131868131868,0.5411235235098939,13,entropy
25,AnonDiff_MeanCos,ICL,0.572843248057476,0.04072777067598644,13,entropy
25,AnonDiff_MeanCos,GCG,0.5837387392926014,0.03621441814580157,13,entropy
25,AnonDiff_MeanCos,MIA,-0.22527472527472525,0.4593051427250058,13,entropy
25,AnonDiff_MeanCos,MIA_MinK,-0.16666666666666669,0.668231040071504,9,entropy
25,AnonDiff_MeanCos,MIA_Ref,0.08333333333333334,0.831214097710308,9,entropy
25,AnonDiff_MeanCos,MIA_Hidden,0.049999999999999996,0.8983528043506301,9,entropy
25,AnonDiff_MeanCos,SPV_MIA,-0.9500000000000001,8.762523965086177e-05,9,entropy
25,AnonDiff_MeanL2,Steering,-0.13736263736263735,0.6545168402947126,13,entropy
25,AnonDiff_MeanL2,ICL,0.19471026658111254,0.52383355993211,13,entropy
25,AnonDiff_MeanL2,GCG,0.03189829176462303,0.9176081366624986,13,entropy
25,AnonDiff_MeanL2,MIA,-0.3131868131868132,0.2974384220710292,13,entropy
25,AnonDiff_MeanL2,MIA_MinK,0.35,0.35581957250178897,9,entropy
25,AnonDiff_MeanL2,MIA_Ref,-0.049999999999999996,0.8983528043506301,9,entropy
25,AnonDiff_MeanL2,MIA_Hidden,-0.7999999999999999,0.00962792472537983,9,entropy
25,AnonDiff_MeanL2,SPV_MIA,0.11666666666666665,0.7650079429261462,9,entropy
25,NormAnonDiff_S_alpha_2,Steering,-0.10989010989010989,0.7208097995138618,13,entropy
25,NormAnonDiff_S_alpha_2,ICL,-0.6490342219370416,0.016385464774556463,13,entropy
25,NormAnonDiff_S_alpha_2,GCG,-0.6156370310572244,0.02509050947873708,13,entropy
25,NormAnonDiff_S_alpha_2,MIA,0.11538461538461539,0.7073898735142602,13,entropy
25,NormAnonDiff_S_alpha_2,MIA_MinK,-0.13333333333333333,0.7323675052362975,9,entropy
25,NormAnonDiff_S_alpha_2,MIA_Ref,-0.16666666666666669,0.668231040071504,9,entropy
25,NormAnonDiff_S_alpha_2,MIA_Hidden,0.13333333333333333,0.7323675052362975,9,entropy
25,NormAnonDiff_S_alpha_2,SPV_MIA,0.9,0.0009430623223403293,9,entropy
25,NormAnonDiff_MeanCos,Steering,0.1868131868131868,0.5411235235098939,13,entropy
25,NormAnonDiff_MeanCos,ICL,0.572843248057476,0.04072777067598644,13,entropy
25,NormAnonDiff_MeanCos,GCG,0.5837387392926014,0.03621441814580157,13,entropy
25,NormAnonDiff_MeanCos,MIA,-0.22527472527472525,0.4593051427250058,13,entropy
25,NormAnonDiff_MeanCos,MIA_MinK,-0.16666666666666669,0.668231040071504,9,entropy
25,NormAnonDiff_MeanCos,MIA_Ref,0.08333333333333334,0.831214097710308,9,entropy
25,NormAnonDiff_MeanCos,MIA_Hidden,0.049999999999999996,0.8983528043506301,9,entropy
25,NormAnonDiff_MeanCos,SPV_MIA,-0.9500000000000001,8.762523965086177e-05,9,entropy
26,Centroid_Norm,Steering,-0.028571428571428564,0.9194899083821857,15,auss
26,Centroid_Norm,ICL,0.7723929758166558,0.0007382182147287703,15,auss
26,Centroid_Norm,GCG,0.5036312075727313,0.05562075618442409,15,auss
26,Centroid_Norm,MIA,-0.18928571428571428,0.49926303323854526,15,auss
26,Centroid_Norm,MIA_MinK,0.2545454545454546,0.4500365768888285,11,auss
26,Centroid_Norm,MIA_Ref,0.14545454545454548,0.6695786456420787,11,auss
26,Centroid_Norm,MIA_Hidden,-0.26363636363636367,0.4334407376116145,11,auss
26,Centroid_Norm,SPV_MIA,-0.8721552111064962,0.0004634842041488749,11,auss
26,Global_Coherence,Steering,-0.028571428571428564,0.9194899083821857,15,auss
26,Global_Coherence,ICL,0.7723929758166558,0.0007382182147287703,15,auss
26,Global_Coherence,GCG,0.5036312075727313,0.05562075618442409,15,auss
26,Global_Coherence,MIA,-0.18928571428571428,0.49926303323854526,15,auss
26,Global_Coherence,MIA_MinK,0.2545454545454546,0.4500365768888285,11,auss
26,Global_Coherence,MIA_Ref,0.14545454545454548,0.6695786456420787,11,auss
26,Global_Coherence,MIA_Hidden,-0.26363636363636367,0.4334407376116145,11,auss
26,Global_Coherence,SPV_MIA,-0.8721552111064962,0.0004634842041488749,11,auss
26,Batch_SecondMoment_TopEig,Steering,-0.028571428571428564,0.9194899083821857,15,auss
26,Batch_SecondMoment_TopEig,ICL,0.7723929758166558,0.0007382182147287703,15,auss
26,Batch_SecondMoment_TopEig,GCG,0.5036312075727313,0.05562075618442409,15,auss
26,Batch_SecondMoment_TopEig,MIA,-0.18928571428571428,0.49926303323854526,15,auss
26,Batch_SecondMoment_TopEig,MIA_MinK,0.2545454545454546,0.4500365768888285,11,auss
26,Batch_SecondMoment_TopEig,MIA_Ref,0.14545454545454548,0.6695786456420787,11,auss
26,Batch_SecondMoment_TopEig,MIA_Hidden,-0.26363636363636367,0.4334407376116145,11,auss
26,Batch_SecondMoment_TopEig,SPV_MIA,-0.8721552111064962,0.0004634842041488749,11,auss
26,AUSS_L2,Steering,0.028571428571428564,0.9194899083821857,15,auss
26,AUSS_L2,ICL,-0.7723929758166558,0.0007382182147287703,15,auss
26,AUSS_L2,GCG,-0.5036312075727313,0.05562075618442409,15,auss
26,AUSS_L2,MIA,0.18928571428571428,0.49926303323854526,15,auss
26,AUSS_L2,MIA_MinK,-0.2545454545454546,0.4500365768888285,11,auss
26,AUSS_L2,MIA_Ref,-0.14545454545454548,0.6695786456420787,11,auss
26,AUSS_L2,MIA_Hidden,0.26363636363636367,0.4334407376116145,11,auss
26,AUSS_L2,SPV_MIA,0.8721552111064962,0.0004634842041488749,11,auss
26,AUSS_Cos2,Steering,0.028571428571428564,0.9194899083821857,15,auss
26,AUSS_Cos2,ICL,-0.7723929758166558,0.0007382182147287703,15,auss
26,AUSS_Cos2,GCG,-0.5036312075727313,0.05562075618442409,15,auss
26,AUSS_Cos2,MIA,0.18928571428571428,0.49926303323854526,15,auss
26,AUSS_Cos2,MIA_MinK,-0.2545454545454546,0.4500365768888285,11,auss
26,AUSS_Cos2,MIA_Ref,-0.14545454545454548,0.6695786456420787,11,auss
26,AUSS_Cos2,MIA_Hidden,0.26363636363636367,0.4334407376116145,11,auss
26,AUSS_Cos2,SPV_MIA,0.8721552111064962,0.0004634842041488749,11,auss
26,AUSS_Jac,Steering,-0.35,0.2009453508162933,15,auss
26,AUSS_Jac,ICL,-0.48182609443800906,0.06895838438793411,15,auss
26,AUSS_Jac,GCG,-0.3605764287680254,0.18673516397546497,15,auss
26,AUSS_Jac,MIA,0.33928571428571425,0.2160289253419548,15,auss
26,AUSS_Jac,MIA_MinK,-0.27272727272727276,0.41714143714253127,11,auss
26,AUSS_Jac,MIA_Ref,0.39090909090909093,0.23454006709519432,11,auss
26,AUSS_Jac,MIA_Hidden,0.22727272727272727,0.501535667604937,11,auss
26,AUSS_Jac,SPV_MIA,0.5844809791708456,0.05897239150388694,11,auss
26,Batch_Cov_Trace,Steering,0.028571428571428564,0.9194899083821857,15,auss
26,Batch_Cov_Trace,ICL,-0.7723929758166558,0.0007382182147287703,15,auss
26,Batch_Cov_Trace,GCG,-0.5036312075727313,0.05562075618442409,15,auss
26,Batch_Cov_Trace,MIA,0.18928571428571428,0.49926303323854526,15,auss
26,Batch_Cov_Trace,MIA_MinK,-0.2545454545454546,0.4500365768888285,11,auss
26,Batch_Cov_Trace,MIA_Ref,-0.14545454545454548,0.6695786456420787,11,auss
26,Batch_Cov_Trace,MIA_Hidden,0.26363636363636367,0.4334407376116145,11,auss
26,Batch_Cov_Trace,SPV_MIA,0.8721552111064962,0.0004634842041488749,11,auss
26,Batch_Cov_TopEig,Steering,-0.12142857142857141,0.6664011137233894,15,auss
26,Batch_Cov_TopEig,ICL,-0.7834271611854651,0.0005500676417083982,15,auss
26,Batch_Cov_TopEig,GCG,-0.47227673550594634,0.07547139005016211,15,auss
26,Batch_Cov_TopEig,MIA,0.15357142857142855,0.5847640949410158,15,auss
26,Batch_Cov_TopEig,MIA_MinK,-0.16363636363636366,0.6306852146425357,11,auss
26,Batch_Cov_TopEig,MIA_Ref,-0.26363636363636367,0.4334407376116145,11,auss
26,Batch_Cov_TopEig,MIA_Hidden,0.018181818181818184,0.9576852410216187,11,auss
26,Batch_Cov_TopEig,SPV_MIA,0.8401914075580906,0.0012054910259263949,11,auss
26,Reg_S_alpha_2,Steering,-0.12087912087912088,0.6940473279966857,13,entropy
26,Reg_S_alpha_2,ICL,-0.08183474972249657,0.7904134329437711,13,entropy
26,Reg_S_alpha_2,GCG,-0.22966770070528583,0.4503576118035105,13,entropy
26,Reg_S_alpha_2,MIA,0.39010989010989006,0.1875741161338378,13,entropy
26,Reg_S_alpha_2,MIA_MinK,-0.25,0.5164895523012263,9,entropy
26,Reg_S_alpha_2,MIA_Ref,0.6666666666666667,0.04986723056888511,9,entropy
26,Reg_S_alpha_2,MIA_Hidden,0.26666666666666666,0.4879222748387009,9,entropy
26,Reg_S_alpha_2,SPV_MIA,0.19999999999999998,0.6059012741795533,9,entropy
26,Reg_MeanCos,Steering,0.12637362637362637,0.680785475070949,13,entropy
26,Reg_MeanCos,ICL,0.06490342219370418,0.8331575937711752,13,entropy
26,Reg_MeanCos,GCG,0.26794565082283345,0.3761065703668255,13,entropy
26,Reg_MeanCos,MIA,-0.3681318681318681,0.21585718064938147,13,entropy
26,Reg_MeanCos,MIA_MinK,0.21666666666666667,0.5755148957119259,9,entropy
26,Reg_MeanCos,MIA_Ref,-0.6166666666666666,0.07692880993776309,9,entropy
26,Reg_MeanCos,MIA_Hidden,-0.2333333333333333,0.5456987782182727,9,entropy
26,Reg_MeanCos,SPV_MIA,-0.21666666666666667,0.5755148957119259,9,entropy
26,Reg_MeanL2,Steering,-0.20329670329670327,0.5053147342962486,13,entropy
26,Reg_MeanL2,ICL,0.10440985309421977,0.7342686591319911,13,entropy
26,Reg_MeanL2,GCG,-0.1212135087055675,0.6932378912046793,13,entropy
26,Reg_MeanL2,MIA,-0.0879120879120879,0.7751954088891221,13,entropy
26,Reg_MeanL2,MIA_MinK,0.7,0.03576957497026169,9,entropy
26,Reg_MeanL2,MIA_Ref,0.33333333333333337,0.38071318167686347,9,entropy
26,Reg_MeanL2,MIA_Hidden,-0.7,0.03576957497026169,9,entropy
26,Reg_MeanL2,SPV_MIA,0.5499999999999999,0.12497678418833198,9,entropy
26,AnonDiff_S_alpha_2,Steering,-0.08241758241758242,0.788950927847518,13,entropy
26,AnonDiff_S_alpha_2,ICL,-0.4881866104135141,0.0905380157343993,13,entropy
26,AnonDiff_S_alpha_2,GCG,-0.48485403482227,0.09309475134156509,13,entropy
26,AnonDiff_S_alpha_2,MIA,-0.06593406593406594,0.8305423857560938,13,entropy
26,AnonDiff_S_alpha_2,MIA_MinK,0.06666666666666667,0.8646897846262037,9,entropy
26,AnonDiff_S_alpha_2,MIA_Ref,-0.41666666666666663,0.26458604674749614,9,entropy
26,AnonDiff_S_alpha_2,MIA_Hidden,-0.09999999999999999,0.797971695234851,9,entropy
26,AnonDiff_S_alpha_2,SPV_MIA,0.75,0.019942126131992522,9,entropy
26,AnonDiff_MeanCos,Steering,0.1868131868131868,0.5411235235098939,13,entropy
26,AnonDiff_MeanCos,ICL,0.6264591185653187,0.02196510640238996,13,entropy
26,AnonDiff_MeanCos,GCG,0.5837387392926014,0.03621441814580157,13,entropy
26,AnonDiff_MeanCos,MIA,-0.23076923076923078,0.44812738231536575,13,entropy
26,AnonDiff_MeanCos,MIA_MinK,-0.16666666666666669,0.668231040071504,9,entropy
26,AnonDiff_MeanCos,MIA_Ref,0.08333333333333334,0.831214097710308,9,entropy
26,AnonDiff_MeanCos,MIA_Hidden,0.049999999999999996,0.8983528043506301,9,entropy
26,AnonDiff_MeanCos,SPV_MIA,-0.9500000000000001,8.762523965086177e-05,9,entropy
26,AnonDiff_MeanL2,Steering,-0.13736263736263735,0.6545168402947126,13,entropy
26,AnonDiff_MeanL2,ICL,0.19471026658111254,0.52383355993211,13,entropy
26,AnonDiff_MeanL2,GCG,0.03189829176462303,0.9176081366624986,13,entropy
26,AnonDiff_MeanL2,MIA,-0.3131868131868132,0.2974384220710292,13,entropy
26,AnonDiff_MeanL2,MIA_MinK,0.35,0.35581957250178897,9,entropy
26,AnonDiff_MeanL2,MIA_Ref,-0.049999999999999996,0.8983528043506301,9,entropy
26,AnonDiff_MeanL2,MIA_Hidden,-0.7999999999999999,0.00962792472537983,9,entropy
26,AnonDiff_MeanL2,SPV_MIA,0.11666666666666665,0.7650079429261462,9,entropy
26,NormAnonDiff_S_alpha_2,Steering,-0.13186813186813187,0.6676075762175147,13,entropy
26,NormAnonDiff_S_alpha_2,ICL,-0.6687874373872996,0.012440734995768457,13,entropy
26,NormAnonDiff_S_alpha_2,GCG,-0.6156370310572244,0.02509050947873708,13,entropy
26,NormAnonDiff_S_alpha_2,MIA,0.12637362637362637,0.680785475070949,13,entropy
26,NormAnonDiff_S_alpha_2,MIA_MinK,-0.13333333333333333,0.7323675052362975,9,entropy
26,NormAnonDiff_S_alpha_2,MIA_Ref,-0.16666666666666669,0.668231040071504,9,entropy
26,NormAnonDiff_S_alpha_2,MIA_Hidden,0.13333333333333333,0.7323675052362975,9,entropy
26,NormAnonDiff_S_alpha_2,SPV_MIA,0.9,0.0009430623223403293,9,entropy
26,NormAnonDiff_MeanCos,Steering,0.1868131868131868,0.5411235235098939,13,entropy
26,NormAnonDiff_MeanCos,ICL,0.6264591185653187,0.02196510640238996,13,entropy
26,NormAnonDiff_MeanCos,GCG,0.5837387392926014,0.03621441814580157,13,entropy
26,NormAnonDiff_MeanCos,MIA,-0.23076923076923078,0.44812738231536575,13,entropy
26,NormAnonDiff_MeanCos,MIA_MinK,-0.16666666666666669,0.668231040071504,9,entropy
26,NormAnonDiff_MeanCos,MIA_Ref,0.08333333333333334,0.831214097710308,9,entropy
26,NormAnonDiff_MeanCos,MIA_Hidden,0.049999999999999996,0.8983528043506301,9,entropy
26,NormAnonDiff_MeanCos,SPV_MIA,-0.9500000000000001,8.762523965086177e-05,9,entropy
27,Centroid_Norm,Steering,0.024999999999999998,0.9295289708192378,15,auss
27,Centroid_Norm,ICL,0.809173593712687,0.0002582912418359321,15,auss
27,Centroid_Norm,GCG,0.5212680981102976,0.04629836358406679,15,auss
27,Centroid_Norm,MIA,-0.2321428571428571,0.40509874069364893,15,auss
27,Centroid_Norm,MIA_MinK,0.27272727272727276,0.41714143714253127,11,auss
27,Centroid_Norm,MIA_Ref,0.1272727272727273,0.7092146257733047,11,auss
27,Centroid_Norm,MIA_Hidden,-0.36363636363636365,0.2716375409938228,11,auss
27,Centroid_Norm,SPV_MIA,-0.8721552111064962,0.0004634842041488749,11,auss
27,Global_Coherence,Steering,0.024999999999999998,0.9295289708192378,15,auss
27,Global_Coherence,ICL,0.809173593712687,0.0002582912418359321,15,auss
27,Global_Coherence,GCG,0.5212680981102976,0.04629836358406679,15,auss
27,Global_Coherence,MIA,-0.2321428571428571,0.40509874069364893,15,auss
27,Global_Coherence,MIA_MinK,0.27272727272727276,0.41714143714253127,11,auss
27,Global_Coherence,MIA_Ref,0.1272727272727273,0.7092146257733047,11,auss
27,Global_Coherence,MIA_Hidden,-0.36363636363636365,0.2716375409938228,11,auss
27,Global_Coherence,SPV_MIA,-0.8721552111064962,0.0004634842041488749,11,auss
27,Batch_SecondMoment_TopEig,Steering,0.024999999999999998,0.9295289708192378,15,auss
27,Batch_SecondMoment_TopEig,ICL,0.809173593712687,0.0002582912418359321,15,auss
27,Batch_SecondMoment_TopEig,GCG,0.5212680981102976,0.04629836358406679,15,auss
27,Batch_SecondMoment_TopEig,MIA,-0.2321428571428571,0.40509874069364893,15,auss
27,Batch_SecondMoment_TopEig,MIA_MinK,0.27272727272727276,0.41714143714253127,11,auss
27,Batch_SecondMoment_TopEig,MIA_Ref,0.1272727272727273,0.7092146257733047,11,auss
27,Batch_SecondMoment_TopEig,MIA_Hidden,-0.36363636363636365,0.2716375409938228,11,auss
27,Batch_SecondMoment_TopEig,SPV_MIA,-0.8721552111064962,0.0004634842041488749,11,auss
27,AUSS_L2,Steering,-0.024999999999999998,0.9295289708192378,15,auss
27,AUSS_L2,ICL,-0.809173593712687,0.0002582912418359321,15,auss
27,AUSS_L2,GCG,-0.5212680981102976,0.04629836358406679,15,auss
27,AUSS_L2,MIA,0.2321428571428571,0.40509874069364893,15,auss
27,AUSS_L2,MIA_MinK,-0.27272727272727276,0.41714143714253127,11,auss
27,AUSS_L2,MIA_Ref,-0.1272727272727273,0.7092146257733047,11,auss
27,AUSS_L2,MIA_Hidden,0.36363636363636365,0.2716375409938228,11,auss
27,AUSS_L2,SPV_MIA,0.8721552111064962,0.0004634842041488749,11,auss
27,AUSS_Cos2,Steering,-0.024999999999999998,0.9295289708192378,15,auss
27,AUSS_Cos2,ICL,-0.809173593712687,0.0002582912418359321,15,auss
27,AUSS_Cos2,GCG,-0.5212680981102976,0.04629836358406679,15,auss
27,AUSS_Cos2,MIA,0.2321428571428571,0.40509874069364893,15,auss
27,AUSS_Cos2,MIA_MinK,-0.27272727272727276,0.41714143714253127,11,auss
27,AUSS_Cos2,MIA_Ref,-0.1272727272727273,0.7092146257733047,11,auss
27,AUSS_Cos2,MIA_Hidden,0.36363636363636365,0.2716375409938228,11,auss
27,AUSS_Cos2,SPV_MIA,0.8721552111064962,0.0004634842041488749,11,auss
27,AUSS_Jac,Steering,-0.2678571428571428,0.3344436005123538,15,auss
27,AUSS_Jac,ICL,-0.5296408977028496,0.042301587285740905,15,auss
27,AUSS_Jac,GCG,-0.53694533414369,0.039029124506523294,15,auss
27,AUSS_Jac,MIA,0.22142857142857136,0.42771371901637,15,auss
27,AUSS_Jac,MIA_MinK,-0.4727272727272727,0.14199852020631992,11,auss
27,AUSS_Jac,MIA_Ref,0.2545454545454546,0.4500365768888285,11,auss
27,AUSS_Jac,MIA_Hidden,0.29090909090909095,0.38545696969136556,11,auss
27,AUSS_Jac,SPV_MIA,0.6986374204151514,0.016773475104816672,11,auss
27,Batch_Cov_Trace,Steering,-0.024999999999999998,0.9295289708192378,15,auss
27,Batch_Cov_Trace,ICL,-0.809173593712687,0.0002582912418359321,15,auss
27,Batch_Cov_Trace,GCG,-0.5212680981102976,0.04629836358406679,15,auss
27,Batch_Cov_Trace,MIA,0.2321428571428571,0.40509874069364893,15,auss
27,Batch_Cov_Trace,MIA_MinK,-0.27272727272727276,0.41714143714253127,11,auss
27,Batch_Cov_Trace,MIA_Ref,-0.1272727272727273,0.7092146257733047,11,auss
27,Batch_Cov_Trace,MIA_Hidden,0.36363636363636365,0.2716375409938228,11,auss
27,Batch_Cov_Trace,SPV_MIA,0.8721552111064962,0.0004634842041488749,11,auss
27,Batch_Cov_TopEig,Steering,0.0035714285714285704,0.9899214068809781,15,auss
27,Batch_Cov_TopEig,ICL,-0.8128516555022901,0.0002297637356263236,15,auss
27,Batch_Cov_TopEig,GCG,-0.24887612203010454,0.37107392728183275,15,auss
27,Batch_Cov_TopEig,MIA,0.2321428571428571,0.40509874069364893,15,auss
27,Batch_Cov_TopEig,MIA_MinK,-0.4272727272727273,0.189943724965427,11,auss
27,Batch_Cov_TopEig,MIA_Ref,-0.09090909090909091,0.7903727377532903,11,auss
27,Batch_Cov_TopEig,MIA_Hidden,0.22727272727272727,0.501535667604937,11,auss
27,Batch_Cov_TopEig,SPV_MIA,0.8447576652078628,0.0010654299269644606,11,auss
27,Reg_S_alpha_2,Steering,-0.25274725274725274,0.40477407127094656,13,entropy
27,Reg_S_alpha_2,ICL,0.011287551685861597,0.9708058191154869,13,entropy
27,Reg_S_alpha_2,GCG,-0.3062236009403811,0.3088809928202203,13,entropy
27,Reg_S_alpha_2,MIA,0.4010989010989011,0.17435746494503282,13,entropy
27,Reg_S_alpha_2,MIA_MinK,-0.25,0.5164895523012263,9,entropy
27,Reg_S_alpha_2,MIA_Ref,0.6666666666666667,0.04986723056888511,9,entropy
27,Reg_S_alpha_2,MIA_Hidden,0.26666666666666666,0.4879222748387009,9,entropy
27,Reg_S_alpha_2,SPV_MIA,0.19999999999999998,0.6059012741795533,9,entropy
27,Reg_MeanCos,Steering,0.25274725274725274,0.40477407127094656,13,entropy
27,Reg_MeanCos,ICL,-0.011287551685861597,0.9708058191154869,13,entropy
27,Reg_MeanCos,GCG,0.3062236009403811,0.3088809928202203,13,entropy
27,Reg_MeanCos,MIA,-0.4010989010989011,0.17435746494503282,13,entropy
27,Reg_MeanCos,MIA_MinK,0.25,0.5164895523012263,9,entropy
27,Reg_MeanCos,MIA_Ref,-0.6666666666666667,0.04986723056888511,9,entropy
27,Reg_MeanCos,MIA_Hidden,-0.26666666666666666,0.4879222748387009,9,entropy
27,Reg_MeanCos,SPV_MIA,-0.19999999999999998,0.6059012741795533,9,entropy
27,Reg_MeanL2,Steering,-0.20329670329670327,0.5053147342962486,13,entropy
27,Reg_MeanL2,ICL,0.10440985309421977,0.7342686591319911,13,entropy
27,Reg_MeanL2,GCG,-0.1212135087055675,0.6932378912046793,13,entropy
27,Reg_MeanL2,MIA,-0.0879120879120879,0.7751954088891221,13,entropy
27,Reg_MeanL2,MIA_MinK,0.7,0.03576957497026169,9,entropy
27,Reg_MeanL2,MIA_Ref,0.33333333333333337,0.38071318167686347,9,entropy
27,Reg_MeanL2,MIA_Hidden,-0.7,0.03576957497026169,9,entropy
27,Reg_MeanL2,SPV_MIA,0.5499999999999999,0.12497678418833198,9,entropy
27,AnonDiff_S_alpha_2,Steering,-0.14835164835164835,0.6286094178894162,13,entropy
27,AnonDiff_S_alpha_2,ICL,-0.629281006486784,0.021199965411415785,13,entropy
27,AnonDiff_S_alpha_2,GCG,-0.6698641270570836,0.012248599260139539,13,entropy
27,AnonDiff_S_alpha_2,MIA,-0.049450549450549455,0.8725444288811492,13,entropy
27,AnonDiff_S_alpha_2,MIA_MinK,-0.049999999999999996,0.8983528043506301,9,entropy
27,AnonDiff_S_alpha_2,MIA_Ref,-0.41666666666666663,0.26458604674749614,9,entropy
27,AnonDiff_S_alpha_2,MIA_Hidden,0.15,0.7000942309691419,9,entropy
27,AnonDiff_S_alpha_2,SPV_MIA,0.7999999999999999,0.00962792472537983,9,entropy
27,AnonDiff_MeanCos,Steering,0.20329670329670327,0.5053147342962486,13,entropy
27,AnonDiff_MeanCos,ICL,0.6631436615443688,0.01348533426775929,13,entropy
27,AnonDiff_MeanCos,GCG,0.5837387392926014,0.03621441814580157,13,entropy
27,AnonDiff_MeanCos,MIA,-0.2857142857142857,0.34400021825867,13,entropy
27,AnonDiff_MeanCos,MIA_MinK,-0.06666666666666667,0.8646897846262037,9,entropy
27,AnonDiff_MeanCos,MIA_Ref,0.016666666666666666,0.9660548039946861,9,entropy
27,AnonDiff_MeanCos,MIA_Hidden,0.016666666666666666,0.9660548039946861,9,entropy
27,AnonDiff_MeanCos,SPV_MIA,-0.9833333333333333,1.9361963037459243e-06,9,entropy
27,AnonDiff_MeanL2,Steering,-0.1758241758241758,0.5655798619595345,13,entropy
27,AnonDiff_MeanL2,ICL,0.19471026658111254,0.52383355993211,13,entropy
27,AnonDiff_MeanL2,GCG,-0.006379658352924605,0.9834974731813249,13,entropy
27,AnonDiff_MeanL2,MIA,-0.26373626373626374,0.3839365166506743,13,entropy
27,AnonDiff_MeanL2,MIA_MinK,0.3666666666666667,0.33173980143301507,9,entropy
27,AnonDiff_MeanL2,MIA_Ref,0.016666666666666666,0.9660548039946861,9,entropy
27,AnonDiff_MeanL2,MIA_Hidden,-0.75,0.019942126131992522,9,entropy
27,AnonDiff_MeanL2,SPV_MIA,0.21666666666666667,0.5755148957119259,9,entropy
27,NormAnonDiff_S_alpha_2,Steering,-0.12637362637362637,0.680785475070949,13,entropy
27,NormAnonDiff_S_alpha_2,ICL,-0.7167595320522113,0.0058346995361616555,13,entropy
27,NormAnonDiff_S_alpha_2,GCG,-0.6156370310572244,0.02509050947873708,13,entropy
27,NormAnonDiff_S_alpha_2,MIA,0.15384615384615383,0.6157988686488814,13,entropy
27,NormAnonDiff_S_alpha_2,MIA_MinK,-0.13333333333333333,0.7323675052362975,9,entropy
27,NormAnonDiff_S_alpha_2,MIA_Ref,-0.16666666666666669,0.668231040071504,9,entropy
27,NormAnonDiff_S_alpha_2,MIA_Hidden,0.13333333333333333,0.7323675052362975,9,entropy
27,NormAnonDiff_S_alpha_2,SPV_MIA,0.9,0.0009430623223403293,9,entropy
27,NormAnonDiff_MeanCos,Steering,0.20329670329670327,0.5053147342962486,13,entropy
27,NormAnonDiff_MeanCos,ICL,0.6631436615443688,0.01348533426775929,13,entropy
27,NormAnonDiff_MeanCos,GCG,0.5837387392926014,0.03621441814580157,13,entropy
27,NormAnonDiff_MeanCos,MIA,-0.2857142857142857,0.34400021825867,13,entropy
27,NormAnonDiff_MeanCos,MIA_MinK,-0.06666666666666667,0.8646897846262037,9,entropy
27,NormAnonDiff_MeanCos,MIA_Ref,0.016666666666666666,0.9660548039946861,9,entropy
27,NormAnonDiff_MeanCos,MIA_Hidden,0.016666666666666666,0.9660548039946861,9,entropy
27,NormAnonDiff_MeanCos,SPV_MIA,-0.9833333333333333,1.9361963037459243e-06,9,entropy
28,Centroid_Norm,Steering,0.08214285714285713,0.7710285652881772,15,auss
28,Centroid_Norm,ICL,0.6473388749701496,0.009084249136890429,15,auss
28,Centroid_Norm,GCG,0.32530264769289247,0.23676348205732933,15,auss
28,Centroid_Norm,MIA,-0.3107142857142856,0.2596673973372179,15,auss
28,Centroid_Norm,MIA_MinK,0.6727272727272727,0.023313039833185972,11,auss
28,Centroid_Norm,MIA_Ref,-0.16363636363636366,0.6306852146425357,11,auss
28,Centroid_Norm,MIA_Hidden,-0.6545454545454547,0.028864598957001886,11,auss
28,Centroid_Norm,SPV_MIA,-0.3287705507836007,0.32355371088548834,11,auss
28,Global_Coherence,Steering,0.08214285714285713,0.7710285652881772,15,auss
28,Global_Coherence,ICL,0.6473388749701496,0.009084249136890429,15,auss
28,Global_Coherence,GCG,0.32530264769289247,0.23676348205732933,15,auss
28,Global_Coherence,MIA,-0.3107142857142856,0.2596673973372179,15,auss
28,Global_Coherence,MIA_MinK,0.6727272727272727,0.023313039833185972,11,auss
28,Global_Coherence,MIA_Ref,-0.16363636363636366,0.6306852146425357,11,auss
28,Global_Coherence,MIA_Hidden,-0.6545454545454547,0.028864598957001886,11,auss
28,Global_Coherence,SPV_MIA,-0.3287705507836007,0.32355371088548834,11,auss
28,Batch_SecondMoment_TopEig,Steering,0.0857142857142857,0.7613341261907667,15,auss
28,Batch_SecondMoment_TopEig,ICL,0.6179143806533246,0.01409245937056775,15,auss
28,Batch_SecondMoment_TopEig,GCG,0.32530264769289247,0.23676348205732933,15,auss
28,Batch_SecondMoment_TopEig,MIA,-0.3214285714285714,0.24271904680166836,15,auss
28,Batch_SecondMoment_TopEig,MIA_MinK,0.6090909090909091,0.04669570935409886,11,auss
28,Batch_SecondMoment_TopEig,MIA_Ref,-0.18181818181818182,0.5926152128455,11,auss
28,Batch_SecondMoment_TopEig,MIA_Hidden,-0.690909090909091,0.018565033381595004,11,auss
28,Batch_SecondMoment_TopEig,SPV_MIA,-0.33790306608314513,0.30947476272949803,11,auss
28,AUSS_L2,Steering,-0.08214285714285713,0.7710285652881772,15,auss
28,AUSS_L2,ICL,-0.6473388749701496,0.009084249136890429,15,auss
28,AUSS_L2,GCG,-0.32530264769289247,0.23676348205732933,15,auss
28,AUSS_L2,MIA,0.3107142857142856,0.2596673973372179,15,auss
28,AUSS_L2,MIA_MinK,-0.6727272727272727,0.023313039833185972,11,auss
28,AUSS_L2,MIA_Ref,0.16363636363636366,0.6306852146425357,11,auss
28,AUSS_L2,MIA_Hidden,0.6545454545454547,0.028864598957001886,11,auss
28,AUSS_L2,SPV_MIA,0.3287705507836007,0.32355371088548834,11,auss
28,AUSS_Cos2,Steering,-0.0857142857142857,0.7613341261907667,15,auss
28,AUSS_Cos2,ICL,-0.6179143806533246,0.01409245937056775,15,auss
28,AUSS_Cos2,GCG,-0.32530264769289247,0.23676348205732933,15,auss
28,AUSS_Cos2,MIA,0.3214285714285714,0.24271904680166836,15,auss
28,AUSS_Cos2,MIA_MinK,-0.6090909090909091,0.04669570935409886,11,auss
28,AUSS_Cos2,MIA_Ref,0.18181818181818182,0.5926152128455,11,auss
28,AUSS_Cos2,MIA_Hidden,0.690909090909091,0.018565033381595004,11,auss
28,AUSS_Cos2,SPV_MIA,0.33790306608314513,0.30947476272949803,11,auss
28,AUSS_Jac,Steering,-0.17857142857142855,0.5242843600465525,15,auss
28,AUSS_Jac,ICL,-0.31263525211626547,0.25657712297201135,15,auss
28,AUSS_Jac,GCG,-0.14697408781305385,0.6011840538091588,15,auss
28,AUSS_Jac,MIA,0.1357142857142857,0.6296204418728145,15,auss
28,AUSS_Jac,MIA_MinK,-0.44545454545454555,0.16973260492681172,11,auss
28,AUSS_Jac,MIA_Ref,0.14545454545454548,0.6695786456420787,11,auss
28,AUSS_Jac,MIA_Hidden,0.4727272727272727,0.14199852020631992,11,auss
28,AUSS_Jac,SPV_MIA,-0.018265030599088926,0.9574917301763834,11,auss
28,Batch_Cov_Trace,Steering,-0.08214285714285713,0.7710285652881772,15,auss
28,Batch_Cov_Trace,ICL,-0.6473388749701496,0.009084249136890429,15,auss
28,Batch_Cov_Trace,GCG,-0.32530264769289247,0.23676348205732933,15,auss
28,Batch_Cov_Trace,MIA,0.3107142857142856,0.2596673973372179,15,auss
28,Batch_Cov_Trace,MIA_MinK,-0.6727272727272727,0.023313039833185972,11,auss
28,Batch_Cov_Trace,MIA_Ref,0.16363636363636366,0.6306852146425357,11,auss
28,Batch_Cov_Trace,MIA_Hidden,0.6545454545454547,0.028864598957001886,11,auss
28,Batch_Cov_Trace,SPV_MIA,0.3287705507836007,0.32355371088548834,11,auss
28,Batch_Cov_TopEig,Steering,-0.05714285714285713,0.8396998687415758,15,auss
28,Batch_Cov_TopEig,ICL,-0.8864128912943525,1.0781010604645082e-05,15,auss
28,Batch_Cov_TopEig,GCG,-0.45463984496837984,0.08863928866813116,15,auss
28,Batch_Cov_TopEig,MIA,0.2964285714285714,0.28335542843426287,15,auss
28,Batch_Cov_TopEig,MIA_MinK,-0.4909090909090909,0.12520440713849534,11,auss
28,Batch_Cov_TopEig,MIA_Ref,-0.009090909090909092,0.9788365001441937,11,auss
28,Batch_Cov_TopEig,MIA_Hidden,0.4272727272727273,0.189943724965427,11,auss
28,Batch_Cov_TopEig,SPV_MIA,0.8721552111064962,0.0004634842041488749,11,auss
28,Reg_S_alpha_2,Steering,-0.4010989010989011,0.17435746494503282,13,entropy
28,Reg_S_alpha_2,ICL,0.005643775842930798,0.9854008172348994,13,entropy
28,Reg_S_alpha_2,GCG,-0.4051083054107124,0.16968754271070755,13,entropy
28,Reg_S_alpha_2,MIA,0.3681318681318681,0.21585718064938147,13,entropy
28,Reg_S_alpha_2,MIA_MinK,0.2833333333333333,0.46003032896571994,9,entropy
28,Reg_S_alpha_2,MIA_Ref,0.5666666666666667,0.11163298761149111,9,entropy
28,Reg_S_alpha_2,MIA_Hidden,-0.2833333333333333,0.46003032896571994,9,entropy
28,Reg_S_alpha_2,SPV_MIA,0.8166666666666667,0.007224785246358786,9,entropy
28,Reg_MeanCos,Steering,0.4175824175824176,0.1556747536334745,13,entropy
28,Reg_MeanCos,ICL,-0.025396991293188592,0.9343640605547116,13,entropy
28,Reg_MeanCos,GCG,0.421057451293024,0.15190930067174221,13,entropy
28,Reg_MeanCos,MIA,-0.3626373626373627,0.22331572029248162,13,entropy
28,Reg_MeanCos,MIA_MinK,-0.06666666666666667,0.8646897846262037,9,entropy
28,Reg_MeanCos,MIA_Ref,-0.48333333333333334,0.18746985521554207,9,entropy
28,Reg_MeanCos,MIA_Hidden,0.11666666666666665,0.7650079429261462,9,entropy
28,Reg_MeanCos,SPV_MIA,-0.8499999999999999,0.0037047773275858133,9,entropy
28,Reg_MeanL2,Steering,-0.20329670329670327,0.5053147342962486,13,entropy
28,Reg_MeanL2,ICL,0.10440985309421977,0.7342686591319911,13,entropy
28,Reg_MeanL2,GCG,-0.1212135087055675,0.6932378912046793,13,entropy
28,Reg_MeanL2,MIA,-0.0879120879120879,0.7751954088891221,13,entropy
28,Reg_MeanL2,MIA_MinK,0.7,0.03576957497026169,9,entropy
28,Reg_MeanL2,MIA_Ref,0.33333333333333337,0.38071318167686347,9,entropy
28,Reg_MeanL2,MIA_Hidden,-0.7,0.03576957497026169,9,entropy
28,Reg_MeanL2,SPV_MIA,0.5499999999999999,0.12497678418833198,9,entropy
28,AnonDiff_S_alpha_2,Steering,-0.016483516483516484,0.9573761750901849,13,entropy
28,AnonDiff_S_alpha_2,ICL,-0.45714584327739466,0.11628766430577848,13,entropy
28,AnonDiff_S_alpha_2,GCG,-0.5167523265868931,0.07057706167096812,13,entropy
28,AnonDiff_S_alpha_2,MIA,0.0934065934065934,0.7615000227827016,13,entropy
28,AnonDiff_S_alpha_2,MIA_MinK,-0.5499999999999999,0.12497678418833198,9,entropy
28,AnonDiff_S_alpha_2,MIA_Ref,0.16666666666666669,0.668231040071504,9,entropy
28,AnonDiff_S_alpha_2,MIA_Hidden,0.5666666666666667,0.11163298761149111,9,entropy
28,AnonDiff_S_alpha_2,SPV_MIA,0.25,0.5164895523012263,9,entropy
28,AnonDiff_MeanCos,Steering,0.06043956043956044,0.8445023706449684,13,entropy
28,AnonDiff_MeanCos,ICL,0.6377466702511801,0.01902313630621417,13,entropy
28,AnonDiff_MeanCos,GCG,0.48485403482227,0.09309475134156509,13,entropy
28,AnonDiff_MeanCos,MIA,-0.3681318681318681,0.21585718064938147,13,entropy
28,AnonDiff_MeanCos,MIA_MinK,0.33333333333333337,0.38071318167686347,9,entropy
28,AnonDiff_MeanCos,MIA_Ref,-0.21666666666666667,0.5755148957119259,9,entropy
28,AnonDiff_MeanCos,MIA_Hidden,-0.35,0.35581957250178897,9,entropy
28,AnonDiff_MeanCos,SPV_MIA,-0.7166666666666667,0.029818035695845287,9,entropy
28,AnonDiff_MeanL2,Steering,-0.13736263736263735,0.6545168402947126,13,entropy
28,AnonDiff_MeanL2,ICL,0.19471026658111254,0.52383355993211,13,entropy
28,AnonDiff_MeanL2,GCG,0.03189829176462303,0.9176081366624986,13,entropy
28,AnonDiff_MeanL2,MIA,-0.3131868131868132,0.2974384220710292,13,entropy
28,AnonDiff_MeanL2,MIA_MinK,0.35,0.35581957250178897,9,entropy
28,AnonDiff_MeanL2,MIA_Ref,-0.049999999999999996,0.8983528043506301,9,entropy
28,AnonDiff_MeanL2,MIA_Hidden,-0.7999999999999999,0.00962792472537983,9,entropy
28,AnonDiff_MeanL2,SPV_MIA,0.11666666666666665,0.7650079429261462,9,entropy
28,NormAnonDiff_S_alpha_2,Steering,-0.0879120879120879,0.7751954088891221,13,entropy
28,NormAnonDiff_S_alpha_2,ICL,-0.42892696406274067,0.14360272443156472,13,entropy
28,NormAnonDiff_S_alpha_2,GCG,-0.46252523058703393,0.11150959630129112,13,entropy
28,NormAnonDiff_S_alpha_2,MIA,0.24725274725274726,0.4154051197255382,13,entropy
28,NormAnonDiff_S_alpha_2,MIA_MinK,-0.5833333333333334,0.09918581647988323,9,entropy
28,NormAnonDiff_S_alpha_2,MIA_Ref,0.21666666666666667,0.5755148957119259,9,entropy
28,NormAnonDiff_S_alpha_2,MIA_Hidden,0.6,0.0876228290414024,9,entropy
28,NormAnonDiff_S_alpha_2,SPV_MIA,0.2333333333333333,0.5456987782182727,9,entropy
28,NormAnonDiff_MeanCos,Steering,0.06043956043956044,0.8445023706449684,13,entropy
28,NormAnonDiff_MeanCos,ICL,0.6377466702511801,0.01902313630621417,13,entropy
28,NormAnonDiff_MeanCos,GCG,0.48485403482227,0.09309475134156509,13,entropy
28,NormAnonDiff_MeanCos,MIA,-0.3681318681318681,0.21585718064938147,13,entropy
28,NormAnonDiff_MeanCos,MIA_MinK,0.33333333333333337,0.38071318167686347,9,entropy
28,NormAnonDiff_MeanCos,MIA_Ref,-0.21666666666666667,0.5755148957119259,9,entropy
28,NormAnonDiff_MeanCos,MIA_Hidden,-0.35,0.35581957250178897,9,entropy
28,NormAnonDiff_MeanCos,SPV_MIA,-0.7166666666666667,0.029818035695845287,9,entropy
29,Centroid_Norm,Steering,0.20909090909090913,0.5372209352113229,11,auss
29,Centroid_Norm,ICL,0.8414522910076113,0.0011655114806765907,11,auss
29,Centroid_Norm,GCG,0.7248824356090755,0.01160943841409333,11,auss
29,Centroid_Norm,MIA,-0.26363636363636367,0.4334407376116145,11,auss
29,Centroid_Norm,MIA_MinK,0.4642857142857144,0.2939341076002517,7,auss
29,Centroid_Norm,MIA_Ref,0.07142857142857144,0.8790481931481541,7,auss
29,Centroid_Norm,MIA_Hidden,-0.3571428571428572,0.4316113520383278,7,auss
29,Centroid_Norm,SPV_MIA,-0.8571428571428573,0.01369732661532562,7,auss
29,Global_Coherence,Steering,0.20909090909090913,0.5372209352113229,11,auss
29,Global_Coherence,ICL,0.8414522910076113,0.0011655114806765907,11,auss
29,Global_Coherence,GCG,0.7248824356090755,0.01160943841409333,11,auss
29,Global_Coherence,MIA,-0.26363636363636367,0.4334407376116145,11,auss
29,Global_Coherence,MIA_MinK,0.4642857142857144,0.2939341076002517,7,auss
29,Global_Coherence,MIA_Ref,0.07142857142857144,0.8790481931481541,7,auss
29,Global_Coherence,MIA_Hidden,-0.3571428571428572,0.4316113520383278,7,auss
29,Global_Coherence,SPV_MIA,-0.8571428571428573,0.01369732661532562,7,auss
29,Batch_SecondMoment_TopEig,Steering,0.20909090909090913,0.5372209352113229,11,auss
29,Batch_SecondMoment_TopEig,ICL,0.8414522910076113,0.0011655114806765907,11,auss
29,Batch_SecondMoment_TopEig,GCG,0.7248824356090755,0.01160943841409333,11,auss
29,Batch_SecondMoment_TopEig,MIA,-0.26363636363636367,0.4334407376116145,11,auss
29,Batch_SecondMoment_TopEig,MIA_MinK,0.4642857142857144,0.2939341076002517,7,auss
29,Batch_SecondMoment_TopEig,MIA_Ref,0.07142857142857144,0.8790481931481541,7,auss
29,Batch_SecondMoment_TopEig,MIA_Hidden,-0.3571428571428572,0.4316113520383278,7,auss
29,Batch_SecondMoment_TopEig,SPV_MIA,-0.8571428571428573,0.01369732661532562,7,auss
29,AUSS_L2,Steering,-0.20909090909090913,0.5372209352113229,11,auss
29,AUSS_L2,ICL,-0.8414522910076113,0.0011655114806765907,11,auss
29,AUSS_L2,GCG,-0.7248824356090755,0.01160943841409333,11,auss
29,AUSS_L2,MIA,0.26363636363636367,0.4334407376116145,11,auss
29,AUSS_L2,MIA_MinK,-0.4642857142857144,0.2939341076002517,7,auss
29,AUSS_L2,MIA_Ref,-0.07142857142857144,0.8790481931481541,7,auss
29,AUSS_L2,MIA_Hidden,0.3571428571428572,0.4316113520383278,7,auss
29,AUSS_L2,SPV_MIA,0.8571428571428573,0.01369732661532562,7,auss
29,AUSS_Cos2,Steering,-0.21818181818181823,0.519248247554982,11,auss
29,AUSS_Cos2,ICL,-0.7947049415071886,0.003469994737030224,11,auss
29,AUSS_Cos2,GCG,-0.7248824356090755,0.01160943841409333,11,auss
29,AUSS_Cos2,MIA,0.29090909090909095,0.38545696969136556,11,auss
29,AUSS_Cos2,MIA_MinK,-0.3214285714285715,0.4820720382996776,7,auss
29,AUSS_Cos2,MIA_Ref,0.0,1.0,7,auss
29,AUSS_Cos2,MIA_Hidden,0.42857142857142866,0.337368311085824,7,auss
29,AUSS_Cos2,SPV_MIA,0.8928571428571429,0.006807187408935392,7,auss
29,AUSS_Jac,Steering,-0.3272727272727273,0.32589494101284167,11,auss
29,AUSS_Jac,ICL,-0.5142208445046514,0.10560900499736017,11,auss
29,AUSS_Jac,GCG,-0.8528028654224417,0.0008488413902346836,11,auss
29,AUSS_Jac,MIA,-0.045454545454545456,0.8944269969053026,11,auss
29,AUSS_Jac,MIA_MinK,-0.4642857142857144,0.2939341076002517,7,auss
29,AUSS_Jac,MIA_Ref,-0.21428571428571433,0.6445115810207203,7,auss
29,AUSS_Jac,MIA_Hidden,0.5714285714285715,0.1802019889115274,7,auss
29,AUSS_Jac,SPV_MIA,0.7500000000000002,0.05218140045705776,7,auss
29,Batch_Cov_Trace,Steering,-0.20909090909090913,0.5372209352113229,11,auss
29,Batch_Cov_Trace,ICL,-0.8414522910076113,0.0011655114806765907,11,auss
29,Batch_Cov_Trace,GCG,-0.7248824356090755,0.01160943841409333,11,auss
29,Batch_Cov_Trace,MIA,0.26363636363636367,0.4334407376116145,11,auss
29,Batch_Cov_Trace,MIA_MinK,-0.4642857142857144,0.2939341076002517,7,auss
29,Batch_Cov_Trace,MIA_Ref,-0.07142857142857144,0.8790481931481541,7,auss
29,Batch_Cov_Trace,MIA_Hidden,0.3571428571428572,0.4316113520383278,7,auss
29,Batch_Cov_Trace,SPV_MIA,0.8571428571428573,0.01369732661532562,7,auss
29,Batch_Cov_TopEig,Steering,-0.17272727272727276,0.6115423848512369,11,auss
29,Batch_Cov_TopEig,ICL,-0.8414522910076113,0.0011655114806765907,11,auss
29,Batch_Cov_TopEig,GCG,-0.6502621848846118,0.030296712857127952,11,auss
29,Batch_Cov_TopEig,MIA,0.30000000000000004,0.37008312228206786,11,auss
29,Batch_Cov_TopEig,MIA_MinK,-0.4642857142857144,0.2939341076002517,7,auss
29,Batch_Cov_TopEig,MIA_Ref,-0.07142857142857144,0.8790481931481541,7,auss
29,Batch_Cov_TopEig,MIA_Hidden,0.3571428571428572,0.4316113520383278,7,auss
29,Batch_Cov_TopEig,SPV_MIA,0.8571428571428573,0.01369732661532562,7,auss
29,Reg_S_alpha_2,Steering,-0.5818181818181819,0.060419896215648305,11,entropy
29,Reg_S_alpha_2,ICL,0.15894098830143774,0.640653588576902,11,entropy
29,Reg_S_alpha_2,GCG,-0.533001790889026,0.09136215335136665,11,entropy
29,Reg_S_alpha_2,MIA,0.3545454545454546,0.2846927409558867,11,entropy
29,Reg_S_alpha_2,MIA_MinK,0.14285714285714288,0.7599453002180929,7,entropy
29,Reg_S_alpha_2,MIA_Ref,0.642857142857143,0.11939237342741094,7,entropy
29,Reg_S_alpha_2,MIA_Hidden,0.0,1.0,7,entropy
29,Reg_S_alpha_2,SPV_MIA,0.8571428571428573,0.01369732661532562,7,entropy
29,Reg_MeanCos,Steering,0.5181818181818182,0.10249153979096383,11,entropy
29,Reg_MeanCos,ICL,-0.21503780770194514,0.5254349337887813,11,entropy
29,Reg_MeanCos,GCG,0.4797016118001235,0.1353978320448004,11,entropy
29,Reg_MeanCos,MIA,-0.30000000000000004,0.37008312228206786,11,entropy
29,Reg_MeanCos,MIA_MinK,-0.14285714285714288,0.7599453002180929,7,entropy
29,Reg_MeanCos,MIA_Ref,-0.642857142857143,0.11939237342741094,7,entropy
29,Reg_MeanCos,MIA_Hidden,0.0,1.0,7,entropy
29,Reg_MeanCos,SPV_MIA,-0.8571428571428573,0.01369732661532562,7,entropy
29,Reg_MeanL2,Steering,-0.28181818181818186,0.4011448979604785,11,entropy
29,Reg_MeanL2,ICL,0.196338867901776,0.5628540906862357,11,entropy
29,Reg_MeanL2,GCG,-0.1385804656311468,0.6844811856850563,11,entropy
29,Reg_MeanL2,MIA,0.009090909090909092,0.9788365001441937,11,entropy
29,Reg_MeanL2,MIA_MinK,0.6785714285714287,0.0937502539598313,7,entropy
29,Reg_MeanL2,MIA_Ref,0.8214285714285715,0.023448808345691505,7,entropy
29,Reg_MeanL2,MIA_Hidden,-0.5357142857142858,0.21521745567801273,7,entropy
29,Reg_MeanL2,SPV_MIA,0.42857142857142866,0.337368311085824,7,entropy
29,AnonDiff_S_alpha_2,Steering,-0.26363636363636367,0.4334407376116145,11,entropy
29,AnonDiff_S_alpha_2,ICL,-0.5609681940050742,0.07259430848422947,11,entropy
29,AnonDiff_S_alpha_2,GCG,-0.799502686333539,0.003142966286803483,11,entropy
29,AnonDiff_S_alpha_2,MIA,0.13636363636363638,0.6893090205863619,11,entropy
29,AnonDiff_S_alpha_2,MIA_MinK,-0.3571428571428572,0.4316113520383278,7,entropy
29,AnonDiff_S_alpha_2,MIA_Ref,0.10714285714285716,0.8191508555699912,7,entropy
29,AnonDiff_S_alpha_2,MIA_Hidden,0.5,0.25316999510032273,7,entropy
29,AnonDiff_S_alpha_2,SPV_MIA,0.8571428571428573,0.01369732661532562,7,entropy
29,AnonDiff_MeanCos,Steering,0.4000000000000001,0.22286835013352002,11,entropy
29,AnonDiff_MeanCos,ICL,0.5609681940050742,0.07259430848422947,11,entropy
29,AnonDiff_MeanCos,GCG,0.7568625430624171,0.007003261761163063,11,entropy
29,AnonDiff_MeanCos,MIA,-0.36363636363636365,0.2716375409938228,11,entropy
29,AnonDiff_MeanCos,MIA_MinK,0.14285714285714288,0.7599453002180929,7,entropy
29,AnonDiff_MeanCos,MIA_Ref,-0.28571428571428575,0.5345092286010406,7,entropy
29,AnonDiff_MeanCos,MIA_Hidden,-0.42857142857142866,0.337368311085824,7,entropy
29,AnonDiff_MeanCos,SPV_MIA,-0.9285714285714288,0.0025194724037946874,7,entropy
29,AnonDiff_MeanL2,Steering,-0.11818181818181818,0.72928477951978,11,entropy
29,AnonDiff_MeanL2,ICL,0.28983356690262174,0.38729669327696215,11,entropy
29,AnonDiff_MeanL2,GCG,0.12792042981336627,0.7077908339881653,11,entropy
29,AnonDiff_MeanL2,MIA,-0.28181818181818186,0.4011448979604785,11,entropy
29,AnonDiff_MeanL2,MIA_MinK,0.0,1.0,7,entropy
29,AnonDiff_MeanL2,MIA_Ref,0.1785714285714286,0.7016579425162729,7,entropy
29,AnonDiff_MeanL2,MIA_Hidden,-0.7142857142857144,0.07134356146753759,7,entropy
29,AnonDiff_MeanL2,SPV_MIA,-0.21428571428571433,0.6445115810207203,7,entropy
29,NormAnonDiff_S_alpha_2,Steering,-0.26363636363636367,0.4334407376116145,11,entropy
29,NormAnonDiff_S_alpha_2,ICL,-0.635763953205751,0.03551440366329618,11,entropy
29,NormAnonDiff_S_alpha_2,GCG,-0.7248824356090755,0.01160943841409333,11,entropy
29,NormAnonDiff_S_alpha_2,MIA,0.20909090909090913,0.5372209352113229,11,entropy
29,NormAnonDiff_S_alpha_2,MIA_MinK,-0.3571428571428572,0.4316113520383278,7,entropy
29,NormAnonDiff_S_alpha_2,MIA_Ref,0.10714285714285716,0.8191508555699912,7,entropy
29,NormAnonDiff_S_alpha_2,MIA_Hidden,0.5,0.25316999510032273,7,entropy
29,NormAnonDiff_S_alpha_2,SPV_MIA,0.8571428571428573,0.01369732661532562,7,entropy
29,NormAnonDiff_MeanCos,Steering,0.4000000000000001,0.22286835013352002,11,entropy
29,NormAnonDiff_MeanCos,ICL,0.5609681940050742,0.07259430848422947,11,entropy
29,NormAnonDiff_MeanCos,GCG,0.7568625430624171,0.007003261761163063,11,entropy
29,NormAnonDiff_MeanCos,MIA,-0.36363636363636365,0.2716375409938228,11,entropy
29,NormAnonDiff_MeanCos,MIA_MinK,0.14285714285714288,0.7599453002180929,7,entropy
29,NormAnonDiff_MeanCos,MIA_Ref,-0.28571428571428575,0.5345092286010406,7,entropy
29,NormAnonDiff_MeanCos,MIA_Hidden,-0.42857142857142866,0.337368311085824,7,entropy
29,NormAnonDiff_MeanCos,SPV_MIA,-0.9285714285714288,0.0025194724037946874,7,entropy
30,Centroid_Norm,Steering,0.33636363636363636,0.31182431390038623,11,auss
30,Centroid_Norm,ICL,0.8134038813073579,0.00232393822979137,11,auss
30,Centroid_Norm,GCG,0.7781826146979781,0.004791266985048339,11,auss
30,Centroid_Norm,MIA,-0.3272727272727273,0.32589494101284167,11,auss
30,Centroid_Norm,MIA_MinK,0.5,0.25316999510032273,7,auss
30,Centroid_Norm,MIA_Ref,-0.03571428571428572,0.9394082054712856,7,auss
30,Centroid_Norm,MIA_Hidden,-0.42857142857142866,0.337368311085824,7,auss
30,Centroid_Norm,SPV_MIA,-0.8214285714285715,0.023448808345691505,7,auss
30,Global_Coherence,Steering,0.33636363636363636,0.31182431390038623,11,auss
30,Global_Coherence,ICL,0.8134038813073579,0.00232393822979137,11,auss
30,Global_Coherence,GCG,0.7781826146979781,0.004791266985048339,11,auss
30,Global_Coherence,MIA,-0.3272727272727273,0.32589494101284167,11,auss
30,Global_Coherence,MIA_MinK,0.5,0.25316999510032273,7,auss
30,Global_Coherence,MIA_Ref,-0.03571428571428572,0.9394082054712856,7,auss
30,Global_Coherence,MIA_Hidden,-0.42857142857142866,0.337368311085824,7,auss
30,Global_Coherence,SPV_MIA,-0.8214285714285715,0.023448808345691505,7,auss
30,Batch_SecondMoment_TopEig,Steering,0.33636363636363636,0.31182431390038623,11,auss
30,Batch_SecondMoment_TopEig,ICL,0.8134038813073579,0.00232393822979137,11,auss
30,Batch_SecondMoment_TopEig,GCG,0.7781826146979781,0.004791266985048339,11,auss
30,Batch_SecondMoment_TopEig,MIA,-0.3272727272727273,0.32589494101284167,11,auss
30,Batch_SecondMoment_TopEig,MIA_MinK,0.5,0.25316999510032273,7,auss
30,Batch_SecondMoment_TopEig,MIA_Ref,-0.03571428571428572,0.9394082054712856,7,auss
30,Batch_SecondMoment_TopEig,MIA_Hidden,-0.42857142857142866,0.337368311085824,7,auss
30,Batch_SecondMoment_TopEig,SPV_MIA,-0.8214285714285715,0.023448808345691505,7,auss
30,AUSS_L2,Steering,-0.33636363636363636,0.31182431390038623,11,auss
30,AUSS_L2,ICL,-0.8134038813073579,0.00232393822979137,11,auss
30,AUSS_L2,GCG,-0.7781826146979781,0.004791266985048339,11,auss
30,AUSS_L2,MIA,0.3272727272727273,0.32589494101284167,11,auss
30,AUSS_L2,MIA_MinK,-0.5,0.25316999510032273,7,auss
30,AUSS_L2,MIA_Ref,0.03571428571428572,0.9394082054712856,7,auss
30,AUSS_L2,MIA_Hidden,0.42857142857142866,0.337368311085824,7,auss
30,AUSS_L2,SPV_MIA,0.8214285714285715,0.023448808345691505,7,auss
30,AUSS_Cos2,Steering,-0.33636363636363636,0.31182431390038623,11,auss
30,AUSS_Cos2,ICL,-0.8134038813073579,0.00232393822979137,11,auss
30,AUSS_Cos2,GCG,-0.7781826146979781,0.004791266985048339,11,auss
30,AUSS_Cos2,MIA,0.3272727272727273,0.32589494101284167,11,auss
30,AUSS_Cos2,MIA_MinK,-0.5,0.25316999510032273,7,auss
30,AUSS_Cos2,MIA_Ref,0.03571428571428572,0.9394082054712856,7,auss
30,AUSS_Cos2,MIA_Hidden,0.42857142857142866,0.337368311085824,7,auss
30,AUSS_Cos2,SPV_MIA,0.8214285714285715,0.023448808345691505,7,auss
30,AUSS_Jac,Steering,-0.26363636363636367,0.4334407376116145,11,auss
30,AUSS_Jac,ICL,-0.5422692542049051,0.08482435903696334,11,auss
30,AUSS_Jac,GCG,-0.7248824356090755,0.01160943841409333,11,auss
30,AUSS_Jac,MIA,-0.05454545454545456,0.8734465775233149,11,auss
30,AUSS_Jac,MIA_MinK,-0.8214285714285715,0.023448808345691505,7,auss
30,AUSS_Jac,MIA_Ref,-0.5,0.25316999510032273,7,auss
30,AUSS_Jac,MIA_Hidden,0.42857142857142866,0.337368311085824,7,auss
30,AUSS_Jac,SPV_MIA,0.5714285714285715,0.1802019889115274,7,auss
30,Batch_Cov_Trace,Steering,-0.33636363636363636,0.31182431390038623,11,auss
30,Batch_Cov_Trace,ICL,-0.8134038813073579,0.00232393822979137,11,auss
30,Batch_Cov_Trace,GCG,-0.7781826146979781,0.004791266985048339,11,auss
30,Batch_Cov_Trace,MIA,0.3272727272727273,0.32589494101284167,11,auss
30,Batch_Cov_Trace,MIA_MinK,-0.5,0.25316999510032273,7,auss
30,Batch_Cov_Trace,MIA_Ref,0.03571428571428572,0.9394082054712856,7,auss
30,Batch_Cov_Trace,MIA_Hidden,0.42857142857142866,0.337368311085824,7,auss
30,Batch_Cov_Trace,SPV_MIA,0.8214285714285715,0.023448808345691505,7,auss
30,Batch_Cov_TopEig,Steering,-0.23636363636363636,0.4840911622253965,11,auss
30,Batch_Cov_TopEig,ICL,-0.7947049415071886,0.003469994737030224,11,auss
30,Batch_Cov_TopEig,GCG,-0.6076220416134898,0.04737407199488998,11,auss
30,Batch_Cov_TopEig,MIA,0.41818181818181827,0.20057021703405067,11,auss
30,Batch_Cov_TopEig,MIA_MinK,-0.1785714285714286,0.7016579425162729,7,auss
30,Batch_Cov_TopEig,MIA_Ref,0.21428571428571433,0.6445115810207203,7,auss
30,Batch_Cov_TopEig,MIA_Hidden,0.14285714285714288,0.7599453002180929,7,auss
30,Batch_Cov_TopEig,SPV_MIA,0.9642857142857145,0.0004541491691941689,7,auss
30,Reg_S_alpha_2,Steering,-0.5818181818181819,0.060419896215648305,11,entropy
30,Reg_S_alpha_2,ICL,0.15894098830143774,0.640653588576902,11,entropy
30,Reg_S_alpha_2,GCG,-0.533001790889026,0.09136215335136665,11,entropy
30,Reg_S_alpha_2,MIA,0.3545454545454546,0.2846927409558867,11,entropy
30,Reg_S_alpha_2,MIA_MinK,0.14285714285714288,0.7599453002180929,7,entropy
30,Reg_S_alpha_2,MIA_Ref,0.642857142857143,0.11939237342741094,7,entropy
30,Reg_S_alpha_2,MIA_Hidden,0.0,1.0,7,entropy
30,Reg_S_alpha_2,SPV_MIA,0.8571428571428573,0.01369732661532562,7,entropy
30,Reg_MeanCos,Steering,0.5818181818181819,0.060419896215648305,11,entropy
30,Reg_MeanCos,ICL,-0.15894098830143774,0.640653588576902,11,entropy
30,Reg_MeanCos,GCG,0.533001790889026,0.09136215335136665,11,entropy
30,Reg_MeanCos,MIA,-0.3545454545454546,0.2846927409558867,11,entropy
30,Reg_MeanCos,MIA_MinK,-0.14285714285714288,0.7599453002180929,7,entropy
30,Reg_MeanCos,MIA_Ref,-0.642857142857143,0.11939237342741094,7,entropy
30,Reg_MeanCos,MIA_Hidden,0.0,1.0,7,entropy
30,Reg_MeanCos,SPV_MIA,-0.8571428571428573,0.01369732661532562,7,entropy
30,Reg_MeanL2,Steering,-0.28181818181818186,0.4011448979604785,11,entropy
30,Reg_MeanL2,ICL,0.196338867901776,0.5628540906862357,11,entropy
30,Reg_MeanL2,GCG,-0.1385804656311468,0.6844811856850563,11,entropy
30,Reg_MeanL2,MIA,0.009090909090909092,0.9788365001441937,11,entropy
30,Reg_MeanL2,MIA_MinK,0.6785714285714287,0.0937502539598313,7,entropy
30,Reg_MeanL2,MIA_Ref,0.8214285714285715,0.023448808345691505,7,entropy
30,Reg_MeanL2,MIA_Hidden,-0.5357142857142858,0.21521745567801273,7,entropy
30,Reg_MeanL2,SPV_MIA,0.42857142857142866,0.337368311085824,7,entropy
30,AnonDiff_S_alpha_2,Steering,-0.26363636363636367,0.4334407376116145,11,entropy
30,AnonDiff_S_alpha_2,ICL,-0.5609681940050742,0.07259430848422947,11,entropy
30,AnonDiff_S_alpha_2,GCG,-0.799502686333539,0.003142966286803483,11,entropy
30,AnonDiff_S_alpha_2,MIA,0.13636363636363638,0.6893090205863619,11,entropy
30,AnonDiff_S_alpha_2,MIA_MinK,-0.3571428571428572,0.4316113520383278,7,entropy
30,AnonDiff_S_alpha_2,MIA_Ref,0.10714285714285716,0.8191508555699912,7,entropy
30,AnonDiff_S_alpha_2,MIA_Hidden,0.5,0.25316999510032273,7,entropy
30,AnonDiff_S_alpha_2,SPV_MIA,0.8571428571428573,0.01369732661532562,7,entropy
30,AnonDiff_MeanCos,Steering,0.46363636363636374,0.15090149929248603,11,entropy
30,AnonDiff_MeanCos,ICL,0.6264144833056662,0.0391935601183597,11,entropy
30,AnonDiff_MeanCos,GCG,0.8101627221513197,0.002498694037745912,11,entropy
30,AnonDiff_MeanCos,MIA,-0.4272727272727273,0.189943724965427,11,entropy
30,AnonDiff_MeanCos,MIA_MinK,0.14285714285714288,0.7599453002180929,7,entropy
30,AnonDiff_MeanCos,MIA_Ref,-0.28571428571428575,0.5345092286010406,7,entropy
30,AnonDiff_MeanCos,MIA_Hidden,-0.42857142857142866,0.337368311085824,7,entropy
30,AnonDiff_MeanCos,SPV_MIA,-0.9285714285714288,0.0025194724037946874,7,entropy
30,AnonDiff_MeanL2,Steering,-0.14545454545454548,0.6695786456420787,11,entropy
30,AnonDiff_MeanL2,ICL,0.18698939800169143,0.5819486546099306,11,entropy
30,AnonDiff_MeanL2,GCG,0.053300179088902604,0.8763164400715588,11,entropy
30,AnonDiff_MeanL2,MIA,-0.30000000000000004,0.37008312228206786,11,entropy
30,AnonDiff_MeanL2,MIA_MinK,-0.21428571428571433,0.6445115810207203,7,entropy
30,AnonDiff_MeanL2,MIA_Ref,0.0,1.0,7,entropy
30,AnonDiff_MeanL2,MIA_Hidden,-0.642857142857143,0.11939237342741094,7,entropy
30,AnonDiff_MeanL2,SPV_MIA,-0.28571428571428575,0.5345092286010406,7,entropy
30,NormAnonDiff_S_alpha_2,Steering,-0.39090909090909093,0.23454006709519432,11,entropy
30,NormAnonDiff_S_alpha_2,ICL,-0.635763953205751,0.03551440366329618,11,entropy
30,NormAnonDiff_S_alpha_2,GCG,-0.8314827937868807,0.0015104142922796515,11,entropy
30,NormAnonDiff_S_alpha_2,MIA,0.22727272727272727,0.501535667604937,11,entropy
30,NormAnonDiff_S_alpha_2,MIA_MinK,-0.5,0.25316999510032273,7,entropy
30,NormAnonDiff_S_alpha_2,MIA_Ref,0.03571428571428572,0.9394082054712856,7,entropy
30,NormAnonDiff_S_alpha_2,MIA_Hidden,0.42857142857142866,0.337368311085824,7,entropy
30,NormAnonDiff_S_alpha_2,SPV_MIA,0.8214285714285715,0.023448808345691505,7,entropy
30,NormAnonDiff_MeanCos,Steering,0.46363636363636374,0.15090149929248603,11,entropy
30,NormAnonDiff_MeanCos,ICL,0.6264144833056662,0.0391935601183597,11,entropy
30,NormAnonDiff_MeanCos,GCG,0.8101627221513197,0.002498694037745912,11,entropy
30,NormAnonDiff_MeanCos,MIA,-0.4272727272727273,0.189943724965427,11,entropy
30,NormAnonDiff_MeanCos,MIA_MinK,0.14285714285714288,0.7599453002180929,7,entropy
30,NormAnonDiff_MeanCos,MIA_Ref,-0.28571428571428575,0.5345092286010406,7,entropy
30,NormAnonDiff_MeanCos,MIA_Hidden,-0.42857142857142866,0.337368311085824,7,entropy
30,NormAnonDiff_MeanCos,SPV_MIA,-0.9285714285714288,0.0025194724037946874,7,entropy
31,Centroid_Norm,Steering,0.5363636363636364,0.08895341813596276,11,auss
31,Centroid_Norm,ICL,0.5142208445046514,0.10560900499736017,11,auss
31,Centroid_Norm,GCG,0.7888426505157586,0.0039030474249257927,11,auss
31,Centroid_Norm,MIA,-0.44545454545454555,0.16973260492681172,11,auss
31,Centroid_Norm,MIA_MinK,-0.03571428571428572,0.9394082054712856,7,auss
31,Centroid_Norm,MIA_Ref,-0.5714285714285715,0.1802019889115274,7,auss
31,Centroid_Norm,MIA_Hidden,-0.21428571428571433,0.6445115810207203,7,auss
31,Centroid_Norm,SPV_MIA,-0.8928571428571429,0.006807187408935392,7,auss
31,Global_Coherence,Steering,0.5363636363636364,0.08895341813596276,11,auss
31,Global_Coherence,ICL,0.5142208445046514,0.10560900499736017,11,auss
31,Global_Coherence,GCG,0.7888426505157586,0.0039030474249257927,11,auss
31,Global_Coherence,MIA,-0.44545454545454555,0.16973260492681172,11,auss
31,Global_Coherence,MIA_MinK,-0.03571428571428572,0.9394082054712856,7,auss
31,Global_Coherence,MIA_Ref,-0.5714285714285715,0.1802019889115274,7,auss
31,Global_Coherence,MIA_Hidden,-0.21428571428571433,0.6445115810207203,7,auss
31,Global_Coherence,SPV_MIA,-0.8928571428571429,0.006807187408935392,7,auss
31,Batch_SecondMoment_TopEig,Steering,0.5363636363636364,0.08895341813596276,11,auss
31,Batch_SecondMoment_TopEig,ICL,0.5142208445046514,0.10560900499736017,11,auss
31,Batch_SecondMoment_TopEig,GCG,0.7888426505157586,0.0039030474249257927,11,auss
31,Batch_SecondMoment_TopEig,MIA,-0.44545454545454555,0.16973260492681172,11,auss
31,Batch_SecondMoment_TopEig,MIA_MinK,-0.03571428571428572,0.9394082054712856,7,auss
31,Batch_SecondMoment_TopEig,MIA_Ref,-0.5714285714285715,0.1802019889115274,7,auss
31,Batch_SecondMoment_TopEig,MIA_Hidden,-0.21428571428571433,0.6445115810207203,7,auss
31,Batch_SecondMoment_TopEig,SPV_MIA,-0.8928571428571429,0.006807187408935392,7,auss
31,AUSS_L2,Steering,-0.5363636363636364,0.08895341813596276,11,auss
31,AUSS_L2,ICL,-0.5142208445046514,0.10560900499736017,11,auss
31,AUSS_L2,GCG,-0.7888426505157586,0.0039030474249257927,11,auss
31,AUSS_L2,MIA,0.44545454545454555,0.16973260492681172,11,auss
31,AUSS_L2,MIA_MinK,0.03571428571428572,0.9394082054712856,7,auss
31,AUSS_L2,MIA_Ref,0.5714285714285715,0.1802019889115274,7,auss
31,AUSS_L2,MIA_Hidden,0.21428571428571433,0.6445115810207203,7,auss
31,AUSS_L2,SPV_MIA,0.8928571428571429,0.006807187408935392,7,auss
31,AUSS_Cos2,Steering,-0.5363636363636364,0.08895341813596276,11,auss
31,AUSS_Cos2,ICL,-0.5142208445046514,0.10560900499736017,11,auss
31,AUSS_Cos2,GCG,-0.7888426505157586,0.0039030474249257927,11,auss
31,AUSS_Cos2,MIA,0.44545454545454555,0.16973260492681172,11,auss
31,AUSS_Cos2,MIA_MinK,0.03571428571428572,0.9394082054712856,7,auss
31,AUSS_Cos2,MIA_Ref,0.5714285714285715,0.1802019889115274,7,auss
31,AUSS_Cos2,MIA_Hidden,0.21428571428571433,0.6445115810207203,7,auss
31,AUSS_Cos2,SPV_MIA,0.8928571428571429,0.006807187408935392,7,auss
31,AUSS_Jac,Steering,-0.3545454545454546,0.2846927409558867,11,auss
31,AUSS_Jac,ICL,-0.20568833780186058,0.5440130226468761,11,auss
31,AUSS_Jac,GCG,-0.6396021490668312,0.03407636163418574,11,auss
31,AUSS_Jac,MIA,-0.09090909090909091,0.7903727377532903,11,auss
31,AUSS_Jac,MIA_MinK,-0.3571428571428572,0.4316113520383278,7,auss
31,AUSS_Jac,MIA_Ref,0.28571428571428575,0.5345092286010406,7,auss
31,AUSS_Jac,MIA_Hidden,0.4642857142857144,0.2939341076002517,7,auss
31,AUSS_Jac,SPV_MIA,0.642857142857143,0.11939237342741094,7,auss
31,Batch_Cov_Trace,Steering,-0.5363636363636364,0.08895341813596276,11,auss
31,Batch_Cov_Trace,ICL,-0.5142208445046514,0.10560900499736017,11,auss
31,Batch_Cov_Trace,GCG,-0.7888426505157586,0.0039030474249257927,11,auss
31,Batch_Cov_Trace,MIA,0.44545454545454555,0.16973260492681172,11,auss
31,Batch_Cov_Trace,MIA_MinK,0.03571428571428572,0.9394082054712856,7,auss
31,Batch_Cov_Trace,MIA_Ref,0.5714285714285715,0.1802019889115274,7,auss
31,Batch_Cov_Trace,MIA_Hidden,0.21428571428571433,0.6445115810207203,7,auss
31,Batch_Cov_Trace,SPV_MIA,0.8928571428571429,0.006807187408935392,7,auss
31,Batch_Cov_TopEig,Steering,-0.4727272727272727,0.14199852020631992,11,auss
31,Batch_Cov_TopEig,ICL,-0.5142208445046514,0.10560900499736017,11,auss
31,Batch_Cov_TopEig,GCG,-0.7142223997912949,0.013542946482280393,11,auss
31,Batch_Cov_TopEig,MIA,0.4272727272727273,0.189943724965427,11,auss
31,Batch_Cov_TopEig,MIA_MinK,-0.10714285714285716,0.8191508555699912,7,auss
31,Batch_Cov_TopEig,MIA_Ref,0.5,0.25316999510032273,7,auss
31,Batch_Cov_TopEig,MIA_Hidden,0.14285714285714288,0.7599453002180929,7,auss
31,Batch_Cov_TopEig,SPV_MIA,0.8571428571428573,0.01369732661532562,7,auss
31,Reg_S_alpha_2,Steering,-0.6363636363636364,0.03528698122006228,11,entropy
31,Reg_S_alpha_2,ICL,0.11219363880101486,0.7425896139001371,11,entropy
31,Reg_S_alpha_2,GCG,-0.44772150434678193,0.16730966383050577,11,entropy
31,Reg_S_alpha_2,MIA,0.17272727272727276,0.6115423848512369,11,entropy
31,Reg_S_alpha_2,MIA_MinK,0.0,1.0,7,entropy
31,Reg_S_alpha_2,MIA_Ref,0.642857142857143,0.11939237342741094,7,entropy
31,Reg_S_alpha_2,MIA_Hidden,-0.25,0.5887244480896833,7,entropy
31,Reg_S_alpha_2,SPV_MIA,0.25,0.5887244480896833,7,entropy
31,Reg_MeanCos,Steering,0.6454545454545455,0.03196279932801745,11,entropy
31,Reg_MeanCos,ICL,-0.05609681940050743,0.8698732187874794,11,entropy
31,Reg_MeanCos,GCG,0.5543218625245872,0.076796270970063,11,entropy
31,Reg_MeanCos,MIA,-0.23636363636363636,0.4840911622253965,11,entropy
31,Reg_MeanCos,MIA_MinK,-0.1785714285714286,0.7016579425162729,7,entropy
31,Reg_MeanCos,MIA_Ref,-0.7857142857142859,0.03623846267982713,7,entropy
31,Reg_MeanCos,MIA_Hidden,0.07142857142857144,0.8790481931481541,7,entropy
31,Reg_MeanCos,SPV_MIA,-0.5714285714285715,0.1802019889115274,7,entropy
31,Reg_MeanL2,Steering,-0.14545454545454548,0.6695786456420787,11,entropy
31,Reg_MeanL2,ICL,0.14024204850126856,0.6808694969306186,11,entropy
31,Reg_MeanL2,GCG,-0.1385804656311468,0.6844811856850563,11,entropy
31,Reg_MeanL2,MIA,-0.11818181818181818,0.72928477951978,11,entropy
31,Reg_MeanL2,MIA_MinK,0.6071428571428572,0.1482311614811614,7,entropy
31,Reg_MeanL2,MIA_Ref,0.5357142857142858,0.21521745567801273,7,entropy
31,Reg_MeanL2,MIA_Hidden,-0.5357142857142858,0.21521745567801273,7,entropy
31,Reg_MeanL2,SPV_MIA,0.5357142857142858,0.21521745567801273,7,entropy
31,AnonDiff_S_alpha_2,Steering,-0.4909090909090909,0.12520440713849534,11,entropy
31,AnonDiff_S_alpha_2,ICL,-0.4674734950042285,0.1471022503890375,11,entropy
31,AnonDiff_S_alpha_2,GCG,-0.8101627221513197,0.002498694037745912,11,entropy
31,AnonDiff_S_alpha_2,MIA,0.3727272727272728,0.25892587368422215,11,entropy
31,AnonDiff_S_alpha_2,MIA_MinK,-0.03571428571428572,0.9394082054712856,7,entropy
31,AnonDiff_S_alpha_2,MIA_Ref,0.4642857142857144,0.2939341076002517,7,entropy
31,AnonDiff_S_alpha_2,MIA_Hidden,0.3571428571428572,0.4316113520383278,7,entropy
31,AnonDiff_S_alpha_2,SPV_MIA,0.8571428571428573,0.01369732661532562,7,entropy
31,AnonDiff_MeanCos,Steering,0.5636363636363637,0.07095173447637536,11,entropy
31,AnonDiff_MeanCos,ICL,0.5329197843048206,0.09142144126142822,11,entropy
31,AnonDiff_MeanCos,GCG,0.7888426505157586,0.0039030474249257927,11,entropy
31,AnonDiff_MeanCos,MIA,-0.4909090909090909,0.12520440713849534,11,entropy
31,AnonDiff_MeanCos,MIA_MinK,-0.03571428571428572,0.9394082054712856,7,entropy
31,AnonDiff_MeanCos,MIA_Ref,-0.5714285714285715,0.1802019889115274,7,entropy
31,AnonDiff_MeanCos,MIA_Hidden,-0.21428571428571433,0.6445115810207203,7,entropy
31,AnonDiff_MeanCos,SPV_MIA,-0.8928571428571429,0.006807187408935392,7,entropy
31,AnonDiff_MeanL2,Steering,-0.10000000000000002,0.7698749998921366,11,entropy
31,AnonDiff_MeanL2,ICL,0.196338867901776,0.5628540906862357,11,entropy
31,AnonDiff_MeanL2,GCG,0.031980107453341566,0.925632383401373,11,entropy
31,AnonDiff_MeanL2,MIA,-0.36363636363636365,0.2716375409938228,11,entropy
31,AnonDiff_MeanL2,MIA_MinK,-0.39285714285714296,0.38331687042697266,7,entropy
31,AnonDiff_MeanL2,MIA_Ref,-0.03571428571428572,0.9394082054712856,7,entropy
31,AnonDiff_MeanL2,MIA_Hidden,-0.4642857142857144,0.2939341076002517,7,entropy
31,AnonDiff_MeanL2,SPV_MIA,-0.1785714285714286,0.7016579425162729,7,entropy
31,NormAnonDiff_S_alpha_2,Steering,-0.46363636363636374,0.15090149929248603,11,entropy
31,NormAnonDiff_S_alpha_2,ICL,-0.6077155435054972,0.04733068940475784,11,entropy
31,NormAnonDiff_S_alpha_2,GCG,-0.8314827937868807,0.0015104142922796515,11,entropy
31,NormAnonDiff_S_alpha_2,MIA,0.30000000000000004,0.37008312228206786,11,entropy
31,NormAnonDiff_S_alpha_2,MIA_MinK,-0.39285714285714296,0.38331687042697266,7,entropy
31,NormAnonDiff_S_alpha_2,MIA_Ref,0.21428571428571433,0.6445115810207203,7,entropy
31,NormAnonDiff_S_alpha_2,MIA_Hidden,0.3571428571428572,0.4316113520383278,7,entropy
31,NormAnonDiff_S_alpha_2,SPV_MIA,0.7500000000000002,0.05218140045705776,7,entropy
31,NormAnonDiff_MeanCos,Steering,0.5636363636363637,0.07095173447637536,11,entropy
31,NormAnonDiff_MeanCos,ICL,0.5329197843048206,0.09142144126142822,11,entropy
31,NormAnonDiff_MeanCos,GCG,0.7888426505157586,0.0039030474249257927,11,entropy
31,NormAnonDiff_MeanCos,MIA,-0.4909090909090909,0.12520440713849534,11,entropy
31,NormAnonDiff_MeanCos,MIA_MinK,-0.03571428571428572,0.9394082054712856,7,entropy
31,NormAnonDiff_MeanCos,MIA_Ref,-0.5714285714285715,0.1802019889115274,7,entropy
31,NormAnonDiff_MeanCos,MIA_Hidden,-0.21428571428571433,0.6445115810207203,7,entropy
31,NormAnonDiff_MeanCos,SPV_MIA,-0.8928571428571429,0.006807187408935392,7,entropy
32,Centroid_Norm,Steering,0.33636363636363636,0.31182431390038623,11,auss
32,Centroid_Norm,ICL,0.5048713746045669,0.11321010223795468,11,auss
32,Centroid_Norm,GCG,0.8314827937868807,0.0015104142922796515,11,auss
32,Centroid_Norm,MIA,-0.11818181818181818,0.72928477951978,11,auss
32,Centroid_Norm,MIA_MinK,0.42857142857142866,0.337368311085824,7,auss
32,Centroid_Norm,MIA_Ref,0.14285714285714288,0.7599453002180929,7,auss
32,Centroid_Norm,MIA_Hidden,-0.6785714285714287,0.0937502539598313,7,auss
32,Centroid_Norm,SPV_MIA,-0.642857142857143,0.11939237342741094,7,auss
32,Global_Coherence,Steering,0.33636363636363636,0.31182431390038623,11,auss
32,Global_Coherence,ICL,0.5048713746045669,0.11321010223795468,11,auss
32,Global_Coherence,GCG,0.8314827937868807,0.0015104142922796515,11,auss
32,Global_Coherence,MIA,-0.11818181818181818,0.72928477951978,11,auss
32,Global_Coherence,MIA_MinK,0.42857142857142866,0.337368311085824,7,auss
32,Global_Coherence,MIA_Ref,0.14285714285714288,0.7599453002180929,7,auss
32,Global_Coherence,MIA_Hidden,-0.6785714285714287,0.0937502539598313,7,auss
32,Global_Coherence,SPV_MIA,-0.642857142857143,0.11939237342741094,7,auss
32,Batch_SecondMoment_TopEig,Steering,0.4000000000000001,0.22286835013352002,11,auss
32,Batch_SecondMoment_TopEig,ICL,0.47682296490431314,0.13809820746146095,11,auss
32,Batch_SecondMoment_TopEig,GCG,0.8314827937868807,0.0015104142922796515,11,auss
32,Batch_SecondMoment_TopEig,MIA,-0.17272727272727276,0.6115423848512369,11,auss
32,Batch_SecondMoment_TopEig,MIA_MinK,0.4642857142857144,0.2939341076002517,7,auss
32,Batch_SecondMoment_TopEig,MIA_Ref,0.03571428571428572,0.9394082054712856,7,auss
32,Batch_SecondMoment_TopEig,MIA_Hidden,-0.7500000000000002,0.05218140045705776,7,auss
32,Batch_SecondMoment_TopEig,SPV_MIA,-0.6071428571428572,0.1482311614811614,7,auss
32,AUSS_L2,Steering,-0.33636363636363636,0.31182431390038623,11,auss
32,AUSS_L2,ICL,-0.5048713746045669,0.11321010223795468,11,auss
32,AUSS_L2,GCG,-0.8314827937868807,0.0015104142922796515,11,auss
32,AUSS_L2,MIA,0.11818181818181818,0.72928477951978,11,auss
32,AUSS_L2,MIA_MinK,-0.42857142857142866,0.337368311085824,7,auss
32,AUSS_L2,MIA_Ref,-0.14285714285714288,0.7599453002180929,7,auss
32,AUSS_L2,MIA_Hidden,0.6785714285714287,0.0937502539598313,7,auss
32,AUSS_L2,SPV_MIA,0.642857142857143,0.11939237342741094,7,auss
32,AUSS_Cos2,Steering,-0.33636363636363636,0.31182431390038623,11,auss
32,AUSS_Cos2,ICL,-0.5048713746045669,0.11321010223795468,11,auss
32,AUSS_Cos2,GCG,-0.8314827937868807,0.0015104142922796515,11,auss
32,AUSS_Cos2,MIA,0.11818181818181818,0.72928477951978,11,auss
32,AUSS_Cos2,MIA_MinK,-0.42857142857142866,0.337368311085824,7,auss
32,AUSS_Cos2,MIA_Ref,-0.14285714285714288,0.7599453002180929,7,auss
32,AUSS_Cos2,MIA_Hidden,0.6785714285714287,0.0937502539598313,7,auss
32,AUSS_Cos2,SPV_MIA,0.642857142857143,0.11939237342741094,7,auss
32,AUSS_Jac,Steering,-0.15454545454545454,0.65003396549758,11,auss
32,AUSS_Jac,ICL,-0.8040544114072731,0.002854404333091117,11,auss
32,AUSS_Jac,GCG,-0.8528028654224417,0.0008488413902346836,11,auss
32,AUSS_Jac,MIA,0.10909090909090911,0.7495085962341482,11,auss
32,AUSS_Jac,MIA_MinK,-0.42857142857142866,0.337368311085824,7,auss
32,AUSS_Jac,MIA_Ref,-0.14285714285714288,0.7599453002180929,7,auss
32,AUSS_Jac,MIA_Hidden,0.6785714285714287,0.0937502539598313,7,auss
32,AUSS_Jac,SPV_MIA,0.642857142857143,0.11939237342741094,7,auss
32,Batch_Cov_Trace,Steering,-0.33636363636363636,0.31182431390038623,11,auss
32,Batch_Cov_Trace,ICL,-0.5048713746045669,0.11321010223795468,11,auss
32,Batch_Cov_Trace,GCG,-0.8314827937868807,0.0015104142922796515,11,auss
32,Batch_Cov_Trace,MIA,0.11818181818181818,0.72928477951978,11,auss
32,Batch_Cov_Trace,MIA_MinK,-0.42857142857142866,0.337368311085824,7,auss
32,Batch_Cov_Trace,MIA_Ref,-0.14285714285714288,0.7599453002180929,7,auss
32,Batch_Cov_Trace,MIA_Hidden,0.6785714285714287,0.0937502539598313,7,auss
32,Batch_Cov_Trace,SPV_MIA,0.642857142857143,0.11939237342741094,7,auss
32,Batch_Cov_TopEig,Steering,-0.3272727272727273,0.32589494101284167,11,auss
32,Batch_Cov_TopEig,ICL,-0.4674734950042285,0.1471022503890375,11,auss
32,Batch_Cov_TopEig,GCG,-0.5969620057957092,0.052501426133446244,11,auss
32,Batch_Cov_TopEig,MIA,0.11818181818181818,0.72928477951978,11,auss
32,Batch_Cov_TopEig,MIA_MinK,-0.42857142857142866,0.337368311085824,7,auss
32,Batch_Cov_TopEig,MIA_Ref,-0.07142857142857144,0.8790481931481541,7,auss
32,Batch_Cov_TopEig,MIA_Hidden,0.28571428571428575,0.5345092286010406,7,auss
32,Batch_Cov_TopEig,SPV_MIA,0.0,1.0,7,auss
32,Reg_S_alpha_2,Steering,-0.6090909090909091,0.04669570935409886,11,entropy
32,Reg_S_alpha_2,ICL,-0.14024204850126856,0.6808694969306186,11,entropy
32,Reg_S_alpha_2,GCG,-0.7248824356090755,0.01160943841409333,11,entropy
32,Reg_S_alpha_2,MIA,0.28181818181818186,0.4011448979604785,11,entropy
32,Reg_S_alpha_2,MIA_MinK,-0.3571428571428572,0.4316113520383278,7,entropy
32,Reg_S_alpha_2,MIA_Ref,0.14285714285714288,0.7599453002180929,7,entropy
32,Reg_S_alpha_2,MIA_Hidden,0.6785714285714287,0.0937502539598313,7,entropy
32,Reg_S_alpha_2,SPV_MIA,0.14285714285714288,0.7599453002180929,7,entropy
32,Reg_MeanCos,Steering,0.6272727272727273,0.03884525362035334,11,entropy
32,Reg_MeanCos,ICL,0.16829045820152227,0.620858690643392,11,entropy
32,Reg_MeanCos,GCG,0.8314827937868807,0.0015104142922796515,11,entropy
32,Reg_MeanCos,MIA,-0.3090909090909091,0.3550284397015071,11,entropy
32,Reg_MeanCos,MIA_MinK,0.28571428571428575,0.5345092286010406,7,entropy
32,Reg_MeanCos,MIA_Ref,-0.25,0.5887244480896833,7,entropy
32,Reg_MeanCos,MIA_Hidden,-0.7142857142857144,0.07134356146753759,7,entropy
32,Reg_MeanCos,SPV_MIA,-0.642857142857143,0.11939237342741094,7,entropy
32,Reg_MeanL2,Steering,-0.1272727272727273,0.7092146257733047,11,entropy
32,Reg_MeanL2,ICL,-0.08414522910076114,0.805702003879065,11,entropy
32,Reg_MeanL2,GCG,0.21320071635561041,0.5290641716818756,11,entropy
32,Reg_MeanL2,MIA,0.6272727272727273,0.03884525362035334,11,entropy
32,Reg_MeanL2,MIA_MinK,0.6785714285714287,0.0937502539598313,7,entropy
32,Reg_MeanL2,MIA_Ref,0.8214285714285715,0.023448808345691505,7,entropy
32,Reg_MeanL2,MIA_Hidden,-0.5357142857142858,0.21521745567801273,7,entropy
32,Reg_MeanL2,SPV_MIA,0.42857142857142866,0.337368311085824,7,entropy
32,AnonDiff_S_alpha_2,Steering,-0.5,0.11730680301423815,11,entropy
32,AnonDiff_S_alpha_2,ICL,-0.44877455520405946,0.16619144867017133,11,entropy
32,AnonDiff_S_alpha_2,GCG,-0.8314827937868807,0.0015104142922796515,11,entropy
32,AnonDiff_S_alpha_2,MIA,0.23636363636363636,0.4840911622253965,11,entropy
32,AnonDiff_S_alpha_2,MIA_MinK,-0.3571428571428572,0.4316113520383278,7,entropy
32,AnonDiff_S_alpha_2,MIA_Ref,0.14285714285714288,0.7599453002180929,7,entropy
32,AnonDiff_S_alpha_2,MIA_Hidden,0.6785714285714287,0.0937502539598313,7,entropy
32,AnonDiff_S_alpha_2,SPV_MIA,0.5357142857142858,0.21521745567801273,7,entropy
32,AnonDiff_MeanCos,Steering,0.44545454545454555,0.16973260492681172,11,entropy
32,AnonDiff_MeanCos,ICL,0.523570314404736,0.09834782458074524,11,entropy
32,AnonDiff_MeanCos,GCG,0.8314827937868807,0.0015104142922796515,11,entropy
32,AnonDiff_MeanCos,MIA,-0.2545454545454546,0.4500365768888285,11,entropy
32,AnonDiff_MeanCos,MIA_MinK,0.3214285714285715,0.4820720382996776,7,entropy
32,AnonDiff_MeanCos,MIA_Ref,-0.03571428571428572,0.9394082054712856,7,entropy
32,AnonDiff_MeanCos,MIA_Hidden,-0.8214285714285715,0.023448808345691505,7,entropy
32,AnonDiff_MeanCos,SPV_MIA,-0.642857142857143,0.11939237342741094,7,entropy
32,AnonDiff_MeanL2,Steering,0.07272727272727274,0.831716405381337,11,entropy
32,AnonDiff_MeanL2,ICL,-0.15894098830143774,0.640653588576902,11,entropy
32,AnonDiff_MeanL2,GCG,0.30914103871563514,0.3549463179961556,11,entropy
32,AnonDiff_MeanL2,MIA,0.24545454545454545,0.4669223669820163,11,entropy
32,AnonDiff_MeanL2,MIA_MinK,-0.42857142857142866,0.337368311085824,7,entropy
32,AnonDiff_MeanL2,MIA_Ref,0.0,1.0,7,entropy
32,AnonDiff_MeanL2,MIA_Hidden,-0.42857142857142866,0.337368311085824,7,entropy
32,AnonDiff_MeanL2,SPV_MIA,-0.10714285714285716,0.8191508555699912,7,entropy
32,NormAnonDiff_S_alpha_2,Steering,-0.38181818181818183,0.24655957577897006,11,entropy
32,NormAnonDiff_S_alpha_2,ICL,-0.523570314404736,0.09834782458074524,11,entropy
32,NormAnonDiff_S_alpha_2,GCG,-0.7781826146979781,0.004791266985048339,11,entropy
32,NormAnonDiff_S_alpha_2,MIA,0.10909090909090911,0.7495085962341482,11,entropy
32,NormAnonDiff_S_alpha_2,MIA_MinK,-0.642857142857143,0.11939237342741094,7,entropy
32,NormAnonDiff_S_alpha_2,MIA_Ref,-0.25,0.5887244480896833,7,entropy
32,NormAnonDiff_S_alpha_2,MIA_Hidden,0.7857142857142859,0.03623846267982713,7,entropy
32,NormAnonDiff_S_alpha_2,SPV_MIA,0.4642857142857144,0.2939341076002517,7,entropy
32,NormAnonDiff_MeanCos,Steering,0.44545454545454555,0.16973260492681172,11,entropy
32,NormAnonDiff_MeanCos,ICL,0.523570314404736,0.09834782458074524,11,entropy
32,NormAnonDiff_MeanCos,GCG,0.8314827937868807,0.0015104142922796515,11,entropy
32,NormAnonDiff_MeanCos,MIA,-0.2545454545454546,0.4500365768888285,11,entropy
32,NormAnonDiff_MeanCos,MIA_MinK,0.3214285714285715,0.4820720382996776,7,entropy
32,NormAnonDiff_MeanCos,MIA_Ref,-0.03571428571428572,0.9394082054712856,7,entropy
32,NormAnonDiff_MeanCos,MIA_Hidden,-0.8214285714285715,0.023448808345691505,7,entropy
32,NormAnonDiff_MeanCos,SPV_MIA,-0.642857142857143,0.11939237342741094,7,entropy
